2025-05-25 09:15:47.809 [background-preinit] INFO  o.h.validator.internal.util.Version - HV000001: Hibernate Validator 8.0.2.Final
2025-05-25 09:15:47.856 [restartedMain] INFO  c.c.carsharing.CarsharingApplication - Starting CarsharingApplication using Java 23.0.2 with PID 5520 (C:\PNAYAVU_sem2\Carsharing\target\classes started by topmo in C:\PNAYAVU_sem2\Carsharing)
2025-05-25 09:15:47.856 [restartedMain] INFO  c.c.carsharing.CarsharingApplication - No active profile set, falling back to 1 default profile: "default"
2025-05-25 09:15:47.947 [restartedMain] INFO  o.s.b.d.e.DevToolsPropertyDefaultsPostProcessor - Devtools property defaults active! Set 'spring.devtools.add-properties' to 'false' to disable
2025-05-25 09:15:47.947 [restartedMain] INFO  o.s.b.d.e.DevToolsPropertyDefaultsPostProcessor - For additional web related logging consider setting the 'logging.level.web' property to 'DEBUG'
2025-05-25 09:15:49.139 [restartedMain] INFO  o.s.d.r.c.RepositoryConfigurationDelegate - Bootstrapping Spring Data JPA repositories in DEFAULT mode.
2025-05-25 09:15:49.192 [restartedMain] INFO  o.s.d.r.c.RepositoryConfigurationDelegate - Finished Spring Data repository scanning in 45 ms. Found 3 JPA repository interfaces.
2025-05-25 09:15:49.931 [restartedMain] INFO  o.s.b.w.e.tomcat.TomcatWebServer - Tomcat initialized with port 8080 (http)
2025-05-25 09:15:49.948 [restartedMain] INFO  o.a.coyote.http11.Http11NioProtocol - Initializing ProtocolHandler ["http-nio-8080"]
2025-05-25 09:15:49.950 [restartedMain] INFO  o.a.catalina.core.StandardService - Starting service [Tomcat]
2025-05-25 09:15:49.951 [restartedMain] INFO  o.a.catalina.core.StandardEngine - Starting Servlet engine: [Apache Tomcat/10.1.34]
2025-05-25 09:15:50.007 [restartedMain] INFO  o.a.c.c.C.[Tomcat].[localhost].[/] - Initializing Spring embedded WebApplicationContext
2025-05-25 09:15:50.007 [restartedMain] INFO  o.s.b.w.s.c.ServletWebServerApplicationContext - Root WebApplicationContext: initialization completed in 2059 ms
2025-05-25 09:15:50.257 [restartedMain] INFO  o.h.jpa.internal.util.LogHelper - HHH000204: Processing PersistenceUnitInfo [name: default]
2025-05-25 09:15:50.338 [restartedMain] INFO  org.hibernate.Version - HHH000412: Hibernate ORM core version 6.6.5.Final
2025-05-25 09:15:50.386 [restartedMain] INFO  o.h.c.i.RegionFactoryInitiator - HHH000026: Second-level cache disabled
2025-05-25 09:15:50.677 [restartedMain] INFO  o.s.o.j.p.SpringPersistenceUnitInfo - No LoadTimeWeaver setup: ignoring JPA class transformer
2025-05-25 09:15:50.709 [restartedMain] INFO  com.zaxxer.hikari.HikariDataSource - HikariPool-1 - Starting...
2025-05-25 09:15:50.825 [restartedMain] INFO  com.zaxxer.hikari.pool.HikariPool - HikariPool-1 - Added connection com.mysql.cj.jdbc.ConnectionImpl@228df1e0
2025-05-25 09:15:50.826 [restartedMain] INFO  com.zaxxer.hikari.HikariDataSource - HikariPool-1 - Start completed.
2025-05-25 09:15:50.865 [restartedMain] WARN  org.hibernate.orm.deprecation - HHH90000025: MySQL8Dialect does not need to be specified explicitly using 'hibernate.dialect' (remove the property setting and it will be selected by default)
2025-05-25 09:15:50.866 [restartedMain] WARN  org.hibernate.orm.deprecation - HHH90000026: MySQL8Dialect has been deprecated; use org.hibernate.dialect.MySQLDialect instead
2025-05-25 09:15:50.881 [restartedMain] INFO  o.hibernate.orm.connections.pooling - HHH10001005: Database info:
	Database JDBC URL [Connecting through datasource 'HikariDataSource (HikariPool-1)']
	Database driver: undefined/unknown
	Database version: 8.0
	Autocommit mode: undefined/unknown
	Isolation level: undefined/unknown
	Minimum pool size: undefined/unknown
	Maximum pool size: undefined/unknown
2025-05-25 09:15:51.942 [restartedMain] INFO  o.h.e.t.j.p.i.JtaPlatformInitiator - HHH000489: No JTA platform available (set 'hibernate.transaction.jta.platform' to enable JTA platform integration)
2025-05-25 09:15:52.013 [restartedMain] INFO  o.s.o.j.LocalContainerEntityManagerFactoryBean - Initialized JPA EntityManagerFactory for persistence unit 'default'
2025-05-25 09:15:52.411 [restartedMain] INFO  o.s.d.j.r.query.QueryEnhancerFactory - Hibernate is in classpath; If applicable, HQL parser will be used.
2025-05-25 09:15:53.115 [restartedMain] INFO  o.s.s.c.a.a.c.InitializeUserDetailsBeanManagerConfigurer$InitializeUserDetailsManagerConfigurer - Global AuthenticationManager configured with UserDetailsService bean with name customUserDetailService
2025-05-25 09:15:53.982 [restartedMain] WARN  o.s.b.a.o.j.JpaBaseConfiguration$JpaWebConfiguration - spring.jpa.open-in-view is enabled by default. Therefore, database queries may be performed during view rendering. Explicitly configure spring.jpa.open-in-view to disable this warning
2025-05-25 09:15:54.949 [restartedMain] INFO  o.s.b.d.a.OptionalLiveReloadServer - LiveReload server is running on port 35729
2025-05-25 09:15:54.970 [restartedMain] INFO  o.a.coyote.http11.Http11NioProtocol - Starting ProtocolHandler ["http-nio-8080"]
2025-05-25 09:15:54.981 [restartedMain] INFO  o.s.b.w.e.tomcat.TomcatWebServer - Tomcat started on port 8080 (http) with context path '/'
2025-05-25 09:15:54.988 [restartedMain] INFO  c.c.carsharing.CarsharingApplication - Started CarsharingApplication in 7.648 seconds (process running for 11.336)
2025-05-25 09:17:35.215 [http-nio-8080-exec-1] INFO  o.a.c.c.C.[Tomcat].[localhost].[/] - Initializing Spring DispatcherServlet 'dispatcherServlet'
2025-05-25 09:17:35.215 [http-nio-8080-exec-1] INFO  o.s.web.servlet.DispatcherServlet - Initializing Servlet 'dispatcherServlet'
2025-05-25 09:17:35.216 [http-nio-8080-exec-1] INFO  o.s.web.servlet.DispatcherServlet - Completed initialization in 1 ms
2025-05-25 09:17:35.316 [http-nio-8080-exec-4] ERROR o.a.c.c.C.[.[.[.[dispatcherServlet] - Servlet.service() for servlet [dispatcherServlet] in context with path [] threw exceptionio.jsonwebtoken.security.SignatureException: JWT signature does not match locally computed signature. JWT validity cannot be asserted and should not be trusted.
	at io.jsonwebtoken.impl.DefaultJwtParser.parse(DefaultJwtParser.java:399)

2025-05-25 09:22:31.617 [http-nio-8080-exec-8] INFO  c.c.carsharing.cache.LruCache - Cache add: Added item with key 2 to cache 
2025-05-25 09:27:17.975 [File Watcher] INFO  o.s.b.d.a.LocalDevToolsAutoConfiguration$RestartingClassPathChangeChangedEventListener - Restarting due to 1 class path change (0 additions, 1 deletion, 0 modifications)
2025-05-25 09:27:17.979 [Thread-5] INFO  o.s.b.w.e.tomcat.GracefulShutdown - Commencing graceful shutdown. Waiting for active requests to complete
2025-05-25 09:27:17.982 [tomcat-shutdown] INFO  o.a.coyote.http11.Http11NioProtocol - Pausing ProtocolHandler ["http-nio-8080"]
2025-05-25 09:27:17.999 [tomcat-shutdown] INFO  o.s.b.w.e.tomcat.GracefulShutdown - Graceful shutdown complete
2025-05-25 09:27:17.999 [Thread-5] INFO  o.a.coyote.http11.Http11NioProtocol - Stopping ProtocolHandler ["http-nio-8080"]
2025-05-25 09:27:18.004 [Thread-5] INFO  o.s.o.j.LocalContainerEntityManagerFactoryBean - Closing JPA EntityManagerFactory for persistence unit 'default'
2025-05-25 09:27:18.009 [Thread-5] INFO  com.zaxxer.hikari.HikariDataSource - HikariPool-1 - Shutdown initiated...
2025-05-25 09:27:18.032 [Thread-5] INFO  com.zaxxer.hikari.HikariDataSource - HikariPool-1 - Shutdown completed.
2025-05-25 09:27:18.113 [restartedMain] INFO  c.c.carsharing.CarsharingApplication - Starting CarsharingApplication using Java 23.0.2 with PID 5520 (C:\PNAYAVU_sem2\Carsharing\target\classes started by topmo in C:\PNAYAVU_sem2\Carsharing)
2025-05-25 09:27:18.113 [restartedMain] INFO  c.c.carsharing.CarsharingApplication - No active profile set, falling back to 1 default profile: "default"
2025-05-25 09:27:18.340 [restartedMain] INFO  o.s.d.r.c.RepositoryConfigurationDelegate - Bootstrapping Spring Data JPA repositories in DEFAULT mode.
2025-05-25 09:27:18.354 [restartedMain] INFO  o.s.d.r.c.RepositoryConfigurationDelegate - Finished Spring Data repository scanning in 13 ms. Found 3 JPA repository interfaces.
2025-05-25 09:27:18.542 [restartedMain] INFO  o.s.b.w.e.tomcat.TomcatWebServer - Tomcat initialized with port 8080 (http)
2025-05-25 09:27:18.543 [restartedMain] INFO  o.a.coyote.http11.Http11NioProtocol - Initializing ProtocolHandler ["http-nio-8080"]
2025-05-25 09:27:18.543 [restartedMain] INFO  o.a.catalina.core.StandardService - Starting service [Tomcat]
2025-05-25 09:27:18.543 [restartedMain] INFO  o.a.catalina.core.StandardEngine - Starting Servlet engine: [Apache Tomcat/10.1.34]
2025-05-25 09:27:18.563 [restartedMain] INFO  o.a.c.c.C.[Tomcat].[localhost].[/] - Initializing Spring embedded WebApplicationContext
2025-05-25 09:27:18.564 [restartedMain] INFO  o.s.b.w.s.c.ServletWebServerApplicationContext - Root WebApplicationContext: initialization completed in 449 ms
2025-05-25 09:27:18.684 [restartedMain] INFO  o.h.jpa.internal.util.LogHelper - HHH000204: Processing PersistenceUnitInfo [name: default]
2025-05-25 09:27:18.687 [restartedMain] INFO  o.h.c.i.RegionFactoryInitiator - HHH000026: Second-level cache disabled
2025-05-25 09:27:18.696 [restartedMain] INFO  o.s.o.j.p.SpringPersistenceUnitInfo - No LoadTimeWeaver setup: ignoring JPA class transformer
2025-05-25 09:27:18.698 [restartedMain] INFO  com.zaxxer.hikari.HikariDataSource - HikariPool-2 - Starting...
2025-05-25 09:27:18.702 [restartedMain] INFO  com.zaxxer.hikari.pool.HikariPool - HikariPool-2 - Added connection com.mysql.cj.jdbc.ConnectionImpl@119618eb
2025-05-25 09:27:18.702 [restartedMain] INFO  com.zaxxer.hikari.HikariDataSource - HikariPool-2 - Start completed.
2025-05-25 09:27:18.703 [restartedMain] WARN  org.hibernate.orm.deprecation - HHH90000025: MySQL8Dialect does not need to be specified explicitly using 'hibernate.dialect' (remove the property setting and it will be selected by default)
2025-05-25 09:27:18.703 [restartedMain] WARN  org.hibernate.orm.deprecation - HHH90000026: MySQL8Dialect has been deprecated; use org.hibernate.dialect.MySQLDialect instead
2025-05-25 09:27:18.704 [restartedMain] INFO  o.hibernate.orm.connections.pooling - HHH10001005: Database info:
	Database JDBC URL [Connecting through datasource 'HikariDataSource (HikariPool-2)']
	Database driver: undefined/unknown
	Database version: 8.0
	Autocommit mode: undefined/unknown
	Isolation level: undefined/unknown
	Minimum pool size: undefined/unknown
	Maximum pool size: undefined/unknown
2025-05-25 09:27:18.821 [restartedMain] INFO  o.h.e.t.j.p.i.JtaPlatformInitiator - HHH000489: No JTA platform available (set 'hibernate.transaction.jta.platform' to enable JTA platform integration)
2025-05-25 09:27:18.853 [restartedMain] INFO  o.s.o.j.LocalContainerEntityManagerFactoryBean - Initialized JPA EntityManagerFactory for persistence unit 'default'
2025-05-25 09:27:19.079 [restartedMain] INFO  o.s.s.c.a.a.c.InitializeUserDetailsBeanManagerConfigurer$InitializeUserDetailsManagerConfigurer - Global AuthenticationManager configured with UserDetailsService bean with name customUserDetailService
2025-05-25 09:27:19.270 [restartedMain] WARN  o.s.b.a.o.j.JpaBaseConfiguration$JpaWebConfiguration - spring.jpa.open-in-view is enabled by default. Therefore, database queries may be performed during view rendering. Explicitly configure spring.jpa.open-in-view to disable this warning
2025-05-25 09:27:19.795 [restartedMain] INFO  o.s.b.d.a.OptionalLiveReloadServer - LiveReload server is running on port 35729
2025-05-25 09:27:19.805 [restartedMain] INFO  o.a.coyote.http11.Http11NioProtocol - Starting ProtocolHandler ["http-nio-8080"]
2025-05-25 09:27:19.808 [restartedMain] INFO  o.s.b.w.e.tomcat.TomcatWebServer - Tomcat started on port 8080 (http) with context path '/'
2025-05-25 09:27:19.811 [restartedMain] INFO  c.c.carsharing.CarsharingApplication - Started CarsharingApplication in 1.724 seconds (process running for 696.159)
2025-05-25 09:27:19.812 [restartedMain] INFO  o.s.b.d.a.ConditionEvaluationDeltaLoggingListener - Condition evaluation unchanged
2025-05-25 09:27:21.232 [File Watcher] INFO  o.s.b.d.a.LocalDevToolsAutoConfiguration$RestartingClassPathChangeChangedEventListener - Restarting due to 1 class path change (1 addition, 0 deletions, 0 modifications)
2025-05-25 09:27:21.233 [Thread-7] INFO  o.s.b.w.e.tomcat.GracefulShutdown - Commencing graceful shutdown. Waiting for active requests to complete
2025-05-25 09:27:21.234 [tomcat-shutdown] INFO  o.a.coyote.http11.Http11NioProtocol - Pausing ProtocolHandler ["http-nio-8080"]
2025-05-25 09:27:21.247 [tomcat-shutdown] INFO  o.s.b.w.e.tomcat.GracefulShutdown - Graceful shutdown complete
2025-05-25 09:27:21.247 [Thread-7] INFO  o.a.coyote.http11.Http11NioProtocol - Stopping ProtocolHandler ["http-nio-8080"]
2025-05-25 09:27:21.250 [Thread-7] INFO  o.s.o.j.LocalContainerEntityManagerFactoryBean - Closing JPA EntityManagerFactory for persistence unit 'default'
2025-05-25 09:27:21.250 [Thread-7] INFO  com.zaxxer.hikari.HikariDataSource - HikariPool-2 - Shutdown initiated...
2025-05-25 09:27:21.252 [Thread-7] INFO  com.zaxxer.hikari.HikariDataSource - HikariPool-2 - Shutdown completed.
2025-05-25 09:27:21.331 [restartedMain] INFO  c.c.carsharing.CarsharingApplication - Starting CarsharingApplication using Java 23.0.2 with PID 5520 (C:\PNAYAVU_sem2\Carsharing\target\classes started by topmo in C:\PNAYAVU_sem2\Carsharing)
2025-05-25 09:27:21.331 [restartedMain] INFO  c.c.carsharing.CarsharingApplication - No active profile set, falling back to 1 default profile: "default"
2025-05-25 09:27:21.483 [restartedMain] INFO  o.s.d.r.c.RepositoryConfigurationDelegate - Bootstrapping Spring Data JPA repositories in DEFAULT mode.
2025-05-25 09:27:21.493 [restartedMain] INFO  o.s.d.r.c.RepositoryConfigurationDelegate - Finished Spring Data repository scanning in 10 ms. Found 3 JPA repository interfaces.
2025-05-25 09:27:21.636 [restartedMain] INFO  o.s.b.w.e.tomcat.TomcatWebServer - Tomcat initialized with port 8080 (http)
2025-05-25 09:27:21.637 [restartedMain] INFO  o.a.coyote.http11.Http11NioProtocol - Initializing ProtocolHandler ["http-nio-8080"]
2025-05-25 09:27:21.637 [restartedMain] INFO  o.a.catalina.core.StandardService - Starting service [Tomcat]
2025-05-25 09:27:21.637 [restartedMain] INFO  o.a.catalina.core.StandardEngine - Starting Servlet engine: [Apache Tomcat/10.1.34]
2025-05-25 09:27:21.650 [restartedMain] INFO  o.a.c.c.C.[Tomcat].[localhost].[/] - Initializing Spring embedded WebApplicationContext
2025-05-25 09:27:21.650 [restartedMain] INFO  o.s.b.w.s.c.ServletWebServerApplicationContext - Root WebApplicationContext: initialization completed in 318 ms
2025-05-25 09:27:21.747 [restartedMain] INFO  o.h.jpa.internal.util.LogHelper - HHH000204: Processing PersistenceUnitInfo [name: default]
2025-05-25 09:27:21.750 [restartedMain] INFO  o.h.c.i.RegionFactoryInitiator - HHH000026: Second-level cache disabled
2025-05-25 09:27:21.758 [restartedMain] INFO  o.s.o.j.p.SpringPersistenceUnitInfo - No LoadTimeWeaver setup: ignoring JPA class transformer
2025-05-25 09:27:21.758 [restartedMain] INFO  com.zaxxer.hikari.HikariDataSource - HikariPool-3 - Starting...
2025-05-25 09:27:21.761 [restartedMain] INFO  com.zaxxer.hikari.pool.HikariPool - HikariPool-3 - Added connection com.mysql.cj.jdbc.ConnectionImpl@3bd6402b
2025-05-25 09:27:21.761 [restartedMain] INFO  com.zaxxer.hikari.HikariDataSource - HikariPool-3 - Start completed.
2025-05-25 09:27:21.762 [restartedMain] WARN  org.hibernate.orm.deprecation - HHH90000025: MySQL8Dialect does not need to be specified explicitly using 'hibernate.dialect' (remove the property setting and it will be selected by default)
2025-05-25 09:27:21.762 [restartedMain] WARN  org.hibernate.orm.deprecation - HHH90000026: MySQL8Dialect has been deprecated; use org.hibernate.dialect.MySQLDialect instead
2025-05-25 09:27:21.762 [restartedMain] INFO  o.hibernate.orm.connections.pooling - HHH10001005: Database info:
	Database JDBC URL [Connecting through datasource 'HikariDataSource (HikariPool-3)']
	Database driver: undefined/unknown
	Database version: 8.0
	Autocommit mode: undefined/unknown
	Isolation level: undefined/unknown
	Minimum pool size: undefined/unknown
	Maximum pool size: undefined/unknown
2025-05-25 09:27:21.832 [restartedMain] INFO  o.h.e.t.j.p.i.JtaPlatformInitiator - HHH000489: No JTA platform available (set 'hibernate.transaction.jta.platform' to enable JTA platform integration)
2025-05-25 09:27:21.859 [restartedMain] INFO  o.s.o.j.LocalContainerEntityManagerFactoryBean - Initialized JPA EntityManagerFactory for persistence unit 'default'
2025-05-25 09:27:22.072 [restartedMain] INFO  o.s.s.c.a.a.c.InitializeUserDetailsBeanManagerConfigurer$InitializeUserDetailsManagerConfigurer - Global AuthenticationManager configured with UserDetailsService bean with name customUserDetailService
2025-05-25 09:27:22.250 [restartedMain] WARN  o.s.b.a.o.j.JpaBaseConfiguration$JpaWebConfiguration - spring.jpa.open-in-view is enabled by default. Therefore, database queries may be performed during view rendering. Explicitly configure spring.jpa.open-in-view to disable this warning
2025-05-25 09:27:22.777 [restartedMain] INFO  o.s.b.d.a.OptionalLiveReloadServer - LiveReload server is running on port 35729
2025-05-25 09:27:22.787 [restartedMain] INFO  o.a.coyote.http11.Http11NioProtocol - Starting ProtocolHandler ["http-nio-8080"]
2025-05-25 09:27:22.789 [restartedMain] INFO  o.s.b.w.e.tomcat.TomcatWebServer - Tomcat started on port 8080 (http) with context path '/'
2025-05-25 09:27:22.791 [restartedMain] INFO  c.c.carsharing.CarsharingApplication - Started CarsharingApplication in 1.486 seconds (process running for 699.139)
2025-05-25 09:27:22.792 [restartedMain] INFO  o.s.b.d.a.ConditionEvaluationDeltaLoggingListener - Condition evaluation unchanged
2025-05-25 09:27:53.830 [File Watcher] INFO  o.s.b.d.a.LocalDevToolsAutoConfiguration$RestartingClassPathChangeChangedEventListener - Restarting due to 1 class path change (0 additions, 1 deletion, 0 modifications)
2025-05-25 09:27:53.831 [Thread-11] INFO  o.s.b.w.e.tomcat.GracefulShutdown - Commencing graceful shutdown. Waiting for active requests to complete
2025-05-25 09:27:53.832 [tomcat-shutdown] INFO  o.a.coyote.http11.Http11NioProtocol - Pausing ProtocolHandler ["http-nio-8080"]
2025-05-25 09:27:53.844 [tomcat-shutdown] INFO  o.s.b.w.e.tomcat.GracefulShutdown - Graceful shutdown complete
2025-05-25 09:27:53.845 [Thread-11] INFO  o.a.coyote.http11.Http11NioProtocol - Stopping ProtocolHandler ["http-nio-8080"]
2025-05-25 09:27:53.846 [Thread-11] INFO  o.s.o.j.LocalContainerEntityManagerFactoryBean - Closing JPA EntityManagerFactory for persistence unit 'default'
2025-05-25 09:27:53.847 [Thread-11] INFO  com.zaxxer.hikari.HikariDataSource - HikariPool-3 - Shutdown initiated...
2025-05-25 09:27:53.848 [Thread-11] INFO  com.zaxxer.hikari.HikariDataSource - HikariPool-3 - Shutdown completed.
2025-05-25 09:27:53.909 [restartedMain] INFO  c.c.carsharing.CarsharingApplication - Starting CarsharingApplication using Java 23.0.2 with PID 5520 (C:\PNAYAVU_sem2\Carsharing\target\classes started by topmo in C:\PNAYAVU_sem2\Carsharing)
2025-05-25 09:27:53.909 [restartedMain] INFO  c.c.carsharing.CarsharingApplication - No active profile set, falling back to 1 default profile: "default"
2025-05-25 09:27:54.057 [restartedMain] INFO  o.s.d.r.c.RepositoryConfigurationDelegate - Bootstrapping Spring Data JPA repositories in DEFAULT mode.
2025-05-25 09:27:54.067 [restartedMain] INFO  o.s.d.r.c.RepositoryConfigurationDelegate - Finished Spring Data repository scanning in 9 ms. Found 3 JPA repository interfaces.
2025-05-25 09:27:54.205 [restartedMain] INFO  o.s.b.w.e.tomcat.TomcatWebServer - Tomcat initialized with port 8080 (http)
2025-05-25 09:27:54.206 [restartedMain] INFO  o.a.coyote.http11.Http11NioProtocol - Initializing ProtocolHandler ["http-nio-8080"]
2025-05-25 09:27:54.206 [restartedMain] INFO  o.a.catalina.core.StandardService - Starting service [Tomcat]
2025-05-25 09:27:54.206 [restartedMain] INFO  o.a.catalina.core.StandardEngine - Starting Servlet engine: [Apache Tomcat/10.1.34]
2025-05-25 09:27:54.226 [restartedMain] INFO  o.a.c.c.C.[Tomcat].[localhost].[/] - Initializing Spring embedded WebApplicationContext
2025-05-25 09:27:54.226 [restartedMain] INFO  o.s.b.w.s.c.ServletWebServerApplicationContext - Root WebApplicationContext: initialization completed in 316 ms
2025-05-25 09:27:54.335 [restartedMain] INFO  o.h.jpa.internal.util.LogHelper - HHH000204: Processing PersistenceUnitInfo [name: default]
2025-05-25 09:27:54.339 [restartedMain] INFO  o.h.c.i.RegionFactoryInitiator - HHH000026: Second-level cache disabled
2025-05-25 09:27:54.353 [restartedMain] INFO  o.s.o.j.p.SpringPersistenceUnitInfo - No LoadTimeWeaver setup: ignoring JPA class transformer
2025-05-25 09:27:54.353 [restartedMain] INFO  com.zaxxer.hikari.HikariDataSource - HikariPool-4 - Starting...
2025-05-25 09:27:54.358 [restartedMain] INFO  com.zaxxer.hikari.pool.HikariPool - HikariPool-4 - Added connection com.mysql.cj.jdbc.ConnectionImpl@39ff699
2025-05-25 09:27:54.358 [restartedMain] INFO  com.zaxxer.hikari.HikariDataSource - HikariPool-4 - Start completed.
2025-05-25 09:27:54.359 [restartedMain] WARN  org.hibernate.orm.deprecation - HHH90000025: MySQL8Dialect does not need to be specified explicitly using 'hibernate.dialect' (remove the property setting and it will be selected by default)
2025-05-25 09:27:54.359 [restartedMain] WARN  org.hibernate.orm.deprecation - HHH90000026: MySQL8Dialect has been deprecated; use org.hibernate.dialect.MySQLDialect instead
2025-05-25 09:27:54.359 [restartedMain] INFO  o.hibernate.orm.connections.pooling - HHH10001005: Database info:
	Database JDBC URL [Connecting through datasource 'HikariDataSource (HikariPool-4)']
	Database driver: undefined/unknown
	Database version: 8.0
	Autocommit mode: undefined/unknown
	Isolation level: undefined/unknown
	Minimum pool size: undefined/unknown
	Maximum pool size: undefined/unknown
2025-05-25 09:27:54.449 [restartedMain] INFO  o.h.e.t.j.p.i.JtaPlatformInitiator - HHH000489: No JTA platform available (set 'hibernate.transaction.jta.platform' to enable JTA platform integration)
2025-05-25 09:27:54.470 [restartedMain] INFO  o.s.o.j.LocalContainerEntityManagerFactoryBean - Initialized JPA EntityManagerFactory for persistence unit 'default'
2025-05-25 09:27:54.700 [restartedMain] INFO  o.s.s.c.a.a.c.InitializeUserDetailsBeanManagerConfigurer$InitializeUserDetailsManagerConfigurer - Global AuthenticationManager configured with UserDetailsService bean with name customUserDetailService
2025-05-25 09:27:54.903 [restartedMain] WARN  o.s.b.a.o.j.JpaBaseConfiguration$JpaWebConfiguration - spring.jpa.open-in-view is enabled by default. Therefore, database queries may be performed during view rendering. Explicitly configure spring.jpa.open-in-view to disable this warning
2025-05-25 09:27:55.498 [restartedMain] INFO  o.s.b.d.a.OptionalLiveReloadServer - LiveReload server is running on port 35729
2025-05-25 09:27:55.513 [restartedMain] INFO  o.a.coyote.http11.Http11NioProtocol - Starting ProtocolHandler ["http-nio-8080"]
2025-05-25 09:27:55.516 [restartedMain] INFO  o.s.b.w.e.tomcat.TomcatWebServer - Tomcat started on port 8080 (http) with context path '/'
2025-05-25 09:27:55.518 [restartedMain] INFO  c.c.carsharing.CarsharingApplication - Started CarsharingApplication in 1.629 seconds (process running for 731.866)
2025-05-25 09:27:55.519 [restartedMain] INFO  o.s.b.d.a.ConditionEvaluationDeltaLoggingListener - Condition evaluation unchanged
2025-05-25 09:27:56.927 [File Watcher] INFO  o.s.b.d.a.LocalDevToolsAutoConfiguration$RestartingClassPathChangeChangedEventListener - Restarting due to 1 class path change (1 addition, 0 deletions, 0 modifications)
2025-05-25 09:27:56.928 [Thread-15] INFO  o.s.b.w.e.tomcat.GracefulShutdown - Commencing graceful shutdown. Waiting for active requests to complete
2025-05-25 09:27:56.928 [tomcat-shutdown] INFO  o.a.coyote.http11.Http11NioProtocol - Pausing ProtocolHandler ["http-nio-8080"]
2025-05-25 09:27:56.941 [tomcat-shutdown] INFO  o.s.b.w.e.tomcat.GracefulShutdown - Graceful shutdown complete
2025-05-25 09:27:56.941 [Thread-15] INFO  o.a.coyote.http11.Http11NioProtocol - Stopping ProtocolHandler ["http-nio-8080"]
2025-05-25 09:27:56.943 [Thread-15] INFO  o.s.o.j.LocalContainerEntityManagerFactoryBean - Closing JPA EntityManagerFactory for persistence unit 'default'
2025-05-25 09:27:56.943 [Thread-15] INFO  com.zaxxer.hikari.HikariDataSource - HikariPool-4 - Shutdown initiated...
2025-05-25 09:27:56.944 [Thread-15] INFO  com.zaxxer.hikari.HikariDataSource - HikariPool-4 - Shutdown completed.
2025-05-25 09:27:57.001 [restartedMain] INFO  c.c.carsharing.CarsharingApplication - Starting CarsharingApplication using Java 23.0.2 with PID 5520 (C:\PNAYAVU_sem2\Carsharing\target\classes started by topmo in C:\PNAYAVU_sem2\Carsharing)
2025-05-25 09:27:57.002 [restartedMain] INFO  c.c.carsharing.CarsharingApplication - No active profile set, falling back to 1 default profile: "default"
2025-05-25 09:27:57.133 [restartedMain] INFO  o.s.d.r.c.RepositoryConfigurationDelegate - Bootstrapping Spring Data JPA repositories in DEFAULT mode.
2025-05-25 09:27:57.144 [restartedMain] INFO  o.s.d.r.c.RepositoryConfigurationDelegate - Finished Spring Data repository scanning in 9 ms. Found 3 JPA repository interfaces.
2025-05-25 09:27:57.281 [restartedMain] INFO  o.s.b.w.e.tomcat.TomcatWebServer - Tomcat initialized with port 8080 (http)
2025-05-25 09:27:57.282 [restartedMain] INFO  o.a.coyote.http11.Http11NioProtocol - Initializing ProtocolHandler ["http-nio-8080"]
2025-05-25 09:27:57.282 [restartedMain] INFO  o.a.catalina.core.StandardService - Starting service [Tomcat]
2025-05-25 09:27:57.282 [restartedMain] INFO  o.a.catalina.core.StandardEngine - Starting Servlet engine: [Apache Tomcat/10.1.34]
2025-05-25 09:27:57.293 [restartedMain] INFO  o.a.c.c.C.[Tomcat].[localhost].[/] - Initializing Spring embedded WebApplicationContext
2025-05-25 09:27:57.293 [restartedMain] INFO  o.s.b.w.s.c.ServletWebServerApplicationContext - Root WebApplicationContext: initialization completed in 290 ms
2025-05-25 09:27:57.383 [restartedMain] INFO  o.h.jpa.internal.util.LogHelper - HHH000204: Processing PersistenceUnitInfo [name: default]
2025-05-25 09:27:57.384 [restartedMain] INFO  o.h.c.i.RegionFactoryInitiator - HHH000026: Second-level cache disabled
2025-05-25 09:27:57.391 [restartedMain] INFO  o.s.o.j.p.SpringPersistenceUnitInfo - No LoadTimeWeaver setup: ignoring JPA class transformer
2025-05-25 09:27:57.392 [restartedMain] INFO  com.zaxxer.hikari.HikariDataSource - HikariPool-5 - Starting...
2025-05-25 09:27:57.396 [restartedMain] INFO  com.zaxxer.hikari.pool.HikariPool - HikariPool-5 - Added connection com.mysql.cj.jdbc.ConnectionImpl@49b53c4c
2025-05-25 09:27:57.396 [restartedMain] INFO  com.zaxxer.hikari.HikariDataSource - HikariPool-5 - Start completed.
2025-05-25 09:27:57.397 [restartedMain] WARN  org.hibernate.orm.deprecation - HHH90000025: MySQL8Dialect does not need to be specified explicitly using 'hibernate.dialect' (remove the property setting and it will be selected by default)
2025-05-25 09:27:57.397 [restartedMain] WARN  org.hibernate.orm.deprecation - HHH90000026: MySQL8Dialect has been deprecated; use org.hibernate.dialect.MySQLDialect instead
2025-05-25 09:27:57.397 [restartedMain] INFO  o.hibernate.orm.connections.pooling - HHH10001005: Database info:
	Database JDBC URL [Connecting through datasource 'HikariDataSource (HikariPool-5)']
	Database driver: undefined/unknown
	Database version: 8.0
	Autocommit mode: undefined/unknown
	Isolation level: undefined/unknown
	Minimum pool size: undefined/unknown
	Maximum pool size: undefined/unknown
2025-05-25 09:27:57.455 [restartedMain] INFO  o.h.e.t.j.p.i.JtaPlatformInitiator - HHH000489: No JTA platform available (set 'hibernate.transaction.jta.platform' to enable JTA platform integration)
2025-05-25 09:27:57.474 [restartedMain] INFO  o.s.o.j.LocalContainerEntityManagerFactoryBean - Initialized JPA EntityManagerFactory for persistence unit 'default'
2025-05-25 09:27:57.675 [restartedMain] INFO  o.s.s.c.a.a.c.InitializeUserDetailsBeanManagerConfigurer$InitializeUserDetailsManagerConfigurer - Global AuthenticationManager configured with UserDetailsService bean with name customUserDetailService
2025-05-25 09:27:57.847 [restartedMain] WARN  o.s.b.a.o.j.JpaBaseConfiguration$JpaWebConfiguration - spring.jpa.open-in-view is enabled by default. Therefore, database queries may be performed during view rendering. Explicitly configure spring.jpa.open-in-view to disable this warning
2025-05-25 09:27:58.353 [restartedMain] INFO  o.s.b.d.a.OptionalLiveReloadServer - LiveReload server is running on port 35729
2025-05-25 09:27:58.362 [restartedMain] INFO  o.a.coyote.http11.Http11NioProtocol - Starting ProtocolHandler ["http-nio-8080"]
2025-05-25 09:27:58.364 [restartedMain] INFO  o.s.b.w.e.tomcat.TomcatWebServer - Tomcat started on port 8080 (http) with context path '/'
2025-05-25 09:27:58.366 [restartedMain] INFO  c.c.carsharing.CarsharingApplication - Started CarsharingApplication in 1.383 seconds (process running for 734.715)
2025-05-25 09:27:58.367 [restartedMain] INFO  o.s.b.d.a.ConditionEvaluationDeltaLoggingListener - Condition evaluation unchanged
2025-05-25 09:28:32.332 [File Watcher] INFO  o.s.b.d.a.LocalDevToolsAutoConfiguration$RestartingClassPathChangeChangedEventListener - Restarting due to 1 class path change (0 additions, 1 deletion, 0 modifications)
2025-05-25 09:28:32.333 [Thread-19] INFO  o.s.b.w.e.tomcat.GracefulShutdown - Commencing graceful shutdown. Waiting for active requests to complete
2025-05-25 09:28:32.334 [tomcat-shutdown] INFO  o.a.coyote.http11.Http11NioProtocol - Pausing ProtocolHandler ["http-nio-8080"]
2025-05-25 09:28:32.348 [tomcat-shutdown] INFO  o.s.b.w.e.tomcat.GracefulShutdown - Graceful shutdown complete
2025-05-25 09:28:32.349 [Thread-19] INFO  o.a.coyote.http11.Http11NioProtocol - Stopping ProtocolHandler ["http-nio-8080"]
2025-05-25 09:28:32.351 [Thread-19] INFO  o.s.o.j.LocalContainerEntityManagerFactoryBean - Closing JPA EntityManagerFactory for persistence unit 'default'
2025-05-25 09:28:32.351 [Thread-19] INFO  com.zaxxer.hikari.HikariDataSource - HikariPool-5 - Shutdown initiated...
2025-05-25 09:28:32.353 [Thread-19] INFO  com.zaxxer.hikari.HikariDataSource - HikariPool-5 - Shutdown completed.
2025-05-25 09:28:32.426 [restartedMain] INFO  c.c.carsharing.CarsharingApplication - Starting CarsharingApplication using Java 23.0.2 with PID 5520 (C:\PNAYAVU_sem2\Carsharing\target\classes started by topmo in C:\PNAYAVU_sem2\Carsharing)
2025-05-25 09:28:32.426 [restartedMain] INFO  c.c.carsharing.CarsharingApplication - No active profile set, falling back to 1 default profile: "default"
2025-05-25 09:28:32.649 [restartedMain] INFO  o.s.d.r.c.RepositoryConfigurationDelegate - Bootstrapping Spring Data JPA repositories in DEFAULT mode.
2025-05-25 09:28:32.672 [restartedMain] INFO  o.s.d.r.c.RepositoryConfigurationDelegate - Finished Spring Data repository scanning in 21 ms. Found 3 JPA repository interfaces.
2025-05-25 09:28:32.849 [restartedMain] INFO  o.s.b.w.e.tomcat.TomcatWebServer - Tomcat initialized with port 8080 (http)
2025-05-25 09:28:32.850 [restartedMain] INFO  o.a.coyote.http11.Http11NioProtocol - Initializing ProtocolHandler ["http-nio-8080"]
2025-05-25 09:28:32.850 [restartedMain] INFO  o.a.catalina.core.StandardService - Starting service [Tomcat]
2025-05-25 09:28:32.850 [restartedMain] INFO  o.a.catalina.core.StandardEngine - Starting Servlet engine: [Apache Tomcat/10.1.34]
2025-05-25 09:28:32.868 [restartedMain] INFO  o.a.c.c.C.[Tomcat].[localhost].[/] - Initializing Spring embedded WebApplicationContext
2025-05-25 09:28:32.868 [restartedMain] INFO  o.s.b.w.s.c.ServletWebServerApplicationContext - Root WebApplicationContext: initialization completed in 440 ms
2025-05-25 09:28:32.944 [restartedMain] INFO  o.h.jpa.internal.util.LogHelper - HHH000204: Processing PersistenceUnitInfo [name: default]
2025-05-25 09:28:32.946 [restartedMain] INFO  o.h.c.i.RegionFactoryInitiator - HHH000026: Second-level cache disabled
2025-05-25 09:28:32.958 [restartedMain] INFO  o.s.o.j.p.SpringPersistenceUnitInfo - No LoadTimeWeaver setup: ignoring JPA class transformer
2025-05-25 09:28:32.959 [restartedMain] INFO  com.zaxxer.hikari.HikariDataSource - HikariPool-6 - Starting...
2025-05-25 09:28:32.963 [restartedMain] INFO  com.zaxxer.hikari.pool.HikariPool - HikariPool-6 - Added connection com.mysql.cj.jdbc.ConnectionImpl@29c9fb3f
2025-05-25 09:28:32.963 [restartedMain] INFO  com.zaxxer.hikari.HikariDataSource - HikariPool-6 - Start completed.
2025-05-25 09:28:32.964 [restartedMain] WARN  org.hibernate.orm.deprecation - HHH90000025: MySQL8Dialect does not need to be specified explicitly using 'hibernate.dialect' (remove the property setting and it will be selected by default)
2025-05-25 09:28:32.964 [restartedMain] WARN  org.hibernate.orm.deprecation - HHH90000026: MySQL8Dialect has been deprecated; use org.hibernate.dialect.MySQLDialect instead
2025-05-25 09:28:32.964 [restartedMain] INFO  o.hibernate.orm.connections.pooling - HHH10001005: Database info:
	Database JDBC URL [Connecting through datasource 'HikariDataSource (HikariPool-6)']
	Database driver: undefined/unknown
	Database version: 8.0
	Autocommit mode: undefined/unknown
	Isolation level: undefined/unknown
	Minimum pool size: undefined/unknown
	Maximum pool size: undefined/unknown
2025-05-25 09:28:33.038 [restartedMain] INFO  o.h.e.t.j.p.i.JtaPlatformInitiator - HHH000489: No JTA platform available (set 'hibernate.transaction.jta.platform' to enable JTA platform integration)
2025-05-25 09:28:33.071 [restartedMain] INFO  o.s.o.j.LocalContainerEntityManagerFactoryBean - Initialized JPA EntityManagerFactory for persistence unit 'default'
2025-05-25 09:28:33.314 [restartedMain] INFO  o.s.s.c.a.a.c.InitializeUserDetailsBeanManagerConfigurer$InitializeUserDetailsManagerConfigurer - Global AuthenticationManager configured with UserDetailsService bean with name customUserDetailService
2025-05-25 09:28:33.521 [restartedMain] WARN  o.s.b.a.o.j.JpaBaseConfiguration$JpaWebConfiguration - spring.jpa.open-in-view is enabled by default. Therefore, database queries may be performed during view rendering. Explicitly configure spring.jpa.open-in-view to disable this warning
2025-05-25 09:28:34.049 [restartedMain] INFO  o.s.b.d.a.OptionalLiveReloadServer - LiveReload server is running on port 35729
2025-05-25 09:28:34.058 [restartedMain] INFO  o.a.coyote.http11.Http11NioProtocol - Starting ProtocolHandler ["http-nio-8080"]
2025-05-25 09:28:34.061 [restartedMain] INFO  o.s.b.w.e.tomcat.TomcatWebServer - Tomcat started on port 8080 (http) with context path '/'
2025-05-25 09:28:34.063 [restartedMain] INFO  c.c.carsharing.CarsharingApplication - Started CarsharingApplication in 1.665 seconds (process running for 770.411)
2025-05-25 09:28:34.064 [restartedMain] INFO  o.s.b.d.a.ConditionEvaluationDeltaLoggingListener - Condition evaluation unchanged
2025-05-25 09:28:34.084 [http-nio-8080-exec-2] INFO  o.a.c.c.C.[Tomcat].[localhost].[/] - Initializing Spring DispatcherServlet 'dispatcherServlet'
2025-05-25 09:28:34.084 [http-nio-8080-exec-2] INFO  o.s.web.servlet.DispatcherServlet - Initializing Servlet 'dispatcherServlet'
2025-05-25 09:28:34.085 [http-nio-8080-exec-2] INFO  o.s.web.servlet.DispatcherServlet - Completed initialization in 1 ms
2025-05-25 09:28:34.087 [http-nio-8080-exec-2] ERROR o.a.c.c.C.[.[.[.[dispatcherServlet] - Servlet.service() for servlet [dispatcherServlet] in context with path [] threw exceptionio.jsonwebtoken.security.SignatureException: JWT signature does not match locally computed signature. JWT validity cannot be asserted and should not be trusted.
	at io.jsonwebtoken.impl.DefaultJwtParser.parse(DefaultJwtParser.java:399)

2025-05-25 09:28:34.092 [http-nio-8080-exec-1] ERROR o.a.c.c.C.[.[.[.[dispatcherServlet] - Servlet.service() for servlet [dispatcherServlet] in context with path [] threw exceptionio.jsonwebtoken.security.SignatureException: JWT signature does not match locally computed signature. JWT validity cannot be asserted and should not be trusted.
	at io.jsonwebtoken.impl.DefaultJwtParser.parse(DefaultJwtParser.java:399)

2025-05-25 09:28:35.478 [File Watcher] INFO  o.s.b.d.a.LocalDevToolsAutoConfiguration$RestartingClassPathChangeChangedEventListener - Restarting due to 1 class path change (1 addition, 0 deletions, 0 modifications)
2025-05-25 09:28:35.479 [Thread-23] INFO  o.s.b.w.e.tomcat.GracefulShutdown - Commencing graceful shutdown. Waiting for active requests to complete
2025-05-25 09:28:35.479 [tomcat-shutdown] INFO  o.a.coyote.http11.Http11NioProtocol - Pausing ProtocolHandler ["http-nio-8080"]
2025-05-25 09:28:35.491 [tomcat-shutdown] INFO  o.s.b.w.e.tomcat.GracefulShutdown - Graceful shutdown complete
2025-05-25 09:28:35.492 [Thread-23] INFO  o.a.coyote.http11.Http11NioProtocol - Stopping ProtocolHandler ["http-nio-8080"]
2025-05-25 09:28:35.494 [Thread-23] INFO  o.s.o.j.LocalContainerEntityManagerFactoryBean - Closing JPA EntityManagerFactory for persistence unit 'default'
2025-05-25 09:28:35.494 [Thread-23] INFO  com.zaxxer.hikari.HikariDataSource - HikariPool-6 - Shutdown initiated...
2025-05-25 09:28:35.496 [Thread-23] INFO  com.zaxxer.hikari.HikariDataSource - HikariPool-6 - Shutdown completed.
2025-05-25 09:28:35.558 [restartedMain] INFO  c.c.carsharing.CarsharingApplication - Starting CarsharingApplication using Java 23.0.2 with PID 5520 (C:\PNAYAVU_sem2\Carsharing\target\classes started by topmo in C:\PNAYAVU_sem2\Carsharing)
2025-05-25 09:28:35.559 [restartedMain] INFO  c.c.carsharing.CarsharingApplication - No active profile set, falling back to 1 default profile: "default"
2025-05-25 09:28:35.701 [restartedMain] INFO  o.s.d.r.c.RepositoryConfigurationDelegate - Bootstrapping Spring Data JPA repositories in DEFAULT mode.
2025-05-25 09:28:35.711 [restartedMain] INFO  o.s.d.r.c.RepositoryConfigurationDelegate - Finished Spring Data repository scanning in 9 ms. Found 3 JPA repository interfaces.
2025-05-25 09:28:35.839 [restartedMain] INFO  o.s.b.w.e.tomcat.TomcatWebServer - Tomcat initialized with port 8080 (http)
2025-05-25 09:28:35.840 [restartedMain] INFO  o.a.coyote.http11.Http11NioProtocol - Initializing ProtocolHandler ["http-nio-8080"]
2025-05-25 09:28:35.840 [restartedMain] INFO  o.a.catalina.core.StandardService - Starting service [Tomcat]
2025-05-25 09:28:35.840 [restartedMain] INFO  o.a.catalina.core.StandardEngine - Starting Servlet engine: [Apache Tomcat/10.1.34]
2025-05-25 09:28:35.850 [restartedMain] INFO  o.a.c.c.C.[Tomcat].[localhost].[/] - Initializing Spring embedded WebApplicationContext
2025-05-25 09:28:35.850 [restartedMain] INFO  o.s.b.w.s.c.ServletWebServerApplicationContext - Root WebApplicationContext: initialization completed in 289 ms
2025-05-25 09:28:35.923 [restartedMain] INFO  o.h.jpa.internal.util.LogHelper - HHH000204: Processing PersistenceUnitInfo [name: default]
2025-05-25 09:28:35.924 [restartedMain] INFO  o.h.c.i.RegionFactoryInitiator - HHH000026: Second-level cache disabled
2025-05-25 09:28:35.932 [restartedMain] INFO  o.s.o.j.p.SpringPersistenceUnitInfo - No LoadTimeWeaver setup: ignoring JPA class transformer
2025-05-25 09:28:35.933 [restartedMain] INFO  com.zaxxer.hikari.HikariDataSource - HikariPool-7 - Starting...
2025-05-25 09:28:35.936 [restartedMain] INFO  com.zaxxer.hikari.pool.HikariPool - HikariPool-7 - Added connection com.mysql.cj.jdbc.ConnectionImpl@93249f2
2025-05-25 09:28:35.936 [restartedMain] INFO  com.zaxxer.hikari.HikariDataSource - HikariPool-7 - Start completed.
2025-05-25 09:28:35.937 [restartedMain] WARN  org.hibernate.orm.deprecation - HHH90000025: MySQL8Dialect does not need to be specified explicitly using 'hibernate.dialect' (remove the property setting and it will be selected by default)
2025-05-25 09:28:35.937 [restartedMain] WARN  org.hibernate.orm.deprecation - HHH90000026: MySQL8Dialect has been deprecated; use org.hibernate.dialect.MySQLDialect instead
2025-05-25 09:28:35.937 [restartedMain] INFO  o.hibernate.orm.connections.pooling - HHH10001005: Database info:
	Database JDBC URL [Connecting through datasource 'HikariDataSource (HikariPool-7)']
	Database driver: undefined/unknown
	Database version: 8.0
	Autocommit mode: undefined/unknown
	Isolation level: undefined/unknown
	Minimum pool size: undefined/unknown
	Maximum pool size: undefined/unknown
2025-05-25 09:28:36.005 [restartedMain] INFO  o.h.e.t.j.p.i.JtaPlatformInitiator - HHH000489: No JTA platform available (set 'hibernate.transaction.jta.platform' to enable JTA platform integration)
2025-05-25 09:28:36.034 [restartedMain] INFO  o.s.o.j.LocalContainerEntityManagerFactoryBean - Initialized JPA EntityManagerFactory for persistence unit 'default'
2025-05-25 09:28:36.239 [restartedMain] INFO  o.s.s.c.a.a.c.InitializeUserDetailsBeanManagerConfigurer$InitializeUserDetailsManagerConfigurer - Global AuthenticationManager configured with UserDetailsService bean with name customUserDetailService
2025-05-25 09:28:36.401 [restartedMain] WARN  o.s.b.a.o.j.JpaBaseConfiguration$JpaWebConfiguration - spring.jpa.open-in-view is enabled by default. Therefore, database queries may be performed during view rendering. Explicitly configure spring.jpa.open-in-view to disable this warning
2025-05-25 09:28:36.899 [restartedMain] INFO  o.s.b.d.a.OptionalLiveReloadServer - LiveReload server is running on port 35729
2025-05-25 09:28:36.911 [restartedMain] INFO  o.a.coyote.http11.Http11NioProtocol - Starting ProtocolHandler ["http-nio-8080"]
2025-05-25 09:28:36.913 [restartedMain] INFO  o.s.b.w.e.tomcat.TomcatWebServer - Tomcat started on port 8080 (http) with context path '/'
2025-05-25 09:28:36.916 [restartedMain] INFO  c.c.carsharing.CarsharingApplication - Started CarsharingApplication in 1.378 seconds (process running for 773.264)
2025-05-25 09:28:36.917 [restartedMain] INFO  o.s.b.d.a.ConditionEvaluationDeltaLoggingListener - Condition evaluation unchanged
2025-05-25 09:28:43.666 [http-nio-8080-exec-3] INFO  o.a.c.c.C.[Tomcat].[localhost].[/] - Initializing Spring DispatcherServlet 'dispatcherServlet'
2025-05-25 09:28:43.666 [http-nio-8080-exec-3] INFO  o.s.web.servlet.DispatcherServlet - Initializing Servlet 'dispatcherServlet'
2025-05-25 09:28:43.667 [http-nio-8080-exec-3] INFO  o.s.web.servlet.DispatcherServlet - Completed initialization in 1 ms
2025-05-25 09:29:00.301 [http-nio-8080-exec-9] WARN  o.s.h.c.j.MappingJackson2HttpMessageConverter - Failed to evaluate Jackson deserialization for type [[simple type, class com.carsharing.carsharing.model.Booking]]: com.fasterxml.jackson.databind.exc.InvalidDefinitionException: Cannot handle managed/back reference 'defaultReference': back reference type (`java.util.List<com.carsharing.carsharing.model.Booking>`) not compatible with managed type (com.carsharing.carsharing.model.Booking)
2025-05-25 09:29:00.304 [http-nio-8080-exec-9] WARN  o.s.h.c.j.MappingJackson2HttpMessageConverter - Failed to evaluate Jackson deserialization for type [[simple type, class com.carsharing.carsharing.model.Booking]]: com.fasterxml.jackson.databind.exc.InvalidDefinitionException: Cannot handle managed/back reference 'defaultReference': back reference type (`java.util.List<com.carsharing.carsharing.model.Booking>`) not compatible with managed type (com.carsharing.carsharing.model.Booking)
2025-05-25 09:29:00.316 [http-nio-8080-exec-9] WARN  o.s.w.s.m.m.a.ExceptionHandlerExceptionResolver - Resolved [org.springframework.web.HttpMediaTypeNotSupportedException: Content-Type 'application/json;charset=UTF-8' is not supported]
2025-05-25 09:29:31.134 [http-nio-8080-exec-7] WARN  o.s.h.c.j.MappingJackson2HttpMessageConverter - Failed to evaluate Jackson deserialization for type [[simple type, class com.carsharing.carsharing.model.Booking]]: com.fasterxml.jackson.databind.exc.InvalidDefinitionException: Cannot handle managed/back reference 'defaultReference': back reference type (`java.util.List<com.carsharing.carsharing.model.Booking>`) not compatible with managed type (com.carsharing.carsharing.model.Booking)
2025-05-25 09:29:31.134 [http-nio-8080-exec-7] WARN  o.s.h.c.j.MappingJackson2HttpMessageConverter - Failed to evaluate Jackson deserialization for type [[simple type, class com.carsharing.carsharing.model.Booking]]: com.fasterxml.jackson.databind.exc.InvalidDefinitionException: Cannot handle managed/back reference 'defaultReference': back reference type (`java.util.List<com.carsharing.carsharing.model.Booking>`) not compatible with managed type (com.carsharing.carsharing.model.Booking)
2025-05-25 09:29:31.136 [http-nio-8080-exec-7] WARN  o.s.w.s.m.m.a.ExceptionHandlerExceptionResolver - Resolved [org.springframework.web.HttpMediaTypeNotSupportedException: Content-Type 'application/json;charset=UTF-8' is not supported]
2025-05-25 09:29:32.833 [http-nio-8080-exec-8] WARN  o.s.h.c.j.MappingJackson2HttpMessageConverter - Failed to evaluate Jackson deserialization for type [[simple type, class com.carsharing.carsharing.model.Booking]]: com.fasterxml.jackson.databind.exc.InvalidDefinitionException: Cannot handle managed/back reference 'defaultReference': back reference type (`java.util.List<com.carsharing.carsharing.model.Booking>`) not compatible with managed type (com.carsharing.carsharing.model.Booking)
2025-05-25 09:29:32.834 [http-nio-8080-exec-8] WARN  o.s.h.c.j.MappingJackson2HttpMessageConverter - Failed to evaluate Jackson deserialization for type [[simple type, class com.carsharing.carsharing.model.Booking]]: com.fasterxml.jackson.databind.exc.InvalidDefinitionException: Cannot handle managed/back reference 'defaultReference': back reference type (`java.util.List<com.carsharing.carsharing.model.Booking>`) not compatible with managed type (com.carsharing.carsharing.model.Booking)
2025-05-25 09:29:32.834 [http-nio-8080-exec-8] WARN  o.s.w.s.m.m.a.ExceptionHandlerExceptionResolver - Resolved [org.springframework.web.HttpMediaTypeNotSupportedException: Content-Type 'application/json;charset=UTF-8' is not supported]
2025-05-25 09:29:37.124 [http-nio-8080-exec-9] WARN  o.s.h.c.j.MappingJackson2HttpMessageConverter - Failed to evaluate Jackson deserialization for type [[simple type, class com.carsharing.carsharing.model.Booking]]: com.fasterxml.jackson.databind.exc.InvalidDefinitionException: Cannot handle managed/back reference 'defaultReference': back reference type (`java.util.List<com.carsharing.carsharing.model.Booking>`) not compatible with managed type (com.carsharing.carsharing.model.Booking)
2025-05-25 09:29:37.125 [http-nio-8080-exec-9] WARN  o.s.h.c.j.MappingJackson2HttpMessageConverter - Failed to evaluate Jackson deserialization for type [[simple type, class com.carsharing.carsharing.model.Booking]]: com.fasterxml.jackson.databind.exc.InvalidDefinitionException: Cannot handle managed/back reference 'defaultReference': back reference type (`java.util.List<com.carsharing.carsharing.model.Booking>`) not compatible with managed type (com.carsharing.carsharing.model.Booking)
2025-05-25 09:29:37.126 [http-nio-8080-exec-9] WARN  o.s.w.s.m.m.a.ExceptionHandlerExceptionResolver - Resolved [org.springframework.web.HttpMediaTypeNotSupportedException: Content-Type 'application/json;charset=UTF-8' is not supported]
2025-05-25 09:29:44.189 [http-nio-8080-exec-10] WARN  o.s.h.c.j.MappingJackson2HttpMessageConverter - Failed to evaluate Jackson deserialization for type [[simple type, class com.carsharing.carsharing.model.Booking]]: com.fasterxml.jackson.databind.exc.InvalidDefinitionException: Cannot handle managed/back reference 'defaultReference': back reference type (`java.util.List<com.carsharing.carsharing.model.Booking>`) not compatible with managed type (com.carsharing.carsharing.model.Booking)
2025-05-25 09:29:44.190 [http-nio-8080-exec-10] WARN  o.s.h.c.j.MappingJackson2HttpMessageConverter - Failed to evaluate Jackson deserialization for type [[simple type, class com.carsharing.carsharing.model.Booking]]: com.fasterxml.jackson.databind.exc.InvalidDefinitionException: Cannot handle managed/back reference 'defaultReference': back reference type (`java.util.List<com.carsharing.carsharing.model.Booking>`) not compatible with managed type (com.carsharing.carsharing.model.Booking)
2025-05-25 09:29:44.191 [http-nio-8080-exec-10] WARN  o.s.w.s.m.m.a.ExceptionHandlerExceptionResolver - Resolved [org.springframework.web.HttpMediaTypeNotSupportedException: Content-Type 'application/json;charset=UTF-8' is not supported]
2025-05-25 09:30:04.262 [http-nio-8080-exec-9] WARN  o.s.h.c.j.MappingJackson2HttpMessageConverter - Failed to evaluate Jackson deserialization for type [[simple type, class com.carsharing.carsharing.model.Booking]]: com.fasterxml.jackson.databind.exc.InvalidDefinitionException: Cannot handle managed/back reference 'defaultReference': back reference type (`java.util.List<com.carsharing.carsharing.model.Booking>`) not compatible with managed type (com.carsharing.carsharing.model.Booking)
2025-05-25 09:30:04.263 [http-nio-8080-exec-9] WARN  o.s.h.c.j.MappingJackson2HttpMessageConverter - Failed to evaluate Jackson deserialization for type [[simple type, class com.carsharing.carsharing.model.Booking]]: com.fasterxml.jackson.databind.exc.InvalidDefinitionException: Cannot handle managed/back reference 'defaultReference': back reference type (`java.util.List<com.carsharing.carsharing.model.Booking>`) not compatible with managed type (com.carsharing.carsharing.model.Booking)
2025-05-25 09:30:04.264 [http-nio-8080-exec-9] WARN  o.s.w.s.m.m.a.ExceptionHandlerExceptionResolver - Resolved [org.springframework.web.HttpMediaTypeNotSupportedException: Content-Type 'application/json;charset=UTF-8' is not supported]
2025-05-25 09:30:04.681 [http-nio-8080-exec-10] WARN  o.s.h.c.j.MappingJackson2HttpMessageConverter - Failed to evaluate Jackson deserialization for type [[simple type, class com.carsharing.carsharing.model.Booking]]: com.fasterxml.jackson.databind.exc.InvalidDefinitionException: Cannot handle managed/back reference 'defaultReference': back reference type (`java.util.List<com.carsharing.carsharing.model.Booking>`) not compatible with managed type (com.carsharing.carsharing.model.Booking)
2025-05-25 09:30:04.681 [http-nio-8080-exec-10] WARN  o.s.h.c.j.MappingJackson2HttpMessageConverter - Failed to evaluate Jackson deserialization for type [[simple type, class com.carsharing.carsharing.model.Booking]]: com.fasterxml.jackson.databind.exc.InvalidDefinitionException: Cannot handle managed/back reference 'defaultReference': back reference type (`java.util.List<com.carsharing.carsharing.model.Booking>`) not compatible with managed type (com.carsharing.carsharing.model.Booking)
2025-05-25 09:30:04.682 [http-nio-8080-exec-10] WARN  o.s.w.s.m.m.a.ExceptionHandlerExceptionResolver - Resolved [org.springframework.web.HttpMediaTypeNotSupportedException: Content-Type 'application/json;charset=UTF-8' is not supported]
2025-05-25 09:31:47.513 [http-nio-8080-exec-5] WARN  o.s.h.c.j.MappingJackson2HttpMessageConverter - Failed to evaluate Jackson deserialization for type [[simple type, class com.carsharing.carsharing.model.Booking]]: com.fasterxml.jackson.databind.exc.InvalidDefinitionException: Cannot handle managed/back reference 'defaultReference': back reference type (`java.util.List<com.carsharing.carsharing.model.Booking>`) not compatible with managed type (com.carsharing.carsharing.model.Booking)
2025-05-25 09:31:47.514 [http-nio-8080-exec-5] WARN  o.s.h.c.j.MappingJackson2HttpMessageConverter - Failed to evaluate Jackson deserialization for type [[simple type, class com.carsharing.carsharing.model.Booking]]: com.fasterxml.jackson.databind.exc.InvalidDefinitionException: Cannot handle managed/back reference 'defaultReference': back reference type (`java.util.List<com.carsharing.carsharing.model.Booking>`) not compatible with managed type (com.carsharing.carsharing.model.Booking)
2025-05-25 09:31:47.514 [http-nio-8080-exec-5] WARN  o.s.w.s.m.m.a.ExceptionHandlerExceptionResolver - Resolved [org.springframework.web.HttpMediaTypeNotSupportedException: Content-Type 'application/json;charset=UTF-8' is not supported]
2025-05-25 09:31:48.826 [http-nio-8080-exec-6] WARN  o.s.h.c.j.MappingJackson2HttpMessageConverter - Failed to evaluate Jackson deserialization for type [[simple type, class com.carsharing.carsharing.model.Booking]]: com.fasterxml.jackson.databind.exc.InvalidDefinitionException: Cannot handle managed/back reference 'defaultReference': back reference type (`java.util.List<com.carsharing.carsharing.model.Booking>`) not compatible with managed type (com.carsharing.carsharing.model.Booking)
2025-05-25 09:31:48.827 [http-nio-8080-exec-6] WARN  o.s.h.c.j.MappingJackson2HttpMessageConverter - Failed to evaluate Jackson deserialization for type [[simple type, class com.carsharing.carsharing.model.Booking]]: com.fasterxml.jackson.databind.exc.InvalidDefinitionException: Cannot handle managed/back reference 'defaultReference': back reference type (`java.util.List<com.carsharing.carsharing.model.Booking>`) not compatible with managed type (com.carsharing.carsharing.model.Booking)
2025-05-25 09:31:48.828 [http-nio-8080-exec-6] WARN  o.s.w.s.m.m.a.ExceptionHandlerExceptionResolver - Resolved [org.springframework.web.HttpMediaTypeNotSupportedException: Content-Type 'application/json;charset=UTF-8' is not supported]
2025-05-25 09:31:59.811 [http-nio-8080-exec-7] WARN  o.s.h.c.j.MappingJackson2HttpMessageConverter - Failed to evaluate Jackson deserialization for type [[simple type, class com.carsharing.carsharing.model.Booking]]: com.fasterxml.jackson.databind.exc.InvalidDefinitionException: Cannot handle managed/back reference 'defaultReference': back reference type (`java.util.List<com.carsharing.carsharing.model.Booking>`) not compatible with managed type (com.carsharing.carsharing.model.Booking)
2025-05-25 09:31:59.812 [http-nio-8080-exec-7] WARN  o.s.h.c.j.MappingJackson2HttpMessageConverter - Failed to evaluate Jackson deserialization for type [[simple type, class com.carsharing.carsharing.model.Booking]]: com.fasterxml.jackson.databind.exc.InvalidDefinitionException: Cannot handle managed/back reference 'defaultReference': back reference type (`java.util.List<com.carsharing.carsharing.model.Booking>`) not compatible with managed type (com.carsharing.carsharing.model.Booking)
2025-05-25 09:31:59.812 [http-nio-8080-exec-7] WARN  o.s.w.s.m.m.a.ExceptionHandlerExceptionResolver - Resolved [org.springframework.web.HttpMediaTypeNotSupportedException: Content-Type 'application/json;charset=UTF-8' is not supported]
2025-05-25 09:32:08.220 [http-nio-8080-exec-8] WARN  o.s.h.c.j.MappingJackson2HttpMessageConverter - Failed to evaluate Jackson deserialization for type [[simple type, class com.carsharing.carsharing.model.Booking]]: com.fasterxml.jackson.databind.exc.InvalidDefinitionException: Cannot handle managed/back reference 'defaultReference': back reference type (`java.util.List<com.carsharing.carsharing.model.Booking>`) not compatible with managed type (com.carsharing.carsharing.model.Booking)
2025-05-25 09:32:08.220 [http-nio-8080-exec-8] WARN  o.s.h.c.j.MappingJackson2HttpMessageConverter - Failed to evaluate Jackson deserialization for type [[simple type, class com.carsharing.carsharing.model.Booking]]: com.fasterxml.jackson.databind.exc.InvalidDefinitionException: Cannot handle managed/back reference 'defaultReference': back reference type (`java.util.List<com.carsharing.carsharing.model.Booking>`) not compatible with managed type (com.carsharing.carsharing.model.Booking)
2025-05-25 09:32:08.222 [http-nio-8080-exec-8] WARN  o.s.w.s.m.m.a.ExceptionHandlerExceptionResolver - Resolved [org.springframework.web.HttpMediaTypeNotSupportedException: Content-Type 'application/json;charset=UTF-8' is not supported]
2025-05-25 09:32:16.452 [http-nio-8080-exec-3] WARN  o.s.h.c.j.MappingJackson2HttpMessageConverter - Failed to evaluate Jackson deserialization for type [[simple type, class com.carsharing.carsharing.model.Booking]]: com.fasterxml.jackson.databind.exc.InvalidDefinitionException: Cannot handle managed/back reference 'defaultReference': back reference type (`java.util.List<com.carsharing.carsharing.model.Booking>`) not compatible with managed type (com.carsharing.carsharing.model.Booking)
2025-05-25 09:32:16.452 [http-nio-8080-exec-3] WARN  o.s.h.c.j.MappingJackson2HttpMessageConverter - Failed to evaluate Jackson deserialization for type [[simple type, class com.carsharing.carsharing.model.Booking]]: com.fasterxml.jackson.databind.exc.InvalidDefinitionException: Cannot handle managed/back reference 'defaultReference': back reference type (`java.util.List<com.carsharing.carsharing.model.Booking>`) not compatible with managed type (com.carsharing.carsharing.model.Booking)
2025-05-25 09:32:16.454 [http-nio-8080-exec-3] WARN  o.s.w.s.m.m.a.ExceptionHandlerExceptionResolver - Resolved [org.springframework.web.HttpMediaTypeNotSupportedException: Content-Type 'application/json;charset=UTF-8' is not supported]
2025-05-25 09:32:21.342 [http-nio-8080-exec-5] WARN  o.s.h.c.j.MappingJackson2HttpMessageConverter - Failed to evaluate Jackson deserialization for type [[simple type, class com.carsharing.carsharing.model.Booking]]: com.fasterxml.jackson.databind.exc.InvalidDefinitionException: Cannot handle managed/back reference 'defaultReference': back reference type (`java.util.List<com.carsharing.carsharing.model.Booking>`) not compatible with managed type (com.carsharing.carsharing.model.Booking)
2025-05-25 09:32:21.343 [http-nio-8080-exec-5] WARN  o.s.h.c.j.MappingJackson2HttpMessageConverter - Failed to evaluate Jackson deserialization for type [[simple type, class com.carsharing.carsharing.model.Booking]]: com.fasterxml.jackson.databind.exc.InvalidDefinitionException: Cannot handle managed/back reference 'defaultReference': back reference type (`java.util.List<com.carsharing.carsharing.model.Booking>`) not compatible with managed type (com.carsharing.carsharing.model.Booking)
2025-05-25 09:32:21.344 [http-nio-8080-exec-5] WARN  o.s.w.s.m.m.a.ExceptionHandlerExceptionResolver - Resolved [org.springframework.web.HttpMediaTypeNotSupportedException: Content-Type 'application/json;charset=UTF-8' is not supported]
2025-05-25 09:33:51.597 [http-nio-8080-exec-4] WARN  o.s.h.c.j.MappingJackson2HttpMessageConverter - Failed to evaluate Jackson deserialization for type [[simple type, class com.carsharing.carsharing.model.Booking]]: com.fasterxml.jackson.databind.exc.InvalidDefinitionException: Cannot handle managed/back reference 'defaultReference': back reference type (`java.util.List<com.carsharing.carsharing.model.Booking>`) not compatible with managed type (com.carsharing.carsharing.model.Booking)
2025-05-25 09:33:51.598 [http-nio-8080-exec-4] WARN  o.s.h.c.j.MappingJackson2HttpMessageConverter - Failed to evaluate Jackson deserialization for type [[simple type, class com.carsharing.carsharing.model.Booking]]: com.fasterxml.jackson.databind.exc.InvalidDefinitionException: Cannot handle managed/back reference 'defaultReference': back reference type (`java.util.List<com.carsharing.carsharing.model.Booking>`) not compatible with managed type (com.carsharing.carsharing.model.Booking)
2025-05-25 09:33:51.599 [http-nio-8080-exec-4] WARN  o.s.w.s.m.m.a.ExceptionHandlerExceptionResolver - Resolved [org.springframework.web.HttpMediaTypeNotSupportedException: Content-Type 'application/json;charset=UTF-8' is not supported]
2025-05-25 09:39:58.266 [http-nio-8080-exec-7] WARN  o.s.h.c.j.MappingJackson2HttpMessageConverter - Failed to evaluate Jackson deserialization for type [[simple type, class com.carsharing.carsharing.model.Booking]]: com.fasterxml.jackson.databind.exc.InvalidDefinitionException: Cannot handle managed/back reference 'defaultReference': back reference type (`java.util.List<com.carsharing.carsharing.model.Booking>`) not compatible with managed type (com.carsharing.carsharing.model.Booking)
2025-05-25 09:39:58.266 [http-nio-8080-exec-7] WARN  o.s.h.c.j.MappingJackson2HttpMessageConverter - Failed to evaluate Jackson deserialization for type [[simple type, class com.carsharing.carsharing.model.Booking]]: com.fasterxml.jackson.databind.exc.InvalidDefinitionException: Cannot handle managed/back reference 'defaultReference': back reference type (`java.util.List<com.carsharing.carsharing.model.Booking>`) not compatible with managed type (com.carsharing.carsharing.model.Booking)
2025-05-25 09:39:58.267 [http-nio-8080-exec-7] WARN  o.s.w.s.m.m.a.ExceptionHandlerExceptionResolver - Resolved [org.springframework.web.HttpMediaTypeNotSupportedException: Content-Type 'application/json;charset=UTF-8' is not supported]
2025-05-25 09:42:05.816 [File Watcher] INFO  o.s.b.d.a.LocalDevToolsAutoConfiguration$RestartingClassPathChangeChangedEventListener - Restarting due to 1 class path change (0 additions, 1 deletion, 0 modifications)
2025-05-25 09:42:05.819 [Thread-27] INFO  o.s.b.w.e.tomcat.GracefulShutdown - Commencing graceful shutdown. Waiting for active requests to complete
2025-05-25 09:42:05.820 [tomcat-shutdown] INFO  o.a.coyote.http11.Http11NioProtocol - Pausing ProtocolHandler ["http-nio-8080"]
2025-05-25 09:42:05.834 [tomcat-shutdown] INFO  o.s.b.w.e.tomcat.GracefulShutdown - Graceful shutdown complete
2025-05-25 09:42:05.835 [Thread-27] INFO  o.a.coyote.http11.Http11NioProtocol - Stopping ProtocolHandler ["http-nio-8080"]
2025-05-25 09:42:05.837 [Thread-27] INFO  o.s.o.j.LocalContainerEntityManagerFactoryBean - Closing JPA EntityManagerFactory for persistence unit 'default'
2025-05-25 09:42:05.837 [Thread-27] INFO  com.zaxxer.hikari.HikariDataSource - HikariPool-7 - Shutdown initiated...
2025-05-25 09:42:05.838 [Thread-27] INFO  com.zaxxer.hikari.HikariDataSource - HikariPool-7 - Shutdown completed.
2025-05-25 09:42:05.926 [restartedMain] INFO  c.c.carsharing.CarsharingApplication - Starting CarsharingApplication using Java 23.0.2 with PID 5520 (C:\PNAYAVU_sem2\Carsharing\target\classes started by topmo in C:\PNAYAVU_sem2\Carsharing)
2025-05-25 09:42:05.927 [restartedMain] INFO  c.c.carsharing.CarsharingApplication - No active profile set, falling back to 1 default profile: "default"
2025-05-25 09:42:06.106 [restartedMain] INFO  o.s.d.r.c.RepositoryConfigurationDelegate - Bootstrapping Spring Data JPA repositories in DEFAULT mode.
2025-05-25 09:42:06.117 [restartedMain] INFO  o.s.d.r.c.RepositoryConfigurationDelegate - Finished Spring Data repository scanning in 10 ms. Found 3 JPA repository interfaces.
2025-05-25 09:42:06.282 [restartedMain] INFO  o.s.b.w.e.tomcat.TomcatWebServer - Tomcat initialized with port 8080 (http)
2025-05-25 09:42:06.283 [restartedMain] INFO  o.a.coyote.http11.Http11NioProtocol - Initializing ProtocolHandler ["http-nio-8080"]
2025-05-25 09:42:06.283 [restartedMain] INFO  o.a.catalina.core.StandardService - Starting service [Tomcat]
2025-05-25 09:42:06.283 [restartedMain] INFO  o.a.catalina.core.StandardEngine - Starting Servlet engine: [Apache Tomcat/10.1.34]
2025-05-25 09:42:06.295 [restartedMain] INFO  o.a.c.c.C.[Tomcat].[localhost].[/] - Initializing Spring embedded WebApplicationContext
2025-05-25 09:42:06.296 [restartedMain] INFO  o.s.b.w.s.c.ServletWebServerApplicationContext - Root WebApplicationContext: initialization completed in 367 ms
2025-05-25 09:42:06.401 [restartedMain] INFO  o.h.jpa.internal.util.LogHelper - HHH000204: Processing PersistenceUnitInfo [name: default]
2025-05-25 09:42:06.404 [restartedMain] INFO  o.h.c.i.RegionFactoryInitiator - HHH000026: Second-level cache disabled
2025-05-25 09:42:06.411 [restartedMain] INFO  o.s.o.j.p.SpringPersistenceUnitInfo - No LoadTimeWeaver setup: ignoring JPA class transformer
2025-05-25 09:42:06.411 [restartedMain] INFO  com.zaxxer.hikari.HikariDataSource - HikariPool-8 - Starting...
2025-05-25 09:42:06.416 [restartedMain] INFO  com.zaxxer.hikari.pool.HikariPool - HikariPool-8 - Added connection com.mysql.cj.jdbc.ConnectionImpl@60d288a7
2025-05-25 09:42:06.416 [restartedMain] INFO  com.zaxxer.hikari.HikariDataSource - HikariPool-8 - Start completed.
2025-05-25 09:42:06.416 [restartedMain] WARN  org.hibernate.orm.deprecation - HHH90000025: MySQL8Dialect does not need to be specified explicitly using 'hibernate.dialect' (remove the property setting and it will be selected by default)
2025-05-25 09:42:06.416 [restartedMain] WARN  org.hibernate.orm.deprecation - HHH90000026: MySQL8Dialect has been deprecated; use org.hibernate.dialect.MySQLDialect instead
2025-05-25 09:42:06.417 [restartedMain] INFO  o.hibernate.orm.connections.pooling - HHH10001005: Database info:
	Database JDBC URL [Connecting through datasource 'HikariDataSource (HikariPool-8)']
	Database driver: undefined/unknown
	Database version: 8.0
	Autocommit mode: undefined/unknown
	Isolation level: undefined/unknown
	Minimum pool size: undefined/unknown
	Maximum pool size: undefined/unknown
2025-05-25 09:42:06.502 [restartedMain] INFO  o.h.e.t.j.p.i.JtaPlatformInitiator - HHH000489: No JTA platform available (set 'hibernate.transaction.jta.platform' to enable JTA platform integration)
2025-05-25 09:42:06.536 [restartedMain] INFO  o.s.o.j.LocalContainerEntityManagerFactoryBean - Initialized JPA EntityManagerFactory for persistence unit 'default'
2025-05-25 09:42:06.781 [restartedMain] INFO  o.s.s.c.a.a.c.InitializeUserDetailsBeanManagerConfigurer$InitializeUserDetailsManagerConfigurer - Global AuthenticationManager configured with UserDetailsService bean with name customUserDetailService
2025-05-25 09:42:06.974 [restartedMain] WARN  o.s.b.a.o.j.JpaBaseConfiguration$JpaWebConfiguration - spring.jpa.open-in-view is enabled by default. Therefore, database queries may be performed during view rendering. Explicitly configure spring.jpa.open-in-view to disable this warning
2025-05-25 09:42:07.545 [restartedMain] INFO  o.s.b.d.a.OptionalLiveReloadServer - LiveReload server is running on port 35729
2025-05-25 09:42:07.559 [restartedMain] INFO  o.a.coyote.http11.Http11NioProtocol - Starting ProtocolHandler ["http-nio-8080"]
2025-05-25 09:42:07.562 [restartedMain] INFO  o.s.b.w.e.tomcat.TomcatWebServer - Tomcat started on port 8080 (http) with context path '/'
2025-05-25 09:42:07.566 [restartedMain] INFO  c.c.carsharing.CarsharingApplication - Started CarsharingApplication in 1.672 seconds (process running for 1583.781)
2025-05-25 09:42:07.567 [restartedMain] INFO  o.s.b.d.a.ConditionEvaluationDeltaLoggingListener - Condition evaluation unchanged
2025-05-25 09:42:08.974 [File Watcher] INFO  o.s.b.d.a.LocalDevToolsAutoConfiguration$RestartingClassPathChangeChangedEventListener - Restarting due to 1 class path change (1 addition, 0 deletions, 0 modifications)
2025-05-25 09:42:08.975 [Thread-31] INFO  o.s.b.w.e.tomcat.GracefulShutdown - Commencing graceful shutdown. Waiting for active requests to complete
2025-05-25 09:42:08.975 [tomcat-shutdown] INFO  o.a.coyote.http11.Http11NioProtocol - Pausing ProtocolHandler ["http-nio-8080"]
2025-05-25 09:42:08.989 [tomcat-shutdown] INFO  o.s.b.w.e.tomcat.GracefulShutdown - Graceful shutdown complete
2025-05-25 09:42:08.989 [Thread-31] INFO  o.a.coyote.http11.Http11NioProtocol - Stopping ProtocolHandler ["http-nio-8080"]
2025-05-25 09:42:08.991 [Thread-31] INFO  o.s.o.j.LocalContainerEntityManagerFactoryBean - Closing JPA EntityManagerFactory for persistence unit 'default'
2025-05-25 09:42:08.991 [Thread-31] INFO  com.zaxxer.hikari.HikariDataSource - HikariPool-8 - Shutdown initiated...
2025-05-25 09:42:08.992 [Thread-31] INFO  com.zaxxer.hikari.HikariDataSource - HikariPool-8 - Shutdown completed.
2025-05-25 09:42:09.069 [restartedMain] INFO  c.c.carsharing.CarsharingApplication - Starting CarsharingApplication using Java 23.0.2 with PID 5520 (C:\PNAYAVU_sem2\Carsharing\target\classes started by topmo in C:\PNAYAVU_sem2\Carsharing)
2025-05-25 09:42:09.069 [restartedMain] INFO  c.c.carsharing.CarsharingApplication - No active profile set, falling back to 1 default profile: "default"
2025-05-25 09:42:09.233 [restartedMain] INFO  o.s.d.r.c.RepositoryConfigurationDelegate - Bootstrapping Spring Data JPA repositories in DEFAULT mode.
2025-05-25 09:42:09.243 [restartedMain] INFO  o.s.d.r.c.RepositoryConfigurationDelegate - Finished Spring Data repository scanning in 9 ms. Found 3 JPA repository interfaces.
2025-05-25 09:42:09.386 [restartedMain] INFO  o.s.b.w.e.tomcat.TomcatWebServer - Tomcat initialized with port 8080 (http)
2025-05-25 09:42:09.386 [restartedMain] INFO  o.a.coyote.http11.Http11NioProtocol - Initializing ProtocolHandler ["http-nio-8080"]
2025-05-25 09:42:09.387 [restartedMain] INFO  o.a.catalina.core.StandardService - Starting service [Tomcat]
2025-05-25 09:42:09.387 [restartedMain] INFO  o.a.catalina.core.StandardEngine - Starting Servlet engine: [Apache Tomcat/10.1.34]
2025-05-25 09:42:09.397 [restartedMain] INFO  o.a.c.c.C.[Tomcat].[localhost].[/] - Initializing Spring embedded WebApplicationContext
2025-05-25 09:42:09.398 [restartedMain] INFO  o.s.b.w.s.c.ServletWebServerApplicationContext - Root WebApplicationContext: initialization completed in 327 ms
2025-05-25 09:42:09.459 [restartedMain] INFO  o.h.jpa.internal.util.LogHelper - HHH000204: Processing PersistenceUnitInfo [name: default]
2025-05-25 09:42:09.461 [restartedMain] INFO  o.h.c.i.RegionFactoryInitiator - HHH000026: Second-level cache disabled
2025-05-25 09:42:09.471 [restartedMain] INFO  o.s.o.j.p.SpringPersistenceUnitInfo - No LoadTimeWeaver setup: ignoring JPA class transformer
2025-05-25 09:42:09.472 [restartedMain] INFO  com.zaxxer.hikari.HikariDataSource - HikariPool-9 - Starting...
2025-05-25 09:42:09.475 [restartedMain] INFO  com.zaxxer.hikari.pool.HikariPool - HikariPool-9 - Added connection com.mysql.cj.jdbc.ConnectionImpl@29b972e2
2025-05-25 09:42:09.475 [restartedMain] INFO  com.zaxxer.hikari.HikariDataSource - HikariPool-9 - Start completed.
2025-05-25 09:42:09.476 [restartedMain] WARN  org.hibernate.orm.deprecation - HHH90000025: MySQL8Dialect does not need to be specified explicitly using 'hibernate.dialect' (remove the property setting and it will be selected by default)
2025-05-25 09:42:09.476 [restartedMain] WARN  org.hibernate.orm.deprecation - HHH90000026: MySQL8Dialect has been deprecated; use org.hibernate.dialect.MySQLDialect instead
2025-05-25 09:42:09.476 [restartedMain] INFO  o.hibernate.orm.connections.pooling - HHH10001005: Database info:
	Database JDBC URL [Connecting through datasource 'HikariDataSource (HikariPool-9)']
	Database driver: undefined/unknown
	Database version: 8.0
	Autocommit mode: undefined/unknown
	Isolation level: undefined/unknown
	Minimum pool size: undefined/unknown
	Maximum pool size: undefined/unknown
2025-05-25 09:42:09.541 [restartedMain] INFO  o.h.e.t.j.p.i.JtaPlatformInitiator - HHH000489: No JTA platform available (set 'hibernate.transaction.jta.platform' to enable JTA platform integration)
2025-05-25 09:42:09.560 [restartedMain] INFO  o.s.o.j.LocalContainerEntityManagerFactoryBean - Initialized JPA EntityManagerFactory for persistence unit 'default'
2025-05-25 09:42:09.753 [restartedMain] INFO  o.s.s.c.a.a.c.InitializeUserDetailsBeanManagerConfigurer$InitializeUserDetailsManagerConfigurer - Global AuthenticationManager configured with UserDetailsService bean with name customUserDetailService
2025-05-25 09:42:09.907 [restartedMain] WARN  o.s.b.a.o.j.JpaBaseConfiguration$JpaWebConfiguration - spring.jpa.open-in-view is enabled by default. Therefore, database queries may be performed during view rendering. Explicitly configure spring.jpa.open-in-view to disable this warning
2025-05-25 09:42:10.384 [restartedMain] INFO  o.s.b.d.a.OptionalLiveReloadServer - LiveReload server is running on port 35729
2025-05-25 09:42:10.393 [restartedMain] INFO  o.a.coyote.http11.Http11NioProtocol - Starting ProtocolHandler ["http-nio-8080"]
2025-05-25 09:42:10.395 [restartedMain] INFO  o.s.b.w.e.tomcat.TomcatWebServer - Tomcat started on port 8080 (http) with context path '/'
2025-05-25 09:42:10.398 [restartedMain] INFO  c.c.carsharing.CarsharingApplication - Started CarsharingApplication in 1.355 seconds (process running for 1586.613)
2025-05-25 09:42:10.399 [restartedMain] INFO  o.s.b.d.a.ConditionEvaluationDeltaLoggingListener - Condition evaluation unchanged
2025-05-25 09:42:32.242 [File Watcher] INFO  o.s.b.d.a.LocalDevToolsAutoConfiguration$RestartingClassPathChangeChangedEventListener - Restarting due to 1 class path change (0 additions, 1 deletion, 0 modifications)
2025-05-25 09:42:32.244 [Thread-35] INFO  o.s.b.w.e.tomcat.GracefulShutdown - Commencing graceful shutdown. Waiting for active requests to complete
2025-05-25 09:42:32.244 [tomcat-shutdown] INFO  o.a.coyote.http11.Http11NioProtocol - Pausing ProtocolHandler ["http-nio-8080"]
2025-05-25 09:42:32.258 [tomcat-shutdown] INFO  o.s.b.w.e.tomcat.GracefulShutdown - Graceful shutdown complete
2025-05-25 09:42:32.258 [Thread-35] INFO  o.a.coyote.http11.Http11NioProtocol - Stopping ProtocolHandler ["http-nio-8080"]
2025-05-25 09:42:32.260 [Thread-35] INFO  o.s.o.j.LocalContainerEntityManagerFactoryBean - Closing JPA EntityManagerFactory for persistence unit 'default'
2025-05-25 09:42:32.260 [Thread-35] INFO  com.zaxxer.hikari.HikariDataSource - HikariPool-9 - Shutdown initiated...
2025-05-25 09:42:32.262 [Thread-35] INFO  com.zaxxer.hikari.HikariDataSource - HikariPool-9 - Shutdown completed.
2025-05-25 09:42:32.341 [restartedMain] INFO  c.c.carsharing.CarsharingApplication - Starting CarsharingApplication using Java 23.0.2 with PID 5520 (C:\PNAYAVU_sem2\Carsharing\target\classes started by topmo in C:\PNAYAVU_sem2\Carsharing)
2025-05-25 09:42:32.341 [restartedMain] INFO  c.c.carsharing.CarsharingApplication - No active profile set, falling back to 1 default profile: "default"
2025-05-25 09:42:32.574 [restartedMain] INFO  o.s.d.r.c.RepositoryConfigurationDelegate - Bootstrapping Spring Data JPA repositories in DEFAULT mode.
2025-05-25 09:42:32.595 [restartedMain] INFO  o.s.d.r.c.RepositoryConfigurationDelegate - Finished Spring Data repository scanning in 21 ms. Found 3 JPA repository interfaces.
2025-05-25 09:42:32.812 [restartedMain] INFO  o.s.b.w.e.tomcat.TomcatWebServer - Tomcat initialized with port 8080 (http)
2025-05-25 09:42:32.813 [restartedMain] INFO  o.a.coyote.http11.Http11NioProtocol - Initializing ProtocolHandler ["http-nio-8080"]
2025-05-25 09:42:32.813 [restartedMain] INFO  o.a.catalina.core.StandardService - Starting service [Tomcat]
2025-05-25 09:42:32.813 [restartedMain] INFO  o.a.catalina.core.StandardEngine - Starting Servlet engine: [Apache Tomcat/10.1.34]
2025-05-25 09:42:32.835 [restartedMain] INFO  o.a.c.c.C.[Tomcat].[localhost].[/] - Initializing Spring embedded WebApplicationContext
2025-05-25 09:42:32.835 [restartedMain] INFO  o.s.b.w.s.c.ServletWebServerApplicationContext - Root WebApplicationContext: initialization completed in 493 ms
2025-05-25 09:42:32.926 [restartedMain] INFO  o.h.jpa.internal.util.LogHelper - HHH000204: Processing PersistenceUnitInfo [name: default]
2025-05-25 09:42:32.927 [restartedMain] INFO  o.h.c.i.RegionFactoryInitiator - HHH000026: Second-level cache disabled
2025-05-25 09:42:32.942 [restartedMain] INFO  o.s.o.j.p.SpringPersistenceUnitInfo - No LoadTimeWeaver setup: ignoring JPA class transformer
2025-05-25 09:42:32.943 [restartedMain] INFO  com.zaxxer.hikari.HikariDataSource - HikariPool-10 - Starting...
2025-05-25 09:42:32.953 [restartedMain] INFO  com.zaxxer.hikari.pool.HikariPool - HikariPool-10 - Added connection com.mysql.cj.jdbc.ConnectionImpl@2a091b48
2025-05-25 09:42:32.953 [restartedMain] INFO  com.zaxxer.hikari.HikariDataSource - HikariPool-10 - Start completed.
2025-05-25 09:42:32.954 [restartedMain] WARN  org.hibernate.orm.deprecation - HHH90000025: MySQL8Dialect does not need to be specified explicitly using 'hibernate.dialect' (remove the property setting and it will be selected by default)
2025-05-25 09:42:32.954 [restartedMain] WARN  org.hibernate.orm.deprecation - HHH90000026: MySQL8Dialect has been deprecated; use org.hibernate.dialect.MySQLDialect instead
2025-05-25 09:42:32.954 [restartedMain] INFO  o.hibernate.orm.connections.pooling - HHH10001005: Database info:
	Database JDBC URL [Connecting through datasource 'HikariDataSource (HikariPool-10)']
	Database driver: undefined/unknown
	Database version: 8.0
	Autocommit mode: undefined/unknown
	Isolation level: undefined/unknown
	Minimum pool size: undefined/unknown
	Maximum pool size: undefined/unknown
2025-05-25 09:42:33.049 [restartedMain] INFO  o.h.e.t.j.p.i.JtaPlatformInitiator - HHH000489: No JTA platform available (set 'hibernate.transaction.jta.platform' to enable JTA platform integration)
2025-05-25 09:42:33.072 [restartedMain] INFO  o.s.o.j.LocalContainerEntityManagerFactoryBean - Initialized JPA EntityManagerFactory for persistence unit 'default'
2025-05-25 09:42:33.337 [restartedMain] INFO  o.s.s.c.a.a.c.InitializeUserDetailsBeanManagerConfigurer$InitializeUserDetailsManagerConfigurer - Global AuthenticationManager configured with UserDetailsService bean with name customUserDetailService
2025-05-25 09:42:33.560 [restartedMain] WARN  o.s.b.a.o.j.JpaBaseConfiguration$JpaWebConfiguration - spring.jpa.open-in-view is enabled by default. Therefore, database queries may be performed during view rendering. Explicitly configure spring.jpa.open-in-view to disable this warning
2025-05-25 09:42:34.164 [restartedMain] INFO  o.s.b.d.a.OptionalLiveReloadServer - LiveReload server is running on port 35729
2025-05-25 09:42:34.173 [restartedMain] INFO  o.a.coyote.http11.Http11NioProtocol - Starting ProtocolHandler ["http-nio-8080"]
2025-05-25 09:42:34.175 [restartedMain] INFO  o.s.b.w.e.tomcat.TomcatWebServer - Tomcat started on port 8080 (http) with context path '/'
2025-05-25 09:42:34.179 [restartedMain] INFO  c.c.carsharing.CarsharingApplication - Started CarsharingApplication in 1.863 seconds (process running for 1610.39)
2025-05-25 09:42:34.180 [restartedMain] INFO  o.s.b.d.a.ConditionEvaluationDeltaLoggingListener - Condition evaluation unchanged
2025-05-25 09:42:35.613 [File Watcher] INFO  o.s.b.d.a.LocalDevToolsAutoConfiguration$RestartingClassPathChangeChangedEventListener - Restarting due to 1 class path change (1 addition, 0 deletions, 0 modifications)
2025-05-25 09:42:35.614 [Thread-39] INFO  o.s.b.w.e.tomcat.GracefulShutdown - Commencing graceful shutdown. Waiting for active requests to complete
2025-05-25 09:42:35.614 [tomcat-shutdown] INFO  o.a.coyote.http11.Http11NioProtocol - Pausing ProtocolHandler ["http-nio-8080"]
2025-05-25 09:42:35.625 [tomcat-shutdown] INFO  o.s.b.w.e.tomcat.GracefulShutdown - Graceful shutdown complete
2025-05-25 09:42:35.625 [Thread-39] INFO  o.a.coyote.http11.Http11NioProtocol - Stopping ProtocolHandler ["http-nio-8080"]
2025-05-25 09:42:35.627 [Thread-39] INFO  o.s.o.j.LocalContainerEntityManagerFactoryBean - Closing JPA EntityManagerFactory for persistence unit 'default'
2025-05-25 09:42:35.627 [Thread-39] INFO  com.zaxxer.hikari.HikariDataSource - HikariPool-10 - Shutdown initiated...
2025-05-25 09:42:35.628 [Thread-39] INFO  com.zaxxer.hikari.HikariDataSource - HikariPool-10 - Shutdown completed.
2025-05-25 09:42:35.685 [restartedMain] INFO  c.c.carsharing.CarsharingApplication - Starting CarsharingApplication using Java 23.0.2 with PID 5520 (C:\PNAYAVU_sem2\Carsharing\target\classes started by topmo in C:\PNAYAVU_sem2\Carsharing)
2025-05-25 09:42:35.685 [restartedMain] INFO  c.c.carsharing.CarsharingApplication - No active profile set, falling back to 1 default profile: "default"
2025-05-25 09:42:35.810 [restartedMain] INFO  o.s.d.r.c.RepositoryConfigurationDelegate - Bootstrapping Spring Data JPA repositories in DEFAULT mode.
2025-05-25 09:42:35.820 [restartedMain] INFO  o.s.d.r.c.RepositoryConfigurationDelegate - Finished Spring Data repository scanning in 10 ms. Found 3 JPA repository interfaces.
2025-05-25 09:42:35.947 [restartedMain] INFO  o.s.b.w.e.tomcat.TomcatWebServer - Tomcat initialized with port 8080 (http)
2025-05-25 09:42:35.947 [restartedMain] INFO  o.a.coyote.http11.Http11NioProtocol - Initializing ProtocolHandler ["http-nio-8080"]
2025-05-25 09:42:35.947 [restartedMain] INFO  o.a.catalina.core.StandardService - Starting service [Tomcat]
2025-05-25 09:42:35.947 [restartedMain] INFO  o.a.catalina.core.StandardEngine - Starting Servlet engine: [Apache Tomcat/10.1.34]
2025-05-25 09:42:35.964 [restartedMain] INFO  o.a.c.c.C.[Tomcat].[localhost].[/] - Initializing Spring embedded WebApplicationContext
2025-05-25 09:42:35.964 [restartedMain] INFO  o.s.b.w.s.c.ServletWebServerApplicationContext - Root WebApplicationContext: initialization completed in 278 ms
2025-05-25 09:42:36.024 [restartedMain] INFO  o.h.jpa.internal.util.LogHelper - HHH000204: Processing PersistenceUnitInfo [name: default]
2025-05-25 09:42:36.025 [restartedMain] INFO  o.h.c.i.RegionFactoryInitiator - HHH000026: Second-level cache disabled
2025-05-25 09:42:36.036 [restartedMain] INFO  o.s.o.j.p.SpringPersistenceUnitInfo - No LoadTimeWeaver setup: ignoring JPA class transformer
2025-05-25 09:42:36.037 [restartedMain] INFO  com.zaxxer.hikari.HikariDataSource - HikariPool-11 - Starting...
2025-05-25 09:42:36.039 [restartedMain] INFO  com.zaxxer.hikari.pool.HikariPool - HikariPool-11 - Added connection com.mysql.cj.jdbc.ConnectionImpl@4384ac6
2025-05-25 09:42:36.040 [restartedMain] INFO  com.zaxxer.hikari.HikariDataSource - HikariPool-11 - Start completed.
2025-05-25 09:42:36.040 [restartedMain] WARN  org.hibernate.orm.deprecation - HHH90000025: MySQL8Dialect does not need to be specified explicitly using 'hibernate.dialect' (remove the property setting and it will be selected by default)
2025-05-25 09:42:36.040 [restartedMain] WARN  org.hibernate.orm.deprecation - HHH90000026: MySQL8Dialect has been deprecated; use org.hibernate.dialect.MySQLDialect instead
2025-05-25 09:42:36.040 [restartedMain] INFO  o.hibernate.orm.connections.pooling - HHH10001005: Database info:
	Database JDBC URL [Connecting through datasource 'HikariDataSource (HikariPool-11)']
	Database driver: undefined/unknown
	Database version: 8.0
	Autocommit mode: undefined/unknown
	Isolation level: undefined/unknown
	Minimum pool size: undefined/unknown
	Maximum pool size: undefined/unknown
2025-05-25 09:42:36.103 [restartedMain] INFO  o.h.e.t.j.p.i.JtaPlatformInitiator - HHH000489: No JTA platform available (set 'hibernate.transaction.jta.platform' to enable JTA platform integration)
2025-05-25 09:42:36.121 [restartedMain] INFO  o.s.o.j.LocalContainerEntityManagerFactoryBean - Initialized JPA EntityManagerFactory for persistence unit 'default'
2025-05-25 09:42:36.326 [restartedMain] INFO  o.s.s.c.a.a.c.InitializeUserDetailsBeanManagerConfigurer$InitializeUserDetailsManagerConfigurer - Global AuthenticationManager configured with UserDetailsService bean with name customUserDetailService
2025-05-25 09:42:36.535 [restartedMain] WARN  o.s.b.a.o.j.JpaBaseConfiguration$JpaWebConfiguration - spring.jpa.open-in-view is enabled by default. Therefore, database queries may be performed during view rendering. Explicitly configure spring.jpa.open-in-view to disable this warning
2025-05-25 09:42:37.101 [restartedMain] INFO  o.s.b.d.a.OptionalLiveReloadServer - LiveReload server is running on port 35729
2025-05-25 09:42:37.110 [restartedMain] INFO  o.a.coyote.http11.Http11NioProtocol - Starting ProtocolHandler ["http-nio-8080"]
2025-05-25 09:42:37.112 [restartedMain] INFO  o.s.b.w.e.tomcat.TomcatWebServer - Tomcat started on port 8080 (http) with context path '/'
2025-05-25 09:42:37.114 [restartedMain] INFO  c.c.carsharing.CarsharingApplication - Started CarsharingApplication in 1.446 seconds (process running for 1613.325)
2025-05-25 09:42:37.115 [restartedMain] INFO  o.s.b.d.a.ConditionEvaluationDeltaLoggingListener - Condition evaluation unchanged
2025-05-25 09:43:46.865 [File Watcher] INFO  o.s.b.d.a.LocalDevToolsAutoConfiguration$RestartingClassPathChangeChangedEventListener - Restarting due to 1 class path change (0 additions, 0 deletions, 1 modification)
2025-05-25 09:43:46.866 [Thread-43] INFO  o.s.b.w.e.tomcat.GracefulShutdown - Commencing graceful shutdown. Waiting for active requests to complete
2025-05-25 09:43:46.866 [tomcat-shutdown] INFO  o.a.coyote.http11.Http11NioProtocol - Pausing ProtocolHandler ["http-nio-8080"]
2025-05-25 09:43:46.880 [tomcat-shutdown] INFO  o.s.b.w.e.tomcat.GracefulShutdown - Graceful shutdown complete
2025-05-25 09:43:46.881 [Thread-43] INFO  o.a.coyote.http11.Http11NioProtocol - Stopping ProtocolHandler ["http-nio-8080"]
2025-05-25 09:43:46.882 [Thread-43] INFO  o.s.o.j.LocalContainerEntityManagerFactoryBean - Closing JPA EntityManagerFactory for persistence unit 'default'
2025-05-25 09:43:46.882 [Thread-43] INFO  com.zaxxer.hikari.HikariDataSource - HikariPool-11 - Shutdown initiated...
2025-05-25 09:43:46.884 [Thread-43] INFO  com.zaxxer.hikari.HikariDataSource - HikariPool-11 - Shutdown completed.
2025-05-25 09:43:46.995 [restartedMain] INFO  c.c.carsharing.CarsharingApplication - Starting CarsharingApplication using Java 23.0.2 with PID 5520 (C:\PNAYAVU_sem2\Carsharing\target\classes started by topmo in C:\PNAYAVU_sem2\Carsharing)
2025-05-25 09:43:46.995 [restartedMain] INFO  c.c.carsharing.CarsharingApplication - No active profile set, falling back to 1 default profile: "default"
2025-05-25 09:43:47.157 [restartedMain] INFO  o.s.d.r.c.RepositoryConfigurationDelegate - Bootstrapping Spring Data JPA repositories in DEFAULT mode.
2025-05-25 09:43:47.168 [restartedMain] INFO  o.s.d.r.c.RepositoryConfigurationDelegate - Finished Spring Data repository scanning in 9 ms. Found 3 JPA repository interfaces.
2025-05-25 09:43:47.324 [restartedMain] INFO  o.s.b.w.e.tomcat.TomcatWebServer - Tomcat initialized with port 8080 (http)
2025-05-25 09:43:47.325 [restartedMain] INFO  o.a.coyote.http11.Http11NioProtocol - Initializing ProtocolHandler ["http-nio-8080"]
2025-05-25 09:43:47.325 [restartedMain] INFO  o.a.catalina.core.StandardService - Starting service [Tomcat]
2025-05-25 09:43:47.325 [restartedMain] INFO  o.a.catalina.core.StandardEngine - Starting Servlet engine: [Apache Tomcat/10.1.34]
2025-05-25 09:43:47.340 [restartedMain] INFO  o.a.c.c.C.[Tomcat].[localhost].[/] - Initializing Spring embedded WebApplicationContext
2025-05-25 09:43:47.340 [restartedMain] INFO  o.s.b.w.s.c.ServletWebServerApplicationContext - Root WebApplicationContext: initialization completed in 344 ms
2025-05-25 09:43:47.431 [restartedMain] INFO  o.h.jpa.internal.util.LogHelper - HHH000204: Processing PersistenceUnitInfo [name: default]
2025-05-25 09:43:47.433 [restartedMain] INFO  o.h.c.i.RegionFactoryInitiator - HHH000026: Second-level cache disabled
2025-05-25 09:43:47.439 [restartedMain] INFO  o.s.o.j.p.SpringPersistenceUnitInfo - No LoadTimeWeaver setup: ignoring JPA class transformer
2025-05-25 09:43:47.439 [restartedMain] INFO  com.zaxxer.hikari.HikariDataSource - HikariPool-12 - Starting...
2025-05-25 09:43:47.442 [restartedMain] INFO  com.zaxxer.hikari.pool.HikariPool - HikariPool-12 - Added connection com.mysql.cj.jdbc.ConnectionImpl@1d936d6a
2025-05-25 09:43:47.442 [restartedMain] INFO  com.zaxxer.hikari.HikariDataSource - HikariPool-12 - Start completed.
2025-05-25 09:43:47.442 [restartedMain] WARN  org.hibernate.orm.deprecation - HHH90000025: MySQL8Dialect does not need to be specified explicitly using 'hibernate.dialect' (remove the property setting and it will be selected by default)
2025-05-25 09:43:47.443 [restartedMain] WARN  org.hibernate.orm.deprecation - HHH90000026: MySQL8Dialect has been deprecated; use org.hibernate.dialect.MySQLDialect instead
2025-05-25 09:43:47.443 [restartedMain] INFO  o.hibernate.orm.connections.pooling - HHH10001005: Database info:
	Database JDBC URL [Connecting through datasource 'HikariDataSource (HikariPool-12)']
	Database driver: undefined/unknown
	Database version: 8.0
	Autocommit mode: undefined/unknown
	Isolation level: undefined/unknown
	Minimum pool size: undefined/unknown
	Maximum pool size: undefined/unknown
2025-05-25 09:43:47.517 [restartedMain] INFO  o.h.e.t.j.p.i.JtaPlatformInitiator - HHH000489: No JTA platform available (set 'hibernate.transaction.jta.platform' to enable JTA platform integration)
2025-05-25 09:43:47.540 [restartedMain] INFO  o.s.o.j.LocalContainerEntityManagerFactoryBean - Initialized JPA EntityManagerFactory for persistence unit 'default'
2025-05-25 09:43:47.734 [restartedMain] INFO  o.s.s.c.a.a.c.InitializeUserDetailsBeanManagerConfigurer$InitializeUserDetailsManagerConfigurer - Global AuthenticationManager configured with UserDetailsService bean with name customUserDetailService
2025-05-25 09:43:47.892 [restartedMain] WARN  o.s.b.a.o.j.JpaBaseConfiguration$JpaWebConfiguration - spring.jpa.open-in-view is enabled by default. Therefore, database queries may be performed during view rendering. Explicitly configure spring.jpa.open-in-view to disable this warning
2025-05-25 09:43:48.390 [restartedMain] INFO  o.s.b.d.a.OptionalLiveReloadServer - LiveReload server is running on port 35729
2025-05-25 09:43:48.399 [restartedMain] INFO  o.a.coyote.http11.Http11NioProtocol - Starting ProtocolHandler ["http-nio-8080"]
2025-05-25 09:43:48.401 [restartedMain] INFO  o.s.b.w.e.tomcat.TomcatWebServer - Tomcat started on port 8080 (http) with context path '/'
2025-05-25 09:43:48.403 [restartedMain] INFO  c.c.carsharing.CarsharingApplication - Started CarsharingApplication in 1.468 seconds (process running for 1684.601)
2025-05-25 09:43:48.404 [restartedMain] INFO  o.s.b.d.a.ConditionEvaluationDeltaLoggingListener - Condition evaluation unchanged
2025-05-25 09:44:41.049 [SpringApplicationShutdownHook] INFO  o.s.b.w.e.tomcat.GracefulShutdown - Commencing graceful shutdown. Waiting for active requests to complete
2025-05-25 09:44:41.074 [tomcat-shutdown] INFO  o.s.b.w.e.tomcat.GracefulShutdown - Graceful shutdown complete
2025-05-25 09:44:41.076 [SpringApplicationShutdownHook] INFO  o.s.o.j.LocalContainerEntityManagerFactoryBean - Closing JPA EntityManagerFactory for persistence unit 'default'
2025-05-25 09:44:41.076 [SpringApplicationShutdownHook] INFO  com.zaxxer.hikari.HikariDataSource - HikariPool-12 - Shutdown initiated...
2025-05-25 09:44:41.077 [SpringApplicationShutdownHook] INFO  com.zaxxer.hikari.HikariDataSource - HikariPool-12 - Shutdown completed.
2025-05-25 09:44:43.125 [background-preinit] INFO  o.h.validator.internal.util.Version - HV000001: Hibernate Validator 8.0.2.Final
2025-05-25 09:44:43.169 [restartedMain] INFO  c.c.carsharing.CarsharingApplication - Starting CarsharingApplication using Java 23.0.2 with PID 2988 (C:\PNAYAVU_sem2\Carsharing\target\classes started by topmo in C:\PNAYAVU_sem2\Carsharing)
2025-05-25 09:44:43.170 [restartedMain] INFO  c.c.carsharing.CarsharingApplication - No active profile set, falling back to 1 default profile: "default"
2025-05-25 09:44:43.214 [restartedMain] INFO  o.s.b.d.e.DevToolsPropertyDefaultsPostProcessor - Devtools property defaults active! Set 'spring.devtools.add-properties' to 'false' to disable
2025-05-25 09:44:43.215 [restartedMain] INFO  o.s.b.d.e.DevToolsPropertyDefaultsPostProcessor - For additional web related logging consider setting the 'logging.level.web' property to 'DEBUG'
2025-05-25 09:44:43.820 [restartedMain] INFO  o.s.d.r.c.RepositoryConfigurationDelegate - Bootstrapping Spring Data JPA repositories in DEFAULT mode.
2025-05-25 09:44:43.864 [restartedMain] INFO  o.s.d.r.c.RepositoryConfigurationDelegate - Finished Spring Data repository scanning in 34 ms. Found 3 JPA repository interfaces.
2025-05-25 09:44:44.437 [restartedMain] INFO  o.s.b.w.e.tomcat.TomcatWebServer - Tomcat initialized with port 8080 (http)
2025-05-25 09:44:44.447 [restartedMain] INFO  o.a.coyote.http11.Http11NioProtocol - Initializing ProtocolHandler ["http-nio-8080"]
2025-05-25 09:44:44.448 [restartedMain] INFO  o.a.catalina.core.StandardService - Starting service [Tomcat]
2025-05-25 09:44:44.448 [restartedMain] INFO  o.a.catalina.core.StandardEngine - Starting Servlet engine: [Apache Tomcat/10.1.34]
2025-05-25 09:44:44.481 [restartedMain] INFO  o.a.c.c.C.[Tomcat].[localhost].[/] - Initializing Spring embedded WebApplicationContext
2025-05-25 09:44:44.481 [restartedMain] INFO  o.s.b.w.s.c.ServletWebServerApplicationContext - Root WebApplicationContext: initialization completed in 1266 ms
2025-05-25 09:44:44.626 [restartedMain] INFO  o.h.jpa.internal.util.LogHelper - HHH000204: Processing PersistenceUnitInfo [name: default]
2025-05-25 09:44:44.664 [restartedMain] INFO  org.hibernate.Version - HHH000412: Hibernate ORM core version 6.6.5.Final
2025-05-25 09:44:44.689 [restartedMain] INFO  o.h.c.i.RegionFactoryInitiator - HHH000026: Second-level cache disabled
2025-05-25 09:44:44.865 [restartedMain] INFO  o.s.o.j.p.SpringPersistenceUnitInfo - No LoadTimeWeaver setup: ignoring JPA class transformer
2025-05-25 09:44:44.889 [restartedMain] INFO  com.zaxxer.hikari.HikariDataSource - HikariPool-1 - Starting...
2025-05-25 09:44:44.989 [restartedMain] INFO  com.zaxxer.hikari.pool.HikariPool - HikariPool-1 - Added connection com.mysql.cj.jdbc.ConnectionImpl@1a345d6e
2025-05-25 09:44:44.990 [restartedMain] INFO  com.zaxxer.hikari.HikariDataSource - HikariPool-1 - Start completed.
2025-05-25 09:44:45.018 [restartedMain] WARN  org.hibernate.orm.deprecation - HHH90000025: MySQL8Dialect does not need to be specified explicitly using 'hibernate.dialect' (remove the property setting and it will be selected by default)
2025-05-25 09:44:45.019 [restartedMain] WARN  org.hibernate.orm.deprecation - HHH90000026: MySQL8Dialect has been deprecated; use org.hibernate.dialect.MySQLDialect instead
2025-05-25 09:44:45.030 [restartedMain] INFO  o.hibernate.orm.connections.pooling - HHH10001005: Database info:
	Database JDBC URL [Connecting through datasource 'HikariDataSource (HikariPool-1)']
	Database driver: undefined/unknown
	Database version: 8.0
	Autocommit mode: undefined/unknown
	Isolation level: undefined/unknown
	Minimum pool size: undefined/unknown
	Maximum pool size: undefined/unknown
2025-05-25 09:44:45.735 [restartedMain] INFO  o.h.e.t.j.p.i.JtaPlatformInitiator - HHH000489: No JTA platform available (set 'hibernate.transaction.jta.platform' to enable JTA platform integration)
2025-05-25 09:44:45.798 [restartedMain] INFO  o.s.o.j.LocalContainerEntityManagerFactoryBean - Initialized JPA EntityManagerFactory for persistence unit 'default'
2025-05-25 09:44:46.032 [restartedMain] INFO  o.s.d.j.r.query.QueryEnhancerFactory - Hibernate is in classpath; If applicable, HQL parser will be used.
2025-05-25 09:44:46.550 [restartedMain] INFO  o.s.s.c.a.a.c.InitializeUserDetailsBeanManagerConfigurer$InitializeUserDetailsManagerConfigurer - Global AuthenticationManager configured with UserDetailsService bean with name customUserDetailService
2025-05-25 09:44:47.234 [restartedMain] WARN  o.s.b.a.o.j.JpaBaseConfiguration$JpaWebConfiguration - spring.jpa.open-in-view is enabled by default. Therefore, database queries may be performed during view rendering. Explicitly configure spring.jpa.open-in-view to disable this warning
2025-05-25 09:44:48.094 [restartedMain] INFO  o.s.b.d.a.OptionalLiveReloadServer - LiveReload server is running on port 35729
2025-05-25 09:44:48.113 [restartedMain] INFO  o.a.coyote.http11.Http11NioProtocol - Starting ProtocolHandler ["http-nio-8080"]
2025-05-25 09:44:48.127 [restartedMain] INFO  o.s.b.w.e.tomcat.TomcatWebServer - Tomcat started on port 8080 (http) with context path '/'
2025-05-25 09:44:48.135 [restartedMain] INFO  c.c.carsharing.CarsharingApplication - Started CarsharingApplication in 5.375 seconds (process running for 6.144)
2025-05-25 09:44:54.570 [http-nio-8080-exec-3] INFO  o.a.c.c.C.[Tomcat].[localhost].[/] - Initializing Spring DispatcherServlet 'dispatcherServlet'
2025-05-25 09:44:54.570 [http-nio-8080-exec-3] INFO  o.s.web.servlet.DispatcherServlet - Initializing Servlet 'dispatcherServlet'
2025-05-25 09:44:54.571 [http-nio-8080-exec-3] INFO  o.s.web.servlet.DispatcherServlet - Completed initialization in 1 ms
2025-05-25 09:44:54.653 [http-nio-8080-exec-3] ERROR o.a.c.c.C.[.[.[.[dispatcherServlet] - Servlet.service() for servlet [dispatcherServlet] in context with path [] threw exceptionio.jsonwebtoken.security.SignatureException: JWT signature does not match locally computed signature. JWT validity cannot be asserted and should not be trusted.
	at io.jsonwebtoken.impl.DefaultJwtParser.parse(DefaultJwtParser.java:399)

2025-05-25 09:45:12.420 [http-nio-8080-exec-1] WARN  o.s.h.c.j.MappingJackson2HttpMessageConverter - Failed to evaluate Jackson deserialization for type [[simple type, class com.carsharing.carsharing.model.Booking]]: com.fasterxml.jackson.databind.exc.InvalidDefinitionException: Cannot handle managed/back reference 'car-booking': back reference type (`java.util.List<com.carsharing.carsharing.model.Booking>`) not compatible with managed type (com.carsharing.carsharing.model.Booking)
2025-05-25 09:45:12.423 [http-nio-8080-exec-1] WARN  o.s.h.c.j.MappingJackson2HttpMessageConverter - Failed to evaluate Jackson deserialization for type [[simple type, class com.carsharing.carsharing.model.Booking]]: com.fasterxml.jackson.databind.exc.InvalidDefinitionException: Cannot handle managed/back reference 'car-booking': back reference type (`java.util.List<com.carsharing.carsharing.model.Booking>`) not compatible with managed type (com.carsharing.carsharing.model.Booking)
2025-05-25 09:45:12.432 [http-nio-8080-exec-1] WARN  o.s.w.s.m.m.a.ExceptionHandlerExceptionResolver - Resolved [org.springframework.web.HttpMediaTypeNotSupportedException: Content-Type 'application/json;charset=UTF-8' is not supported]
2025-05-25 09:45:44.965 [http-nio-8080-exec-8] WARN  o.s.h.c.j.MappingJackson2HttpMessageConverter - Failed to evaluate Jackson deserialization for type [[simple type, class com.carsharing.carsharing.model.Booking]]: com.fasterxml.jackson.databind.exc.InvalidDefinitionException: Cannot handle managed/back reference 'car-booking': back reference type (`java.util.List<com.carsharing.carsharing.model.Booking>`) not compatible with managed type (com.carsharing.carsharing.model.Booking)
2025-05-25 09:45:44.965 [http-nio-8080-exec-8] WARN  o.s.h.c.j.MappingJackson2HttpMessageConverter - Failed to evaluate Jackson deserialization for type [[simple type, class com.carsharing.carsharing.model.Booking]]: com.fasterxml.jackson.databind.exc.InvalidDefinitionException: Cannot handle managed/back reference 'car-booking': back reference type (`java.util.List<com.carsharing.carsharing.model.Booking>`) not compatible with managed type (com.carsharing.carsharing.model.Booking)
2025-05-25 09:45:44.967 [http-nio-8080-exec-8] WARN  o.s.w.s.m.m.a.ExceptionHandlerExceptionResolver - Resolved [org.springframework.web.HttpMediaTypeNotSupportedException: Content-Type 'application/json;charset=UTF-8' is not supported]
2025-05-25 09:45:50.540 [http-nio-8080-exec-9] WARN  o.s.h.c.j.MappingJackson2HttpMessageConverter - Failed to evaluate Jackson deserialization for type [[simple type, class com.carsharing.carsharing.model.Booking]]: com.fasterxml.jackson.databind.exc.InvalidDefinitionException: Cannot handle managed/back reference 'car-booking': back reference type (`java.util.List<com.carsharing.carsharing.model.Booking>`) not compatible with managed type (com.carsharing.carsharing.model.Booking)
2025-05-25 09:45:50.541 [http-nio-8080-exec-9] WARN  o.s.h.c.j.MappingJackson2HttpMessageConverter - Failed to evaluate Jackson deserialization for type [[simple type, class com.carsharing.carsharing.model.Booking]]: com.fasterxml.jackson.databind.exc.InvalidDefinitionException: Cannot handle managed/back reference 'car-booking': back reference type (`java.util.List<com.carsharing.carsharing.model.Booking>`) not compatible with managed type (com.carsharing.carsharing.model.Booking)
2025-05-25 09:45:50.543 [http-nio-8080-exec-9] WARN  o.s.w.s.m.m.a.ExceptionHandlerExceptionResolver - Resolved [org.springframework.web.HttpMediaTypeNotSupportedException: Content-Type 'application/json;charset=UTF-8' is not supported]
2025-05-25 09:48:10.388 [SpringApplicationShutdownHook] INFO  o.s.b.w.e.tomcat.GracefulShutdown - Commencing graceful shutdown. Waiting for active requests to complete
2025-05-25 09:48:10.402 [tomcat-shutdown] INFO  o.s.b.w.e.tomcat.GracefulShutdown - Graceful shutdown complete
2025-05-25 09:48:10.407 [SpringApplicationShutdownHook] INFO  o.s.o.j.LocalContainerEntityManagerFactoryBean - Closing JPA EntityManagerFactory for persistence unit 'default'
2025-05-25 09:48:10.410 [SpringApplicationShutdownHook] INFO  com.zaxxer.hikari.HikariDataSource - HikariPool-1 - Shutdown initiated...
2025-05-25 09:48:10.418 [SpringApplicationShutdownHook] INFO  com.zaxxer.hikari.HikariDataSource - HikariPool-1 - Shutdown completed.
2025-05-25 09:48:13.874 [background-preinit] INFO  o.h.validator.internal.util.Version - HV000001: Hibernate Validator 8.0.2.Final
2025-05-25 09:48:13.908 [restartedMain] INFO  c.c.carsharing.CarsharingApplication - Starting CarsharingApplication using Java 23.0.2 with PID 10632 (C:\PNAYAVU_sem2\Carsharing\target\classes started by topmo in C:\PNAYAVU_sem2\Carsharing)
2025-05-25 09:48:13.909 [restartedMain] INFO  c.c.carsharing.CarsharingApplication - No active profile set, falling back to 1 default profile: "default"
2025-05-25 09:48:13.951 [restartedMain] INFO  o.s.b.d.e.DevToolsPropertyDefaultsPostProcessor - Devtools property defaults active! Set 'spring.devtools.add-properties' to 'false' to disable
2025-05-25 09:48:13.951 [restartedMain] INFO  o.s.b.d.e.DevToolsPropertyDefaultsPostProcessor - For additional web related logging consider setting the 'logging.level.web' property to 'DEBUG'
2025-05-25 09:48:14.609 [restartedMain] INFO  o.s.d.r.c.RepositoryConfigurationDelegate - Bootstrapping Spring Data JPA repositories in DEFAULT mode.
2025-05-25 09:48:14.650 [restartedMain] INFO  o.s.d.r.c.RepositoryConfigurationDelegate - Finished Spring Data repository scanning in 35 ms. Found 3 JPA repository interfaces.
2025-05-25 09:48:15.222 [restartedMain] INFO  o.s.b.w.e.tomcat.TomcatWebServer - Tomcat initialized with port 8080 (http)
2025-05-25 09:48:15.230 [restartedMain] INFO  o.a.coyote.http11.Http11NioProtocol - Initializing ProtocolHandler ["http-nio-8080"]
2025-05-25 09:48:15.231 [restartedMain] INFO  o.a.catalina.core.StandardService - Starting service [Tomcat]
2025-05-25 09:48:15.232 [restartedMain] INFO  o.a.catalina.core.StandardEngine - Starting Servlet engine: [Apache Tomcat/10.1.34]
2025-05-25 09:48:15.263 [restartedMain] INFO  o.a.c.c.C.[Tomcat].[localhost].[/] - Initializing Spring embedded WebApplicationContext
2025-05-25 09:48:15.264 [restartedMain] INFO  o.s.b.w.s.c.ServletWebServerApplicationContext - Root WebApplicationContext: initialization completed in 1313 ms
2025-05-25 09:48:15.409 [restartedMain] INFO  o.h.jpa.internal.util.LogHelper - HHH000204: Processing PersistenceUnitInfo [name: default]
2025-05-25 09:48:15.448 [restartedMain] INFO  org.hibernate.Version - HHH000412: Hibernate ORM core version 6.6.5.Final
2025-05-25 09:48:15.474 [restartedMain] INFO  o.h.c.i.RegionFactoryInitiator - HHH000026: Second-level cache disabled
2025-05-25 09:48:15.657 [restartedMain] INFO  o.s.o.j.p.SpringPersistenceUnitInfo - No LoadTimeWeaver setup: ignoring JPA class transformer
2025-05-25 09:48:15.678 [restartedMain] INFO  com.zaxxer.hikari.HikariDataSource - HikariPool-1 - Starting...
2025-05-25 09:48:15.776 [restartedMain] INFO  com.zaxxer.hikari.pool.HikariPool - HikariPool-1 - Added connection com.mysql.cj.jdbc.ConnectionImpl@1a345d6e
2025-05-25 09:48:15.778 [restartedMain] INFO  com.zaxxer.hikari.HikariDataSource - HikariPool-1 - Start completed.
2025-05-25 09:48:15.807 [restartedMain] WARN  org.hibernate.orm.deprecation - HHH90000025: MySQL8Dialect does not need to be specified explicitly using 'hibernate.dialect' (remove the property setting and it will be selected by default)
2025-05-25 09:48:15.808 [restartedMain] WARN  org.hibernate.orm.deprecation - HHH90000026: MySQL8Dialect has been deprecated; use org.hibernate.dialect.MySQLDialect instead
2025-05-25 09:48:15.820 [restartedMain] INFO  o.hibernate.orm.connections.pooling - HHH10001005: Database info:
	Database JDBC URL [Connecting through datasource 'HikariDataSource (HikariPool-1)']
	Database driver: undefined/unknown
	Database version: 8.0
	Autocommit mode: undefined/unknown
	Isolation level: undefined/unknown
	Minimum pool size: undefined/unknown
	Maximum pool size: undefined/unknown
2025-05-25 09:48:16.556 [restartedMain] INFO  o.h.e.t.j.p.i.JtaPlatformInitiator - HHH000489: No JTA platform available (set 'hibernate.transaction.jta.platform' to enable JTA platform integration)
2025-05-25 09:48:16.617 [restartedMain] INFO  o.s.o.j.LocalContainerEntityManagerFactoryBean - Initialized JPA EntityManagerFactory for persistence unit 'default'
2025-05-25 09:48:16.853 [restartedMain] INFO  o.s.d.j.r.query.QueryEnhancerFactory - Hibernate is in classpath; If applicable, HQL parser will be used.
2025-05-25 09:48:17.370 [restartedMain] INFO  o.s.s.c.a.a.c.InitializeUserDetailsBeanManagerConfigurer$InitializeUserDetailsManagerConfigurer - Global AuthenticationManager configured with UserDetailsService bean with name customUserDetailService
2025-05-25 09:48:18.020 [restartedMain] WARN  o.s.b.a.o.j.JpaBaseConfiguration$JpaWebConfiguration - spring.jpa.open-in-view is enabled by default. Therefore, database queries may be performed during view rendering. Explicitly configure spring.jpa.open-in-view to disable this warning
2025-05-25 09:48:18.831 [restartedMain] INFO  o.s.b.d.a.OptionalLiveReloadServer - LiveReload server is running on port 35729
2025-05-25 09:48:18.854 [restartedMain] INFO  o.a.coyote.http11.Http11NioProtocol - Starting ProtocolHandler ["http-nio-8080"]
2025-05-25 09:48:18.868 [restartedMain] INFO  o.s.b.w.e.tomcat.TomcatWebServer - Tomcat started on port 8080 (http) with context path '/'
2025-05-25 09:48:18.874 [restartedMain] INFO  c.c.carsharing.CarsharingApplication - Started CarsharingApplication in 5.363 seconds (process running for 5.949)
2025-05-25 09:48:23.459 [http-nio-8080-exec-1] INFO  o.a.c.c.C.[Tomcat].[localhost].[/] - Initializing Spring DispatcherServlet 'dispatcherServlet'
2025-05-25 09:48:23.459 [http-nio-8080-exec-1] INFO  o.s.web.servlet.DispatcherServlet - Initializing Servlet 'dispatcherServlet'
2025-05-25 09:48:23.460 [http-nio-8080-exec-1] INFO  o.s.web.servlet.DispatcherServlet - Completed initialization in 1 ms
2025-05-25 09:48:23.532 [http-nio-8080-exec-1] ERROR o.a.c.c.C.[.[.[.[dispatcherServlet] - Servlet.service() for servlet [dispatcherServlet] in context with path [] threw exceptionio.jsonwebtoken.security.SignatureException: JWT signature does not match locally computed signature. JWT validity cannot be asserted and should not be trusted.
	at io.jsonwebtoken.impl.DefaultJwtParser.parse(DefaultJwtParser.java:399)

2025-05-25 09:48:23.546 [http-nio-8080-exec-2] ERROR o.a.c.c.C.[.[.[.[dispatcherServlet] - Servlet.service() for servlet [dispatcherServlet] in context with path [] threw exceptionio.jsonwebtoken.security.SignatureException: JWT signature does not match locally computed signature. JWT validity cannot be asserted and should not be trusted.
	at io.jsonwebtoken.impl.DefaultJwtParser.parse(DefaultJwtParser.java:399)

2025-05-25 09:48:40.702 [http-nio-8080-exec-7] INFO  c.c.carsharing.cache.LruCache - Cache add: Added item with key 3 to cache 
2025-05-25 09:49:09.724 [http-nio-8080-exec-3] INFO  c.c.carsharing.cache.LruCache - Cache add: Added item with key 4 to cache 
2025-05-25 09:49:27.933 [http-nio-8080-exec-8] INFO  c.c.carsharing.cache.LruCache - Cache add: Added item with key 5 to cache 
2025-05-25 09:51:42.867 [SpringApplicationShutdownHook] INFO  o.s.b.w.e.tomcat.GracefulShutdown - Commencing graceful shutdown. Waiting for active requests to complete
2025-05-25 09:51:42.880 [tomcat-shutdown] INFO  o.s.b.w.e.tomcat.GracefulShutdown - Graceful shutdown complete
2025-05-25 09:51:42.885 [SpringApplicationShutdownHook] INFO  o.s.o.j.LocalContainerEntityManagerFactoryBean - Closing JPA EntityManagerFactory for persistence unit 'default'
2025-05-25 09:51:42.887 [SpringApplicationShutdownHook] INFO  com.zaxxer.hikari.HikariDataSource - HikariPool-1 - Shutdown initiated...
2025-05-25 09:51:42.892 [SpringApplicationShutdownHook] INFO  com.zaxxer.hikari.HikariDataSource - HikariPool-1 - Shutdown completed.
