2025-05-13 00:51:32.887 [HikariPool-4 housekeeper] WARN  com.zaxxer.hikari.pool.HikariPool - HikariPool-4 - Thread starvation or clock leap detected (housekeeper delta=57m24s610ms458µs500ns).
2025-05-13 00:51:53.264 [SpringApplicationShutdownHook] INFO  o.s.b.w.e.tomcat.GracefulShutdown - Commencing graceful shutdown. Waiting for active requests to complete
2025-05-13 00:51:53.280 [tomcat-shutdown] INFO  o.s.b.w.e.tomcat.GracefulShutdown - Graceful shutdown complete
2025-05-13 00:51:53.282 [SpringApplicationShutdownHook] INFO  o.s.o.j.LocalContainerEntityManagerFactoryBean - Closing JPA EntityManagerFactory for persistence unit 'default'
2025-05-13 00:51:53.283 [SpringApplicationShutdownHook] INFO  com.zaxxer.hikari.HikariDataSource - HikariPool-4 - Shutdown initiated...
2025-05-13 00:51:53.285 [SpringApplicationShutdownHook] INFO  com.zaxxer.hikari.HikariDataSource - HikariPool-4 - Shutdown completed.
2025-05-13 01:24:35.361 [background-preinit] INFO  o.h.validator.internal.util.Version - HV000001: Hibernate Validator 8.0.2.Final
2025-05-13 01:24:35.398 [restartedMain] INFO  c.c.carsharing.CarsharingApplication - Starting CarsharingApplication using Java 23.0.2 with PID 1684 (C:\PNAYAVU_sem2\Carsharing\target\classes started by topmo in C:\PNAYAVU_sem2\Carsharing)
2025-05-13 01:24:35.399 [restartedMain] INFO  c.c.carsharing.CarsharingApplication - No active profile set, falling back to 1 default profile: "default"
2025-05-13 01:24:35.445 [restartedMain] INFO  o.s.b.d.e.DevToolsPropertyDefaultsPostProcessor - Devtools property defaults active! Set 'spring.devtools.add-properties' to 'false' to disable
2025-05-13 01:24:35.445 [restartedMain] INFO  o.s.b.d.e.DevToolsPropertyDefaultsPostProcessor - For additional web related logging consider setting the 'logging.level.web' property to 'DEBUG'
2025-05-13 01:24:36.057 [restartedMain] INFO  o.s.d.r.c.RepositoryConfigurationDelegate - Bootstrapping Spring Data JPA repositories in DEFAULT mode.
2025-05-13 01:24:36.101 [restartedMain] INFO  o.s.d.r.c.RepositoryConfigurationDelegate - Finished Spring Data repository scanning in 38 ms. Found 3 JPA repository interfaces.
2025-05-13 01:24:36.707 [restartedMain] INFO  o.s.b.w.e.tomcat.TomcatWebServer - Tomcat initialized with port 8080 (http)
2025-05-13 01:24:36.716 [restartedMain] INFO  o.a.coyote.http11.Http11NioProtocol - Initializing ProtocolHandler ["http-nio-8080"]
2025-05-13 01:24:36.717 [restartedMain] INFO  o.a.catalina.core.StandardService - Starting service [Tomcat]
2025-05-13 01:24:36.717 [restartedMain] INFO  o.a.catalina.core.StandardEngine - Starting Servlet engine: [Apache Tomcat/10.1.34]
2025-05-13 01:24:36.753 [restartedMain] INFO  o.a.c.c.C.[Tomcat].[localhost].[/] - Initializing Spring embedded WebApplicationContext
2025-05-13 01:24:36.753 [restartedMain] INFO  o.s.b.w.s.c.ServletWebServerApplicationContext - Root WebApplicationContext: initialization completed in 1308 ms
2025-05-13 01:24:36.892 [restartedMain] INFO  o.h.jpa.internal.util.LogHelper - HHH000204: Processing PersistenceUnitInfo [name: default]
2025-05-13 01:24:36.932 [restartedMain] INFO  org.hibernate.Version - HHH000412: Hibernate ORM core version 6.6.5.Final
2025-05-13 01:24:36.960 [restartedMain] INFO  o.h.c.i.RegionFactoryInitiator - HHH000026: Second-level cache disabled
2025-05-13 01:24:37.179 [restartedMain] INFO  o.s.o.j.p.SpringPersistenceUnitInfo - No LoadTimeWeaver setup: ignoring JPA class transformer
2025-05-13 01:24:37.201 [restartedMain] INFO  com.zaxxer.hikari.HikariDataSource - HikariPool-1 - Starting...
2025-05-13 01:24:37.311 [restartedMain] INFO  com.zaxxer.hikari.pool.HikariPool - HikariPool-1 - Added connection com.mysql.cj.jdbc.ConnectionImpl@71615351
2025-05-13 01:24:37.312 [restartedMain] INFO  com.zaxxer.hikari.HikariDataSource - HikariPool-1 - Start completed.
2025-05-13 01:24:37.342 [restartedMain] WARN  org.hibernate.orm.deprecation - HHH90000025: MySQL8Dialect does not need to be specified explicitly using 'hibernate.dialect' (remove the property setting and it will be selected by default)
2025-05-13 01:24:37.342 [restartedMain] WARN  org.hibernate.orm.deprecation - HHH90000026: MySQL8Dialect has been deprecated; use org.hibernate.dialect.MySQLDialect instead
2025-05-13 01:24:37.355 [restartedMain] INFO  o.hibernate.orm.connections.pooling - HHH10001005: Database info:
	Database JDBC URL [Connecting through datasource 'HikariDataSource (HikariPool-1)']
	Database driver: undefined/unknown
	Database version: 8.0
	Autocommit mode: undefined/unknown
	Isolation level: undefined/unknown
	Minimum pool size: undefined/unknown
	Maximum pool size: undefined/unknown
2025-05-13 01:24:38.163 [restartedMain] INFO  o.h.e.t.j.p.i.JtaPlatformInitiator - HHH000489: No JTA platform available (set 'hibernate.transaction.jta.platform' to enable JTA platform integration)
2025-05-13 01:24:38.284 [restartedMain] INFO  o.s.o.j.LocalContainerEntityManagerFactoryBean - Initialized JPA EntityManagerFactory for persistence unit 'default'
2025-05-13 01:24:38.602 [restartedMain] INFO  o.s.d.j.r.query.QueryEnhancerFactory - Hibernate is in classpath; If applicable, HQL parser will be used.
2025-05-13 01:24:39.902 [restartedMain] WARN  o.s.b.a.o.j.JpaBaseConfiguration$JpaWebConfiguration - spring.jpa.open-in-view is enabled by default. Therefore, database queries may be performed during view rendering. Explicitly configure spring.jpa.open-in-view to disable this warning
2025-05-13 01:24:40.684 [restartedMain] INFO  o.s.b.d.a.OptionalLiveReloadServer - LiveReload server is running on port 35729
2025-05-13 01:24:40.745 [restartedMain] INFO  o.a.coyote.http11.Http11NioProtocol - Starting ProtocolHandler ["http-nio-8080"]
2025-05-13 01:24:40.770 [restartedMain] INFO  o.s.b.w.e.tomcat.TomcatWebServer - Tomcat started on port 8080 (http) with context path '/'
2025-05-13 01:24:40.785 [restartedMain] INFO  c.c.carsharing.CarsharingApplication - Started CarsharingApplication in 5.801 seconds (process running for 6.436)
2025-05-13 02:41:34.911 [SpringApplicationShutdownHook] INFO  o.s.b.w.e.tomcat.GracefulShutdown - Commencing graceful shutdown. Waiting for active requests to complete
2025-05-13 02:41:34.977 [tomcat-shutdown] INFO  o.s.b.w.e.tomcat.GracefulShutdown - Graceful shutdown complete
2025-05-13 02:41:35.026 [SpringApplicationShutdownHook] INFO  o.s.o.j.LocalContainerEntityManagerFactoryBean - Closing JPA EntityManagerFactory for persistence unit 'default'
2025-05-13 02:41:35.100 [SpringApplicationShutdownHook] INFO  com.zaxxer.hikari.HikariDataSource - HikariPool-1 - Shutdown initiated...
2025-05-13 02:41:35.118 [SpringApplicationShutdownHook] INFO  com.zaxxer.hikari.HikariDataSource - HikariPool-1 - Shutdown completed.
2025-05-13 04:13:41.943 [background-preinit] INFO  o.h.validator.internal.util.Version - HV000001: Hibernate Validator 8.0.2.Final
2025-05-13 04:13:42.000 [restartedMain] INFO  c.c.carsharing.CarsharingApplication - Starting CarsharingApplication using Java 23.0.2 with PID 17124 (C:\PNAYAVU_sem2\Carsharing\target\classes started by topmo in C:\PNAYAVU_sem2\Carsharing)
2025-05-13 04:13:42.002 [restartedMain] INFO  c.c.carsharing.CarsharingApplication - No active profile set, falling back to 1 default profile: "default"
2025-05-13 04:13:42.060 [restartedMain] INFO  o.s.b.d.e.DevToolsPropertyDefaultsPostProcessor - Devtools property defaults active! Set 'spring.devtools.add-properties' to 'false' to disable
2025-05-13 04:13:42.061 [restartedMain] INFO  o.s.b.d.e.DevToolsPropertyDefaultsPostProcessor - For additional web related logging consider setting the 'logging.level.web' property to 'DEBUG'
2025-05-13 04:13:42.909 [restartedMain] INFO  o.s.d.r.c.RepositoryConfigurationDelegate - Bootstrapping Spring Data JPA repositories in DEFAULT mode.
2025-05-13 04:13:42.969 [restartedMain] INFO  o.s.d.r.c.RepositoryConfigurationDelegate - Finished Spring Data repository scanning in 51 ms. Found 3 JPA repository interfaces.
2025-05-13 04:13:43.648 [restartedMain] INFO  o.s.b.w.e.tomcat.TomcatWebServer - Tomcat initialized with port 8080 (http)
2025-05-13 04:13:43.660 [restartedMain] INFO  o.a.coyote.http11.Http11NioProtocol - Initializing ProtocolHandler ["http-nio-8080"]
2025-05-13 04:13:43.661 [restartedMain] INFO  o.a.catalina.core.StandardService - Starting service [Tomcat]
2025-05-13 04:13:43.661 [restartedMain] INFO  o.a.catalina.core.StandardEngine - Starting Servlet engine: [Apache Tomcat/10.1.34]
2025-05-13 04:13:43.710 [restartedMain] INFO  o.a.c.c.C.[Tomcat].[localhost].[/] - Initializing Spring embedded WebApplicationContext
2025-05-13 04:13:43.711 [restartedMain] INFO  o.s.b.w.s.c.ServletWebServerApplicationContext - Root WebApplicationContext: initialization completed in 1650 ms
2025-05-13 04:13:43.888 [restartedMain] INFO  o.h.jpa.internal.util.LogHelper - HHH000204: Processing PersistenceUnitInfo [name: default]
2025-05-13 04:13:43.956 [restartedMain] INFO  org.hibernate.Version - HHH000412: Hibernate ORM core version 6.6.5.Final
2025-05-13 04:13:43.992 [restartedMain] INFO  o.h.c.i.RegionFactoryInitiator - HHH000026: Second-level cache disabled
2025-05-13 04:13:44.252 [restartedMain] INFO  o.s.o.j.p.SpringPersistenceUnitInfo - No LoadTimeWeaver setup: ignoring JPA class transformer
2025-05-13 04:13:44.281 [restartedMain] INFO  com.zaxxer.hikari.HikariDataSource - HikariPool-1 - Starting...
2025-05-13 04:13:44.405 [restartedMain] INFO  com.zaxxer.hikari.pool.HikariPool - HikariPool-1 - Added connection com.mysql.cj.jdbc.ConnectionImpl@58795389
2025-05-13 04:13:44.408 [restartedMain] INFO  com.zaxxer.hikari.HikariDataSource - HikariPool-1 - Start completed.
2025-05-13 04:13:44.449 [restartedMain] WARN  org.hibernate.orm.deprecation - HHH90000025: MySQL8Dialect does not need to be specified explicitly using 'hibernate.dialect' (remove the property setting and it will be selected by default)
2025-05-13 04:13:44.450 [restartedMain] WARN  org.hibernate.orm.deprecation - HHH90000026: MySQL8Dialect has been deprecated; use org.hibernate.dialect.MySQLDialect instead
2025-05-13 04:13:44.468 [restartedMain] INFO  o.hibernate.orm.connections.pooling - HHH10001005: Database info:
	Database JDBC URL [Connecting through datasource 'HikariDataSource (HikariPool-1)']
	Database driver: undefined/unknown
	Database version: 8.0
	Autocommit mode: undefined/unknown
	Isolation level: undefined/unknown
	Minimum pool size: undefined/unknown
	Maximum pool size: undefined/unknown
2025-05-13 04:13:45.385 [restartedMain] INFO  o.h.e.t.j.p.i.JtaPlatformInitiator - HHH000489: No JTA platform available (set 'hibernate.transaction.jta.platform' to enable JTA platform integration)
2025-05-13 04:13:45.463 [restartedMain] INFO  o.s.o.j.LocalContainerEntityManagerFactoryBean - Initialized JPA EntityManagerFactory for persistence unit 'default'
2025-05-13 04:13:45.857 [restartedMain] INFO  o.s.d.j.r.query.QueryEnhancerFactory - Hibernate is in classpath; If applicable, HQL parser will be used.
2025-05-13 04:13:47.293 [restartedMain] WARN  o.s.b.a.o.j.JpaBaseConfiguration$JpaWebConfiguration - spring.jpa.open-in-view is enabled by default. Therefore, database queries may be performed during view rendering. Explicitly configure spring.jpa.open-in-view to disable this warning
2025-05-13 04:13:48.143 [restartedMain] INFO  o.s.b.d.a.OptionalLiveReloadServer - LiveReload server is running on port 35729
2025-05-13 04:13:48.164 [restartedMain] INFO  o.a.coyote.http11.Http11NioProtocol - Starting ProtocolHandler ["http-nio-8080"]
2025-05-13 04:13:48.181 [restartedMain] INFO  o.s.b.w.e.tomcat.TomcatWebServer - Tomcat started on port 8080 (http) with context path '/'
2025-05-13 04:13:48.187 [restartedMain] INFO  c.c.carsharing.CarsharingApplication - Started CarsharingApplication in 6.729 seconds (process running for 7.646)
2025-05-13 04:14:30.807 [http-nio-8080-exec-1] INFO  o.a.c.c.C.[Tomcat].[localhost].[/] - Initializing Spring DispatcherServlet 'dispatcherServlet'
2025-05-13 04:14:30.808 [http-nio-8080-exec-1] INFO  o.s.web.servlet.DispatcherServlet - Initializing Servlet 'dispatcherServlet'
2025-05-13 04:14:30.810 [http-nio-8080-exec-1] INFO  o.s.web.servlet.DispatcherServlet - Completed initialization in 1 ms
2025-05-13 04:14:30.873 [http-nio-8080-exec-1] INFO  c.c.carsharing.cache.LruCache - Cache miss: Item with key 2 not found in cache
2025-05-13 04:14:30.873 [http-nio-8080-exec-1] INFO  c.c.carsharing.service.CarService - Car with ID 2 not found in cache, fetching from database
2025-05-13 04:14:31.028 [http-nio-8080-exec-1] WARN  o.s.w.s.m.m.a.ExceptionHandlerExceptionResolver - Resolved [com.carsharing.carsharing.exception.NotFound: Car not found with ID: 2]
2025-05-13 04:46:41.116 [http-nio-8080-exec-5] WARN  o.s.w.s.m.s.DefaultHandlerExceptionResolver - Resolved [org.springframework.web.bind.MissingServletRequestParameterException: Required request parameter 'model' for method parameter type String is not present]
2025-05-13 04:46:41.229 [http-nio-8080-exec-6] WARN  o.s.w.s.m.s.DefaultHandlerExceptionResolver - Resolved [org.springframework.web.bind.MissingServletRequestParameterException: Required request parameter 'model' for method parameter type String is not present]
2025-05-13 04:46:41.654 [http-nio-8080-exec-9] WARN  o.s.w.s.m.s.DefaultHandlerExceptionResolver - Resolved [org.springframework.web.bind.MissingServletRequestParameterException: Required request parameter 'model' for method parameter type String is not present]
2025-05-13 04:46:41.737 [http-nio-8080-exec-10] WARN  o.s.w.s.m.s.DefaultHandlerExceptionResolver - Resolved [org.springframework.web.bind.MissingServletRequestParameterException: Required request parameter 'model' for method parameter type String is not present]
2025-05-13 04:47:39.455 [http-nio-8080-exec-1] WARN  o.s.w.s.m.m.a.ExceptionHandlerExceptionResolver - Resolved [com.carsharing.carsharing.exception.NotFound: No cars found for brand: M4]
2025-05-13 04:47:40.905 [http-nio-8080-exec-2] WARN  o.s.w.s.m.m.a.ExceptionHandlerExceptionResolver - Resolved [com.carsharing.carsharing.exception.NotFound: No cars found for brand: M4]
2025-05-13 04:47:41.657 [http-nio-8080-exec-3] WARN  o.s.w.s.m.m.a.ExceptionHandlerExceptionResolver - Resolved [com.carsharing.carsharing.exception.NotFound: No cars found for brand: M4]
2025-05-13 04:47:42.152 [http-nio-8080-exec-5] WARN  o.s.w.s.m.m.a.ExceptionHandlerExceptionResolver - Resolved [com.carsharing.carsharing.exception.NotFound: No cars found for brand: M4]
2025-05-13 04:47:42.371 [http-nio-8080-exec-4] WARN  o.s.w.s.m.m.a.ExceptionHandlerExceptionResolver - Resolved [com.carsharing.carsharing.exception.NotFound: No cars found for brand: M4]
2025-05-13 04:47:50.137 [http-nio-8080-exec-7] WARN  o.s.w.s.m.s.DefaultHandlerExceptionResolver - Resolved [org.springframework.web.bind.MissingServletRequestParameterException: Required request parameter 'model' for method parameter type String is not present]
2025-05-13 04:48:14.123 [http-nio-8080-exec-8] WARN  o.s.w.s.m.m.a.ExceptionHandlerExceptionResolver - Resolved [com.carsharing.carsharing.exception.NotFound: No cars found for brand: ]
2025-05-13 04:49:11.457 [http-nio-8080-exec-1] WARN  o.s.w.s.m.s.DefaultHandlerExceptionResolver - Resolved [org.springframework.web.bind.MissingServletRequestParameterException: Required request parameter 'model' for method parameter type String is not present]
2025-05-13 04:49:11.520 [http-nio-8080-exec-2] WARN  o.s.w.s.m.s.DefaultHandlerExceptionResolver - Resolved [org.springframework.web.bind.MissingServletRequestParameterException: Required request parameter 'model' for method parameter type String is not present]
2025-05-13 05:05:14.700 [http-nio-8080-exec-6] WARN  o.s.w.s.m.s.DefaultHandlerExceptionResolver - Resolved [org.springframework.web.bind.MissingServletRequestParameterException: Required request parameter 'model' for method parameter type String is not present]
2025-05-13 05:05:14.750 [http-nio-8080-exec-7] WARN  o.s.w.s.m.s.DefaultHandlerExceptionResolver - Resolved [org.springframework.web.bind.MissingServletRequestParameterException: Required request parameter 'model' for method parameter type String is not present]
2025-05-13 05:05:31.120 [http-nio-8080-exec-1] WARN  o.s.w.s.m.s.DefaultHandlerExceptionResolver - Resolved [org.springframework.web.bind.MissingServletRequestParameterException: Required request parameter 'model' for method parameter type String is not present]
2025-05-13 05:05:31.134 [http-nio-8080-exec-2] WARN  o.s.w.s.m.s.DefaultHandlerExceptionResolver - Resolved [org.springframework.web.bind.MissingServletRequestParameterException: Required request parameter 'model' for method parameter type String is not present]
2025-05-13 05:06:01.423 [http-nio-8080-exec-6] WARN  o.s.w.s.m.s.DefaultHandlerExceptionResolver - Resolved [org.springframework.web.bind.MissingServletRequestParameterException: Required request parameter 'model' for method parameter type String is not present]
2025-05-13 05:06:02.099 [http-nio-8080-exec-7] WARN  o.s.w.s.m.s.DefaultHandlerExceptionResolver - Resolved [org.springframework.web.bind.MissingServletRequestParameterException: Required request parameter 'model' for method parameter type String is not present]
2025-05-13 05:06:05.603 [http-nio-8080-exec-8] WARN  o.s.w.s.m.s.DefaultHandlerExceptionResolver - Resolved [org.springframework.web.bind.MissingServletRequestParameterException: Required request parameter 'model' for method parameter type String is not present]
2025-05-13 05:06:16.887 [http-nio-8080-exec-10] WARN  o.s.w.s.m.s.DefaultHandlerExceptionResolver - Resolved [org.springframework.web.bind.MissingServletRequestParameterException: Required request parameter 'model' for method parameter type String is not present]
2025-05-13 05:06:32.238 [http-nio-8080-exec-3] WARN  o.s.w.s.m.s.DefaultHandlerExceptionResolver - Resolved [org.springframework.web.bind.MissingServletRequestParameterException: Required request parameter 'model' for method parameter type String is not present]
2025-05-13 05:07:21.064 [http-nio-8080-exec-9] WARN  o.s.w.s.m.s.DefaultHandlerExceptionResolver - Resolved [org.springframework.web.bind.MissingServletRequestParameterException: Required request parameter 'model' for method parameter type String is not present]
2025-05-13 05:07:21.072 [http-nio-8080-exec-8] WARN  o.s.w.s.m.s.DefaultHandlerExceptionResolver - Resolved [org.springframework.web.bind.MissingServletRequestParameterException: Required request parameter 'model' for method parameter type String is not present]
2025-05-13 05:07:25.757 [http-nio-8080-exec-10] WARN  o.s.w.s.m.s.DefaultHandlerExceptionResolver - Resolved [org.springframework.web.bind.MissingServletRequestParameterException: Required request parameter 'model' for method parameter type String is not present]
2025-05-13 05:08:06.823 [http-nio-8080-exec-3] WARN  o.s.w.s.m.m.a.ExceptionHandlerExceptionResolver - Resolved [com.carsharing.carsharing.exception.NotFound: No cars found for brand: la]
2025-05-13 05:08:08.369 [http-nio-8080-exec-4] WARN  o.s.w.s.m.m.a.ExceptionHandlerExceptionResolver - Resolved [com.carsharing.carsharing.exception.NotFound: No cars found for brand: la]
2025-05-13 05:08:10.442 [http-nio-8080-exec-6] WARN  o.s.w.s.m.m.a.ExceptionHandlerExceptionResolver - Resolved [com.carsharing.carsharing.exception.NotFound: No cars found for brand: la]
2025-05-13 05:08:15.390 [http-nio-8080-exec-7] WARN  o.s.w.s.m.s.DefaultHandlerExceptionResolver - Resolved [org.springframework.web.bind.MissingServletRequestParameterException: Required request parameter 'model' for method parameter type String is not present]
2025-05-13 05:19:47.229 [http-nio-8080-exec-1] WARN  o.s.w.s.m.s.DefaultHandlerExceptionResolver - Resolved [org.springframework.web.bind.MissingServletRequestParameterException: Required request parameter 'model' for method parameter type String is not present]
2025-05-13 05:19:47.317 [http-nio-8080-exec-2] WARN  o.s.w.s.m.s.DefaultHandlerExceptionResolver - Resolved [org.springframework.web.bind.MissingServletRequestParameterException: Required request parameter 'model' for method parameter type String is not present]
2025-05-13 05:20:07.400 [http-nio-8080-exec-5] WARN  o.s.w.s.m.s.DefaultHandlerExceptionResolver - Resolved [org.springframework.web.bind.MissingServletRequestParameterException: Required request parameter 'model' for method parameter type String is not present]
2025-05-13 05:20:08.550 [http-nio-8080-exec-8] WARN  o.s.w.s.m.s.DefaultHandlerExceptionResolver - Resolved [org.springframework.web.bind.MissingServletRequestParameterException: Required request parameter 'model' for method parameter type String is not present]
2025-05-13 05:20:09.511 [http-nio-8080-exec-2] WARN  o.s.w.s.m.s.DefaultHandlerExceptionResolver - Resolved [org.springframework.web.bind.MissingServletRequestParameterException: Required request parameter 'model' for method parameter type String is not present]
2025-05-13 05:20:46.012 [http-nio-8080-exec-6] WARN  o.s.w.s.m.s.DefaultHandlerExceptionResolver - Resolved [org.springframework.web.bind.MissingServletRequestParameterException: Required request parameter 'model' for method parameter type String is not present]
2025-05-13 05:22:36.199 [http-nio-8080-exec-8] WARN  o.s.w.s.m.s.DefaultHandlerExceptionResolver - Resolved [org.springframework.web.bind.MissingServletRequestParameterException: Required request parameter 'model' for method parameter type String is not present]
2025-05-13 05:22:36.250 [http-nio-8080-exec-1] WARN  o.s.w.s.m.s.DefaultHandlerExceptionResolver - Resolved [org.springframework.web.bind.MissingServletRequestParameterException: Required request parameter 'model' for method parameter type String is not present]
2025-05-13 05:30:43.190 [http-nio-8080-exec-3] WARN  o.s.w.s.m.s.DefaultHandlerExceptionResolver - Resolved [org.springframework.web.bind.MissingServletRequestParameterException: Required request parameter 'model' for method parameter type String is not present]
2025-05-13 05:30:43.269 [http-nio-8080-exec-4] WARN  o.s.w.s.m.s.DefaultHandlerExceptionResolver - Resolved [org.springframework.web.bind.MissingServletRequestParameterException: Required request parameter 'model' for method parameter type String is not present]
2025-05-13 05:30:57.917 [http-nio-8080-exec-5] WARN  o.s.w.s.m.s.DefaultHandlerExceptionResolver - Resolved [org.springframework.web.bind.MissingServletRequestParameterException: Required request parameter 'model' for method parameter type String is not present]
2025-05-13 05:37:13.275 [http-nio-8080-exec-9] WARN  o.s.w.s.m.s.DefaultHandlerExceptionResolver - Resolved [org.springframework.web.bind.MissingServletRequestParameterException: Required request parameter 'model' for method parameter type String is not present]
2025-05-13 05:37:21.750 [http-nio-8080-exec-1] WARN  o.s.w.s.m.s.DefaultHandlerExceptionResolver - Resolved [org.springframework.web.bind.MissingServletRequestParameterException: Required request parameter 'model' for method parameter type String is not present]
2025-05-13 05:37:29.666 [http-nio-8080-exec-3] WARN  o.s.w.s.m.s.DefaultHandlerExceptionResolver - Resolved [org.springframework.web.bind.MissingServletRequestParameterException: Required request parameter 'model' for method parameter type String is not present]
2025-05-13 05:37:40.324 [http-nio-8080-exec-4] WARN  o.s.w.s.m.s.DefaultHandlerExceptionResolver - Resolved [org.springframework.web.bind.MissingServletRequestParameterException: Required request parameter 'model' for method parameter type String is not present]
2025-05-13 05:37:46.629 [http-nio-8080-exec-5] WARN  o.s.w.s.m.s.DefaultHandlerExceptionResolver - Resolved [org.springframework.web.bind.MissingServletRequestParameterException: Required request parameter 'model' for method parameter type String is not present]
2025-05-13 05:37:48.375 [http-nio-8080-exec-9] WARN  o.s.w.s.m.s.DefaultHandlerExceptionResolver - Resolved [org.springframework.web.bind.MissingServletRequestParameterException: Required request parameter 'model' for method parameter type String is not present]
2025-05-13 05:37:52.687 [http-nio-8080-exec-8] WARN  o.s.w.s.m.m.a.ExceptionHandlerExceptionResolver - Resolved [com.carsharing.carsharing.exception.NotFound: No cars found for brand: ]
2025-05-13 05:37:53.787 [http-nio-8080-exec-1] WARN  o.s.w.s.m.m.a.ExceptionHandlerExceptionResolver - Resolved [com.carsharing.carsharing.exception.NotFound: No cars found for brand: ]
2025-05-13 05:37:58.511 [http-nio-8080-exec-3] WARN  o.s.w.s.m.s.DefaultHandlerExceptionResolver - Resolved [org.springframework.web.bind.MissingServletRequestParameterException: Required request parameter 'model' for method parameter type String is not present]
2025-05-13 05:38:28.112 [http-nio-8080-exec-4] WARN  o.s.w.s.m.s.DefaultHandlerExceptionResolver - Resolved [org.springframework.web.bind.MissingServletRequestParameterException: Required request parameter 'model' for method parameter type String is not present]
2025-05-13 05:38:28.153 [http-nio-8080-exec-5] WARN  o.s.w.s.m.s.DefaultHandlerExceptionResolver - Resolved [org.springframework.web.bind.MissingServletRequestParameterException: Required request parameter 'model' for method parameter type String is not present]
2025-05-13 05:38:41.194 [http-nio-8080-exec-8] WARN  o.s.w.s.m.s.DefaultHandlerExceptionResolver - Resolved [org.springframework.web.bind.MissingServletRequestParameterException: Required request parameter 'model' for method parameter type String is not present]
2025-05-13 05:38:41.265 [http-nio-8080-exec-1] WARN  o.s.w.s.m.s.DefaultHandlerExceptionResolver - Resolved [org.springframework.web.bind.MissingServletRequestParameterException: Required request parameter 'model' for method parameter type String is not present]
2025-05-13 05:38:59.149 [http-nio-8080-exec-3] WARN  o.s.w.s.m.s.DefaultHandlerExceptionResolver - Resolved [org.springframework.web.bind.MissingServletRequestParameterException: Required request parameter 'model' for method parameter type String is not present]
2025-05-13 05:38:59.237 [http-nio-8080-exec-4] WARN  o.s.w.s.m.s.DefaultHandlerExceptionResolver - Resolved [org.springframework.web.bind.MissingServletRequestParameterException: Required request parameter 'model' for method parameter type String is not present]
2025-05-13 05:39:10.952 [http-nio-8080-exec-5] WARN  o.s.w.s.m.s.DefaultHandlerExceptionResolver - Resolved [org.springframework.web.bind.MissingServletRequestParameterException: Required request parameter 'model' for method parameter type String is not present]
2025-05-13 05:39:15.365 [http-nio-8080-exec-8] WARN  o.s.w.s.m.s.DefaultHandlerExceptionResolver - Resolved [org.springframework.web.bind.MissingServletRequestParameterException: Required request parameter 'model' for method parameter type String is not present]
2025-05-13 05:39:17.150 [http-nio-8080-exec-1] WARN  o.s.w.s.m.s.DefaultHandlerExceptionResolver - Resolved [org.springframework.web.bind.MissingServletRequestParameterException: Required request parameter 'model' for method parameter type String is not present]
2025-05-13 05:39:23.701 [http-nio-8080-exec-3] WARN  o.s.w.s.m.s.DefaultHandlerExceptionResolver - Resolved [org.springframework.web.bind.MissingServletRequestParameterException: Required request parameter 'model' for method parameter type String is not present]
2025-05-13 05:39:25.113 [http-nio-8080-exec-4] WARN  o.s.w.s.m.s.DefaultHandlerExceptionResolver - Resolved [org.springframework.web.bind.MissingServletRequestParameterException: Required request parameter 'model' for method parameter type String is not present]
2025-05-13 05:46:36.993 [File Watcher] INFO  o.s.b.d.a.LocalDevToolsAutoConfiguration$RestartingClassPathChangeChangedEventListener - Restarting due to 1 class path change (0 additions, 1 deletion, 0 modifications)
2025-05-13 05:46:37.009 [Thread-5] INFO  o.s.b.w.e.tomcat.GracefulShutdown - Commencing graceful shutdown. Waiting for active requests to complete
2025-05-13 05:46:37.013 [tomcat-shutdown] INFO  o.a.coyote.http11.Http11NioProtocol - Pausing ProtocolHandler ["http-nio-8080"]
2025-05-13 05:46:37.039 [tomcat-shutdown] INFO  o.s.b.w.e.tomcat.GracefulShutdown - Graceful shutdown complete
2025-05-13 05:46:37.040 [Thread-5] INFO  o.a.coyote.http11.Http11NioProtocol - Stopping ProtocolHandler ["http-nio-8080"]
2025-05-13 05:46:37.053 [Thread-5] INFO  o.s.o.j.LocalContainerEntityManagerFactoryBean - Closing JPA EntityManagerFactory for persistence unit 'default'
2025-05-13 05:46:37.064 [Thread-5] INFO  com.zaxxer.hikari.HikariDataSource - HikariPool-1 - Shutdown initiated...
2025-05-13 05:46:37.068 [Thread-5] INFO  com.zaxxer.hikari.HikariDataSource - HikariPool-1 - Shutdown completed.
2025-05-13 05:46:37.334 [restartedMain] INFO  c.c.carsharing.CarsharingApplication - Starting CarsharingApplication using Java 23.0.2 with PID 17124 (C:\PNAYAVU_sem2\Carsharing\target\classes started by topmo in C:\PNAYAVU_sem2\Carsharing)
2025-05-13 05:46:37.335 [restartedMain] INFO  c.c.carsharing.CarsharingApplication - No active profile set, falling back to 1 default profile: "default"
2025-05-13 05:46:38.287 [restartedMain] INFO  o.s.d.r.c.RepositoryConfigurationDelegate - Bootstrapping Spring Data JPA repositories in DEFAULT mode.
2025-05-13 05:46:38.298 [restartedMain] WARN  o.s.b.w.s.c.AnnotationConfigServletWebServerApplicationContext - Exception encountered during context initialization - cancelling refresh attempt: java.lang.NoClassDefFoundError: com/carsharing/carsharing/model/Car
2025-05-13 05:46:38.304 [restartedMain] INFO  o.s.b.a.l.ConditionEvaluationReportLogger - 

Error starting ApplicationContext. To display the condition evaluation report re-run your application with 'debug' enabled.
2025-05-13 05:46:38.335 [restartedMain] ERROR o.s.boot.SpringApplication - Application run failedjava.lang.NoClassDefFoundError: com/carsharing/carsharing/model/Car
	at java.base/java.lang.Class.getDeclaredMethods0(Native Method)
Caused by: java.lang.ClassNotFoundException: com.carsharing.carsharing.model.Car
	at java.base/jdk.internal.loader.BuiltinClassLoader.loadClass(BuiltinClassLoader.java:641)

2025-05-13 05:46:45.949 [restartedMain] INFO  c.c.carsharing.CarsharingApplication - Starting CarsharingApplication using Java 23.0.2 with PID 17124 (C:\PNAYAVU_sem2\Carsharing\target\classes started by topmo in C:\PNAYAVU_sem2\Carsharing)
2025-05-13 05:46:45.950 [restartedMain] INFO  c.c.carsharing.CarsharingApplication - No active profile set, falling back to 1 default profile: "default"
2025-05-13 05:46:46.298 [restartedMain] INFO  o.s.d.r.c.RepositoryConfigurationDelegate - Bootstrapping Spring Data JPA repositories in DEFAULT mode.
2025-05-13 05:46:46.314 [restartedMain] INFO  o.s.d.r.c.RepositoryConfigurationDelegate - Finished Spring Data repository scanning in 14 ms. Found 3 JPA repository interfaces.
2025-05-13 05:46:46.597 [restartedMain] INFO  o.s.b.w.e.tomcat.TomcatWebServer - Tomcat initialized with port 8080 (http)
2025-05-13 05:46:46.599 [restartedMain] INFO  o.a.coyote.http11.Http11NioProtocol - Initializing ProtocolHandler ["http-nio-8080"]
2025-05-13 05:46:46.599 [restartedMain] INFO  o.a.catalina.core.StandardService - Starting service [Tomcat]
2025-05-13 05:46:46.599 [restartedMain] INFO  o.a.catalina.core.StandardEngine - Starting Servlet engine: [Apache Tomcat/10.1.34]
2025-05-13 05:46:46.619 [restartedMain] INFO  o.a.c.c.C.[Tomcat].[localhost].[/] - Initializing Spring embedded WebApplicationContext
2025-05-13 05:46:46.619 [restartedMain] INFO  o.s.b.w.s.c.ServletWebServerApplicationContext - Root WebApplicationContext: initialization completed in 667 ms
2025-05-13 05:46:46.713 [restartedMain] INFO  o.h.jpa.internal.util.LogHelper - HHH000204: Processing PersistenceUnitInfo [name: default]
2025-05-13 05:46:46.715 [restartedMain] INFO  o.h.c.i.RegionFactoryInitiator - HHH000026: Second-level cache disabled
2025-05-13 05:46:46.731 [restartedMain] INFO  o.s.o.j.p.SpringPersistenceUnitInfo - No LoadTimeWeaver setup: ignoring JPA class transformer
2025-05-13 05:46:46.732 [restartedMain] INFO  com.zaxxer.hikari.HikariDataSource - HikariPool-2 - Starting...
2025-05-13 05:46:46.737 [restartedMain] INFO  com.zaxxer.hikari.pool.HikariPool - HikariPool-2 - Added connection com.mysql.cj.jdbc.ConnectionImpl@192d9771
2025-05-13 05:46:46.738 [restartedMain] INFO  com.zaxxer.hikari.HikariDataSource - HikariPool-2 - Start completed.
2025-05-13 05:46:46.738 [restartedMain] WARN  org.hibernate.orm.deprecation - HHH90000025: MySQL8Dialect does not need to be specified explicitly using 'hibernate.dialect' (remove the property setting and it will be selected by default)
2025-05-13 05:46:46.739 [restartedMain] WARN  org.hibernate.orm.deprecation - HHH90000026: MySQL8Dialect has been deprecated; use org.hibernate.dialect.MySQLDialect instead
2025-05-13 05:46:46.739 [restartedMain] INFO  o.hibernate.orm.connections.pooling - HHH10001005: Database info:
	Database JDBC URL [Connecting through datasource 'HikariDataSource (HikariPool-2)']
	Database driver: undefined/unknown
	Database version: 8.0
	Autocommit mode: undefined/unknown
	Isolation level: undefined/unknown
	Minimum pool size: undefined/unknown
	Maximum pool size: undefined/unknown
2025-05-13 05:46:46.920 [restartedMain] INFO  o.h.e.t.j.p.i.JtaPlatformInitiator - HHH000489: No JTA platform available (set 'hibernate.transaction.jta.platform' to enable JTA platform integration)
2025-05-13 05:46:46.961 [restartedMain] INFO  o.s.o.j.LocalContainerEntityManagerFactoryBean - Initialized JPA EntityManagerFactory for persistence unit 'default'
2025-05-13 05:46:47.345 [restartedMain] WARN  o.s.b.a.o.j.JpaBaseConfiguration$JpaWebConfiguration - spring.jpa.open-in-view is enabled by default. Therefore, database queries may be performed during view rendering. Explicitly configure spring.jpa.open-in-view to disable this warning
2025-05-13 05:46:47.810 [restartedMain] INFO  o.s.b.d.a.OptionalLiveReloadServer - LiveReload server is running on port 35729
2025-05-13 05:46:47.822 [restartedMain] INFO  o.a.coyote.http11.Http11NioProtocol - Starting ProtocolHandler ["http-nio-8080"]
2025-05-13 05:46:47.826 [restartedMain] INFO  o.s.b.w.e.tomcat.TomcatWebServer - Tomcat started on port 8080 (http) with context path '/'
2025-05-13 05:46:47.829 [restartedMain] INFO  c.c.carsharing.CarsharingApplication - Started CarsharingApplication in 1.919 seconds (process running for 5587.179)
2025-05-13 05:46:47.831 [restartedMain] INFO  o.s.b.d.a.ConditionEvaluationDeltaLoggingListener - Condition evaluation unchanged
2025-05-13 05:46:59.073 [http-nio-8080-exec-1] INFO  o.a.c.c.C.[Tomcat].[localhost].[/] - Initializing Spring DispatcherServlet 'dispatcherServlet'
2025-05-13 05:46:59.073 [http-nio-8080-exec-1] INFO  o.s.web.servlet.DispatcherServlet - Initializing Servlet 'dispatcherServlet'
2025-05-13 05:46:59.075 [http-nio-8080-exec-1] INFO  o.s.web.servlet.DispatcherServlet - Completed initialization in 2 ms
2025-05-13 05:46:59.116 [http-nio-8080-exec-1] ERROR o.a.c.c.C.[.[.[.[dispatcherServlet] - Servlet.service() for servlet [dispatcherServlet] in context with path [] threw exception [Request processing failed: org.springframework.http.converter.HttpMessageConversionException: Type definition error: [simple type, class org.hibernate.proxy.pojo.bytebuddy.ByteBuddyInterceptor]] with root causecom.fasterxml.jackson.databind.exc.InvalidDefinitionException: No serializer found for class org.hibernate.proxy.pojo.bytebuddy.ByteBuddyInterceptor and no properties discovered to create BeanSerializer (to avoid exception, disable SerializationFeature.FAIL_ON_EMPTY_BEANS) (through reference chain: java.util.ArrayList[0]->com.carsharing.carsharing.model.Car["owner"]->com.carsharing.carsharing.model.Owner$HibernateProxy$fcqedKtN["hibernateLazyInitializer"])
	at com.fasterxml.jackson.databind.exc.InvalidDefinitionException.from(InvalidDefinitionException.java:77)

2025-05-13 05:47:01.517 [http-nio-8080-exec-2] ERROR o.a.c.c.C.[.[.[.[dispatcherServlet] - Servlet.service() for servlet [dispatcherServlet] in context with path [] threw exception [Request processing failed: org.springframework.http.converter.HttpMessageConversionException: Type definition error: [simple type, class org.hibernate.proxy.pojo.bytebuddy.ByteBuddyInterceptor]] with root causecom.fasterxml.jackson.databind.exc.InvalidDefinitionException: No serializer found for class org.hibernate.proxy.pojo.bytebuddy.ByteBuddyInterceptor and no properties discovered to create BeanSerializer (to avoid exception, disable SerializationFeature.FAIL_ON_EMPTY_BEANS) (through reference chain: java.util.ArrayList[0]->com.carsharing.carsharing.model.Car["owner"]->com.carsharing.carsharing.model.Owner$HibernateProxy$fcqedKtN["hibernateLazyInitializer"])
	at com.fasterxml.jackson.databind.exc.InvalidDefinitionException.from(InvalidDefinitionException.java:77)

2025-05-13 05:47:02.286 [http-nio-8080-exec-4] ERROR o.a.c.c.C.[.[.[.[dispatcherServlet] - Servlet.service() for servlet [dispatcherServlet] in context with path [] threw exception [Request processing failed: org.springframework.http.converter.HttpMessageConversionException: Type definition error: [simple type, class org.hibernate.proxy.pojo.bytebuddy.ByteBuddyInterceptor]] with root causecom.fasterxml.jackson.databind.exc.InvalidDefinitionException: No serializer found for class org.hibernate.proxy.pojo.bytebuddy.ByteBuddyInterceptor and no properties discovered to create BeanSerializer (to avoid exception, disable SerializationFeature.FAIL_ON_EMPTY_BEANS) (through reference chain: java.util.ArrayList[0]->com.carsharing.carsharing.model.Car["owner"]->com.carsharing.carsharing.model.Owner$HibernateProxy$fcqedKtN["hibernateLazyInitializer"])
	at com.fasterxml.jackson.databind.exc.InvalidDefinitionException.from(InvalidDefinitionException.java:77)

2025-05-13 05:47:02.502 [http-nio-8080-exec-3] ERROR o.a.c.c.C.[.[.[.[dispatcherServlet] - Servlet.service() for servlet [dispatcherServlet] in context with path [] threw exception [Request processing failed: org.springframework.http.converter.HttpMessageConversionException: Type definition error: [simple type, class org.hibernate.proxy.pojo.bytebuddy.ByteBuddyInterceptor]] with root causecom.fasterxml.jackson.databind.exc.InvalidDefinitionException: No serializer found for class org.hibernate.proxy.pojo.bytebuddy.ByteBuddyInterceptor and no properties discovered to create BeanSerializer (to avoid exception, disable SerializationFeature.FAIL_ON_EMPTY_BEANS) (through reference chain: java.util.ArrayList[0]->com.carsharing.carsharing.model.Car["owner"]->com.carsharing.carsharing.model.Owner$HibernateProxy$fcqedKtN["hibernateLazyInitializer"])
	at com.fasterxml.jackson.databind.exc.InvalidDefinitionException.from(InvalidDefinitionException.java:77)

2025-05-13 05:47:02.743 [http-nio-8080-exec-5] ERROR o.a.c.c.C.[.[.[.[dispatcherServlet] - Servlet.service() for servlet [dispatcherServlet] in context with path [] threw exception [Request processing failed: org.springframework.http.converter.HttpMessageConversionException: Type definition error: [simple type, class org.hibernate.proxy.pojo.bytebuddy.ByteBuddyInterceptor]] with root causecom.fasterxml.jackson.databind.exc.InvalidDefinitionException: No serializer found for class org.hibernate.proxy.pojo.bytebuddy.ByteBuddyInterceptor and no properties discovered to create BeanSerializer (to avoid exception, disable SerializationFeature.FAIL_ON_EMPTY_BEANS) (through reference chain: java.util.ArrayList[0]->com.carsharing.carsharing.model.Car["owner"]->com.carsharing.carsharing.model.Owner$HibernateProxy$fcqedKtN["hibernateLazyInitializer"])
	at com.fasterxml.jackson.databind.exc.InvalidDefinitionException.from(InvalidDefinitionException.java:77)

2025-05-13 05:47:02.949 [http-nio-8080-exec-7] ERROR o.a.c.c.C.[.[.[.[dispatcherServlet] - Servlet.service() for servlet [dispatcherServlet] in context with path [] threw exception [Request processing failed: org.springframework.http.converter.HttpMessageConversionException: Type definition error: [simple type, class org.hibernate.proxy.pojo.bytebuddy.ByteBuddyInterceptor]] with root causecom.fasterxml.jackson.databind.exc.InvalidDefinitionException: No serializer found for class org.hibernate.proxy.pojo.bytebuddy.ByteBuddyInterceptor and no properties discovered to create BeanSerializer (to avoid exception, disable SerializationFeature.FAIL_ON_EMPTY_BEANS) (through reference chain: java.util.ArrayList[0]->com.carsharing.carsharing.model.Car["owner"]->com.carsharing.carsharing.model.Owner$HibernateProxy$fcqedKtN["hibernateLazyInitializer"])
	at com.fasterxml.jackson.databind.exc.InvalidDefinitionException.from(InvalidDefinitionException.java:77)

2025-05-13 05:47:04.814 [http-nio-8080-exec-8] ERROR o.a.c.c.C.[.[.[.[dispatcherServlet] - Servlet.service() for servlet [dispatcherServlet] in context with path [] threw exception [Request processing failed: org.springframework.http.converter.HttpMessageConversionException: Type definition error: [simple type, class org.hibernate.proxy.pojo.bytebuddy.ByteBuddyInterceptor]] with root causecom.fasterxml.jackson.databind.exc.InvalidDefinitionException: No serializer found for class org.hibernate.proxy.pojo.bytebuddy.ByteBuddyInterceptor and no properties discovered to create BeanSerializer (to avoid exception, disable SerializationFeature.FAIL_ON_EMPTY_BEANS) (through reference chain: java.util.ArrayList[0]->com.carsharing.carsharing.model.Car["owner"]->com.carsharing.carsharing.model.Owner$HibernateProxy$fcqedKtN["hibernateLazyInitializer"])
	at com.fasterxml.jackson.databind.exc.InvalidDefinitionException.from(InvalidDefinitionException.java:77)

2025-05-13 05:47:53.241 [http-nio-8080-exec-10] ERROR o.a.c.c.C.[.[.[.[dispatcherServlet] - Servlet.service() for servlet [dispatcherServlet] in context with path [] threw exception [Request processing failed: org.springframework.http.converter.HttpMessageConversionException: Type definition error: [simple type, class org.hibernate.proxy.pojo.bytebuddy.ByteBuddyInterceptor]] with root causecom.fasterxml.jackson.databind.exc.InvalidDefinitionException: No serializer found for class org.hibernate.proxy.pojo.bytebuddy.ByteBuddyInterceptor and no properties discovered to create BeanSerializer (to avoid exception, disable SerializationFeature.FAIL_ON_EMPTY_BEANS) (through reference chain: java.util.ArrayList[0]->com.carsharing.carsharing.model.Car["owner"]->com.carsharing.carsharing.model.Owner$HibernateProxy$fcqedKtN["hibernateLazyInitializer"])
	at com.fasterxml.jackson.databind.exc.InvalidDefinitionException.from(InvalidDefinitionException.java:77)

2025-05-13 05:48:04.513 [SpringApplicationShutdownHook] INFO  o.s.b.w.e.tomcat.GracefulShutdown - Commencing graceful shutdown. Waiting for active requests to complete
2025-05-13 05:48:04.528 [tomcat-shutdown] INFO  o.s.b.w.e.tomcat.GracefulShutdown - Graceful shutdown complete
2025-05-13 05:48:04.531 [SpringApplicationShutdownHook] INFO  o.s.o.j.LocalContainerEntityManagerFactoryBean - Closing JPA EntityManagerFactory for persistence unit 'default'
2025-05-13 05:48:04.532 [SpringApplicationShutdownHook] INFO  com.zaxxer.hikari.HikariDataSource - HikariPool-2 - Shutdown initiated...
2025-05-13 05:48:04.534 [SpringApplicationShutdownHook] INFO  com.zaxxer.hikari.HikariDataSource - HikariPool-2 - Shutdown completed.
2025-05-13 05:48:08.224 [background-preinit] INFO  o.h.validator.internal.util.Version - HV000001: Hibernate Validator 8.0.2.Final
2025-05-13 05:48:08.274 [restartedMain] INFO  c.c.carsharing.CarsharingApplication - Starting CarsharingApplication using Java 23.0.2 with PID 20112 (C:\PNAYAVU_sem2\Carsharing\target\classes started by topmo in C:\PNAYAVU_sem2\Carsharing)
2025-05-13 05:48:08.275 [restartedMain] INFO  c.c.carsharing.CarsharingApplication - No active profile set, falling back to 1 default profile: "default"
2025-05-13 05:48:08.336 [restartedMain] INFO  o.s.b.d.e.DevToolsPropertyDefaultsPostProcessor - Devtools property defaults active! Set 'spring.devtools.add-properties' to 'false' to disable
2025-05-13 05:48:08.336 [restartedMain] INFO  o.s.b.d.e.DevToolsPropertyDefaultsPostProcessor - For additional web related logging consider setting the 'logging.level.web' property to 'DEBUG'
2025-05-13 05:48:09.164 [restartedMain] INFO  o.s.d.r.c.RepositoryConfigurationDelegate - Bootstrapping Spring Data JPA repositories in DEFAULT mode.
2025-05-13 05:48:09.217 [restartedMain] INFO  o.s.d.r.c.RepositoryConfigurationDelegate - Finished Spring Data repository scanning in 45 ms. Found 3 JPA repository interfaces.
2025-05-13 05:48:09.929 [restartedMain] INFO  o.s.b.w.e.tomcat.TomcatWebServer - Tomcat initialized with port 8080 (http)
2025-05-13 05:48:09.941 [restartedMain] INFO  o.a.coyote.http11.Http11NioProtocol - Initializing ProtocolHandler ["http-nio-8080"]
2025-05-13 05:48:09.943 [restartedMain] INFO  o.a.catalina.core.StandardService - Starting service [Tomcat]
2025-05-13 05:48:09.943 [restartedMain] INFO  o.a.catalina.core.StandardEngine - Starting Servlet engine: [Apache Tomcat/10.1.34]
2025-05-13 05:48:09.986 [restartedMain] INFO  o.a.c.c.C.[Tomcat].[localhost].[/] - Initializing Spring embedded WebApplicationContext
2025-05-13 05:48:09.987 [restartedMain] INFO  o.s.b.w.s.c.ServletWebServerApplicationContext - Root WebApplicationContext: initialization completed in 1650 ms
2025-05-13 05:48:10.170 [restartedMain] INFO  o.h.jpa.internal.util.LogHelper - HHH000204: Processing PersistenceUnitInfo [name: default]
2025-05-13 05:48:10.221 [restartedMain] INFO  org.hibernate.Version - HHH000412: Hibernate ORM core version 6.6.5.Final
2025-05-13 05:48:10.252 [restartedMain] INFO  o.h.c.i.RegionFactoryInitiator - HHH000026: Second-level cache disabled
2025-05-13 05:48:10.500 [restartedMain] INFO  o.s.o.j.p.SpringPersistenceUnitInfo - No LoadTimeWeaver setup: ignoring JPA class transformer
2025-05-13 05:48:10.526 [restartedMain] INFO  com.zaxxer.hikari.HikariDataSource - HikariPool-1 - Starting...
2025-05-13 05:48:10.650 [restartedMain] INFO  com.zaxxer.hikari.pool.HikariPool - HikariPool-1 - Added connection com.mysql.cj.jdbc.ConnectionImpl@2616aa12
2025-05-13 05:48:10.652 [restartedMain] INFO  com.zaxxer.hikari.HikariDataSource - HikariPool-1 - Start completed.
2025-05-13 05:48:10.695 [restartedMain] WARN  org.hibernate.orm.deprecation - HHH90000025: MySQL8Dialect does not need to be specified explicitly using 'hibernate.dialect' (remove the property setting and it will be selected by default)
2025-05-13 05:48:10.696 [restartedMain] WARN  org.hibernate.orm.deprecation - HHH90000026: MySQL8Dialect has been deprecated; use org.hibernate.dialect.MySQLDialect instead
2025-05-13 05:48:10.715 [restartedMain] INFO  o.hibernate.orm.connections.pooling - HHH10001005: Database info:
	Database JDBC URL [Connecting through datasource 'HikariDataSource (HikariPool-1)']
	Database driver: undefined/unknown
	Database version: 8.0
	Autocommit mode: undefined/unknown
	Isolation level: undefined/unknown
	Minimum pool size: undefined/unknown
	Maximum pool size: undefined/unknown
2025-05-13 05:48:11.673 [restartedMain] INFO  o.h.e.t.j.p.i.JtaPlatformInitiator - HHH000489: No JTA platform available (set 'hibernate.transaction.jta.platform' to enable JTA platform integration)
2025-05-13 05:48:11.759 [restartedMain] INFO  o.s.o.j.LocalContainerEntityManagerFactoryBean - Initialized JPA EntityManagerFactory for persistence unit 'default'
2025-05-13 05:48:12.199 [restartedMain] INFO  o.s.d.j.r.query.QueryEnhancerFactory - Hibernate is in classpath; If applicable, HQL parser will be used.
2025-05-13 05:48:13.895 [restartedMain] WARN  o.s.b.a.o.j.JpaBaseConfiguration$JpaWebConfiguration - spring.jpa.open-in-view is enabled by default. Therefore, database queries may be performed during view rendering. Explicitly configure spring.jpa.open-in-view to disable this warning
2025-05-13 05:48:14.845 [restartedMain] INFO  o.s.b.d.a.OptionalLiveReloadServer - LiveReload server is running on port 35729
2025-05-13 05:48:14.880 [restartedMain] INFO  o.a.coyote.http11.Http11NioProtocol - Starting ProtocolHandler ["http-nio-8080"]
2025-05-13 05:48:14.899 [restartedMain] INFO  o.s.b.w.e.tomcat.TomcatWebServer - Tomcat started on port 8080 (http) with context path '/'
2025-05-13 05:48:14.907 [restartedMain] INFO  c.c.carsharing.CarsharingApplication - Started CarsharingApplication in 7.138 seconds (process running for 9.037)
2025-05-13 05:48:16.377 [http-nio-8080-exec-1] INFO  o.a.c.c.C.[Tomcat].[localhost].[/] - Initializing Spring DispatcherServlet 'dispatcherServlet'
2025-05-13 05:48:16.378 [http-nio-8080-exec-1] INFO  o.s.web.servlet.DispatcherServlet - Initializing Servlet 'dispatcherServlet'
2025-05-13 05:48:16.379 [http-nio-8080-exec-1] INFO  o.s.web.servlet.DispatcherServlet - Completed initialization in 1 ms
2025-05-13 05:48:16.589 [http-nio-8080-exec-1] ERROR o.a.c.c.C.[.[.[.[dispatcherServlet] - Servlet.service() for servlet [dispatcherServlet] in context with path [] threw exception [Request processing failed: org.springframework.http.converter.HttpMessageConversionException: Type definition error: [simple type, class org.hibernate.proxy.pojo.bytebuddy.ByteBuddyInterceptor]] with root causecom.fasterxml.jackson.databind.exc.InvalidDefinitionException: No serializer found for class org.hibernate.proxy.pojo.bytebuddy.ByteBuddyInterceptor and no properties discovered to create BeanSerializer (to avoid exception, disable SerializationFeature.FAIL_ON_EMPTY_BEANS) (through reference chain: java.util.ArrayList[0]->com.carsharing.carsharing.model.Car["owner"]->com.carsharing.carsharing.model.Owner$HibernateProxy$p1uFDMkG["hibernateLazyInitializer"])
	at com.fasterxml.jackson.databind.exc.InvalidDefinitionException.from(InvalidDefinitionException.java:77)

2025-05-13 05:49:58.679 [http-nio-8080-exec-7] ERROR o.a.c.c.C.[.[.[.[dispatcherServlet] - Servlet.service() for servlet [dispatcherServlet] in context with path [] threw exception [Request processing failed: org.springframework.http.converter.HttpMessageConversionException: Type definition error: [simple type, class org.hibernate.proxy.pojo.bytebuddy.ByteBuddyInterceptor]] with root causecom.fasterxml.jackson.databind.exc.InvalidDefinitionException: No serializer found for class org.hibernate.proxy.pojo.bytebuddy.ByteBuddyInterceptor and no properties discovered to create BeanSerializer (to avoid exception, disable SerializationFeature.FAIL_ON_EMPTY_BEANS) (through reference chain: java.util.ArrayList[0]->com.carsharing.carsharing.model.Car["owner"]->com.carsharing.carsharing.model.Owner$HibernateProxy$p1uFDMkG["hibernateLazyInitializer"])
	at com.fasterxml.jackson.databind.exc.InvalidDefinitionException.from(InvalidDefinitionException.java:77)

2025-05-13 05:51:48.542 [SpringApplicationShutdownHook] INFO  o.s.b.w.e.tomcat.GracefulShutdown - Commencing graceful shutdown. Waiting for active requests to complete
2025-05-13 05:51:48.566 [tomcat-shutdown] INFO  o.s.b.w.e.tomcat.GracefulShutdown - Graceful shutdown complete
2025-05-13 05:51:48.574 [SpringApplicationShutdownHook] INFO  o.s.o.j.LocalContainerEntityManagerFactoryBean - Closing JPA EntityManagerFactory for persistence unit 'default'
2025-05-13 05:51:48.582 [SpringApplicationShutdownHook] INFO  com.zaxxer.hikari.HikariDataSource - HikariPool-1 - Shutdown initiated...
2025-05-13 05:51:48.595 [SpringApplicationShutdownHook] INFO  com.zaxxer.hikari.HikariDataSource - HikariPool-1 - Shutdown completed.
2025-05-13 05:51:56.308 [background-preinit] INFO  o.h.validator.internal.util.Version - HV000001: Hibernate Validator 8.0.2.Final
2025-05-13 05:51:56.402 [restartedMain] INFO  c.c.carsharing.CarsharingApplication - Starting CarsharingApplication using Java 23.0.2 with PID 14464 (C:\PNAYAVU_sem2\Carsharing\target\classes started by topmo in C:\PNAYAVU_sem2\Carsharing)
2025-05-13 05:51:56.403 [restartedMain] INFO  c.c.carsharing.CarsharingApplication - No active profile set, falling back to 1 default profile: "default"
2025-05-13 05:51:56.502 [restartedMain] INFO  o.s.b.d.e.DevToolsPropertyDefaultsPostProcessor - Devtools property defaults active! Set 'spring.devtools.add-properties' to 'false' to disable
2025-05-13 05:51:56.503 [restartedMain] INFO  o.s.b.d.e.DevToolsPropertyDefaultsPostProcessor - For additional web related logging consider setting the 'logging.level.web' property to 'DEBUG'
2025-05-13 05:51:57.992 [restartedMain] INFO  o.s.d.r.c.RepositoryConfigurationDelegate - Bootstrapping Spring Data JPA repositories in DEFAULT mode.
2025-05-13 05:51:58.078 [restartedMain] INFO  o.s.d.r.c.RepositoryConfigurationDelegate - Finished Spring Data repository scanning in 71 ms. Found 3 JPA repository interfaces.
2025-05-13 05:51:59.605 [restartedMain] INFO  o.s.b.w.e.tomcat.TomcatWebServer - Tomcat initialized with port 8080 (http)
2025-05-13 05:51:59.631 [restartedMain] INFO  o.a.coyote.http11.Http11NioProtocol - Initializing ProtocolHandler ["http-nio-8080"]
2025-05-13 05:51:59.635 [restartedMain] INFO  o.a.catalina.core.StandardService - Starting service [Tomcat]
2025-05-13 05:51:59.636 [restartedMain] INFO  o.a.catalina.core.StandardEngine - Starting Servlet engine: [Apache Tomcat/10.1.34]
2025-05-13 05:51:59.724 [restartedMain] INFO  o.a.c.c.C.[Tomcat].[localhost].[/] - Initializing Spring embedded WebApplicationContext
2025-05-13 05:51:59.725 [restartedMain] INFO  o.s.b.w.s.c.ServletWebServerApplicationContext - Root WebApplicationContext: initialization completed in 3220 ms
2025-05-13 05:52:00.116 [restartedMain] INFO  o.h.jpa.internal.util.LogHelper - HHH000204: Processing PersistenceUnitInfo [name: default]
2025-05-13 05:52:00.215 [restartedMain] INFO  org.hibernate.Version - HHH000412: Hibernate ORM core version 6.6.5.Final
2025-05-13 05:52:00.261 [restartedMain] INFO  o.h.c.i.RegionFactoryInitiator - HHH000026: Second-level cache disabled
2025-05-13 05:52:00.719 [restartedMain] INFO  o.s.o.j.p.SpringPersistenceUnitInfo - No LoadTimeWeaver setup: ignoring JPA class transformer
2025-05-13 05:52:00.789 [restartedMain] INFO  com.zaxxer.hikari.HikariDataSource - HikariPool-1 - Starting...
2025-05-13 05:52:01.043 [restartedMain] INFO  com.zaxxer.hikari.pool.HikariPool - HikariPool-1 - Added connection com.mysql.cj.jdbc.ConnectionImpl@4551dfb5
2025-05-13 05:52:01.047 [restartedMain] INFO  com.zaxxer.hikari.HikariDataSource - HikariPool-1 - Start completed.
2025-05-13 05:52:01.106 [restartedMain] WARN  org.hibernate.orm.deprecation - HHH90000025: MySQL8Dialect does not need to be specified explicitly using 'hibernate.dialect' (remove the property setting and it will be selected by default)
2025-05-13 05:52:01.108 [restartedMain] WARN  org.hibernate.orm.deprecation - HHH90000026: MySQL8Dialect has been deprecated; use org.hibernate.dialect.MySQLDialect instead
2025-05-13 05:52:01.137 [restartedMain] INFO  o.hibernate.orm.connections.pooling - HHH10001005: Database info:
	Database JDBC URL [Connecting through datasource 'HikariDataSource (HikariPool-1)']
	Database driver: undefined/unknown
	Database version: 8.0
	Autocommit mode: undefined/unknown
	Isolation level: undefined/unknown
	Minimum pool size: undefined/unknown
	Maximum pool size: undefined/unknown
2025-05-13 05:52:02.721 [restartedMain] INFO  o.h.e.t.j.p.i.JtaPlatformInitiator - HHH000489: No JTA platform available (set 'hibernate.transaction.jta.platform' to enable JTA platform integration)
2025-05-13 05:52:02.863 [restartedMain] INFO  o.s.o.j.LocalContainerEntityManagerFactoryBean - Initialized JPA EntityManagerFactory for persistence unit 'default'
2025-05-13 05:52:03.508 [restartedMain] INFO  o.s.d.j.r.query.QueryEnhancerFactory - Hibernate is in classpath; If applicable, HQL parser will be used.
2025-05-13 05:52:05.453 [restartedMain] WARN  o.s.b.a.o.j.JpaBaseConfiguration$JpaWebConfiguration - spring.jpa.open-in-view is enabled by default. Therefore, database queries may be performed during view rendering. Explicitly configure spring.jpa.open-in-view to disable this warning
2025-05-13 05:52:06.504 [restartedMain] INFO  o.s.b.d.a.OptionalLiveReloadServer - LiveReload server is running on port 35729
2025-05-13 05:52:06.540 [restartedMain] INFO  o.a.coyote.http11.Http11NioProtocol - Starting ProtocolHandler ["http-nio-8080"]
2025-05-13 05:52:06.569 [restartedMain] INFO  o.s.b.w.e.tomcat.TomcatWebServer - Tomcat started on port 8080 (http) with context path '/'
2025-05-13 05:52:06.583 [restartedMain] INFO  c.c.carsharing.CarsharingApplication - Started CarsharingApplication in 11.011 seconds (process running for 12.113)
2025-05-13 05:52:10.254 [http-nio-8080-exec-1] INFO  o.a.c.c.C.[Tomcat].[localhost].[/] - Initializing Spring DispatcherServlet 'dispatcherServlet'
2025-05-13 05:52:10.254 [http-nio-8080-exec-1] INFO  o.s.web.servlet.DispatcherServlet - Initializing Servlet 'dispatcherServlet'
2025-05-13 05:52:10.256 [http-nio-8080-exec-1] INFO  o.s.web.servlet.DispatcherServlet - Completed initialization in 2 ms
2025-05-13 05:52:20.570 [http-nio-8080-exec-4] WARN  o.s.w.s.m.s.DefaultHandlerExceptionResolver - Resolved [org.springframework.web.bind.MissingServletRequestParameterException: Required request parameter 'model' for method parameter type String is not present]
2025-05-13 05:52:42.862 [http-nio-8080-exec-5] WARN  o.s.w.s.m.m.a.ExceptionHandlerExceptionResolver - Resolved [com.carsharing.carsharing.exception.NotFound: No cars found for brand: ]
2025-05-13 05:52:43.977 [http-nio-8080-exec-6] WARN  o.s.w.s.m.m.a.ExceptionHandlerExceptionResolver - Resolved [com.carsharing.carsharing.exception.NotFound: No cars found for brand: ]
2025-05-13 05:53:04.406 [http-nio-8080-exec-9] WARN  o.s.w.s.m.m.a.ExceptionHandlerExceptionResolver - Resolved [com.carsharing.carsharing.exception.NotFound: No cars found for brand: ]
2025-05-13 05:53:14.050 [http-nio-8080-exec-8] WARN  o.s.w.s.m.m.a.ExceptionHandlerExceptionResolver - Resolved [com.carsharing.carsharing.exception.NotFound: No cars found for brand: ]
2025-05-13 05:53:23.392 [http-nio-8080-exec-3] WARN  o.s.w.s.m.s.DefaultHandlerExceptionResolver - Resolved [org.springframework.web.bind.MissingServletRequestParameterException: Required request parameter 'model' for method parameter type String is not present]
2025-05-13 05:53:30.728 [http-nio-8080-exec-2] WARN  o.s.w.s.m.s.DefaultHandlerExceptionResolver - Resolved [org.springframework.web.bind.MissingServletRequestParameterException: Required request parameter 'model' for method parameter type String is not present]
2025-05-13 05:53:37.185 [http-nio-8080-exec-4] WARN  o.s.w.s.m.m.a.ExceptionHandlerExceptionResolver - Resolved [com.carsharing.carsharing.exception.NotFound: No cars found for brand: BMW M5]
2025-05-13 05:53:38.196 [http-nio-8080-exec-5] WARN  o.s.w.s.m.m.a.ExceptionHandlerExceptionResolver - Resolved [com.carsharing.carsharing.exception.NotFound: No cars found for brand: BMW M5]
2025-05-13 05:53:47.584 [http-nio-8080-exec-6] WARN  o.s.w.s.m.m.a.ExceptionHandlerExceptionResolver - Resolved [com.carsharing.carsharing.exception.NotFound: No cars found for brand: udjs Audi]
2025-05-13 05:53:48.483 [http-nio-8080-exec-9] WARN  o.s.w.s.m.m.a.ExceptionHandlerExceptionResolver - Resolved [com.carsharing.carsharing.exception.NotFound: No cars found for brand: udjs Audi]
2025-05-13 05:53:48.713 [http-nio-8080-exec-10] WARN  o.s.w.s.m.m.a.ExceptionHandlerExceptionResolver - Resolved [com.carsharing.carsharing.exception.NotFound: No cars found for brand: udjs Audi]
2025-05-13 05:53:50.054 [http-nio-8080-exec-8] WARN  o.s.w.s.m.m.a.ExceptionHandlerExceptionResolver - Resolved [com.carsharing.carsharing.exception.NotFound: No cars found for brand: udjs Audi]
2025-05-13 05:53:51.737 [http-nio-8080-exec-7] WARN  o.s.w.s.m.m.a.ExceptionHandlerExceptionResolver - Resolved [com.carsharing.carsharing.exception.NotFound: No cars found for brand: ]
2025-05-13 05:54:00.599 [http-nio-8080-exec-1] WARN  o.s.w.s.m.s.DefaultHandlerExceptionResolver - Resolved [org.springframework.web.bind.MissingServletRequestParameterException: Required request parameter 'model' for method parameter type String is not present]
2025-05-13 05:55:15.182 [http-nio-8080-exec-2] WARN  o.s.w.s.m.m.a.ExceptionHandlerExceptionResolver - Resolved [com.carsharing.carsharing.exception.NotFound: No cars found for brand: Q5]
2025-05-13 05:55:16.411 [http-nio-8080-exec-4] WARN  o.s.w.s.m.m.a.ExceptionHandlerExceptionResolver - Resolved [com.carsharing.carsharing.exception.NotFound: No cars found for brand: Q5]
2025-05-13 05:55:18.495 [http-nio-8080-exec-5] WARN  o.s.w.s.m.m.a.ExceptionHandlerExceptionResolver - Resolved [com.carsharing.carsharing.exception.NotFound: No cars found for brand: ]
2025-05-13 06:08:46.313 [http-nio-8080-exec-9] WARN  o.s.w.s.m.m.a.ExceptionHandlerExceptionResolver - Resolved [com.carsharing.carsharing.exception.NotFound: No cars found for brand: ]
2025-05-13 06:10:15.099 [http-nio-8080-exec-8] WARN  o.s.w.s.m.m.a.ExceptionHandlerExceptionResolver - Resolved [com.carsharing.carsharing.exception.NotFound: No cars found for brand: ПП]
2025-05-13 06:10:16.182 [http-nio-8080-exec-7] WARN  o.s.w.s.m.m.a.ExceptionHandlerExceptionResolver - Resolved [com.carsharing.carsharing.exception.NotFound: No cars found for brand: ПП]
2025-05-13 06:10:16.903 [http-nio-8080-exec-3] WARN  o.s.w.s.m.m.a.ExceptionHandlerExceptionResolver - Resolved [com.carsharing.carsharing.exception.NotFound: No cars found for brand: ПП]
2025-05-13 06:10:17.099 [http-nio-8080-exec-1] WARN  o.s.w.s.m.m.a.ExceptionHandlerExceptionResolver - Resolved [com.carsharing.carsharing.exception.NotFound: No cars found for brand: ПП]
2025-05-13 06:10:23.856 [http-nio-8080-exec-4] WARN  o.s.w.s.m.s.DefaultHandlerExceptionResolver - Resolved [org.springframework.web.bind.MissingServletRequestParameterException: Required request parameter 'model' for method parameter type String is not present]
2025-05-13 06:10:25.902 [http-nio-8080-exec-5] WARN  o.s.w.s.m.m.a.ExceptionHandlerExceptionResolver - Resolved [com.carsharing.carsharing.exception.NotFound: No cars found for brand: ]
2025-05-13 06:16:36.511 [http-nio-8080-exec-9] WARN  o.s.w.s.m.m.a.ExceptionHandlerExceptionResolver - Resolved [com.carsharing.carsharing.exception.NotFound: No cars found for brand: ]
2025-05-13 06:21:06.236 [http-nio-8080-exec-8] WARN  o.s.w.s.m.m.a.ExceptionHandlerExceptionResolver - Resolved [com.carsharing.carsharing.exception.NotFound: No cars found for brand: ]
2025-05-13 06:32:27.348 [http-nio-8080-exec-3] WARN  o.s.w.s.m.m.a.ExceptionHandlerExceptionResolver - Resolved [com.carsharing.carsharing.exception.NotFound: No cars found for brand: ]
2025-05-13 06:35:43.187 [http-nio-8080-exec-2] WARN  o.s.w.s.m.m.a.ExceptionHandlerExceptionResolver - Resolved [com.carsharing.carsharing.exception.NotFound: No cars found for brand: ]
2025-05-13 06:36:08.194 [http-nio-8080-exec-4] WARN  o.s.w.s.m.m.a.ExceptionHandlerExceptionResolver - Resolved [com.carsharing.carsharing.exception.NotFound: No cars found for brand: ]
2025-05-13 06:37:31.193 [http-nio-8080-exec-6] WARN  o.s.w.s.m.m.a.ExceptionHandlerExceptionResolver - Resolved [com.carsharing.carsharing.exception.NotFound: No cars found for brand: ]
2025-05-13 06:52:43.543 [http-nio-8080-exec-8] WARN  o.s.w.s.m.s.DefaultHandlerExceptionResolver - Resolved [org.springframework.web.bind.MissingServletRequestParameterException: Required request parameter 'model' for method parameter type String is not present]
2025-05-13 06:52:47.376 [http-nio-8080-exec-7] WARN  o.s.w.s.m.m.a.ExceptionHandlerExceptionResolver - Resolved [com.carsharing.carsharing.exception.NotFound: No cars found for brand: jkg]
2025-05-13 06:52:56.178 [http-nio-8080-exec-1] WARN  o.s.w.s.m.s.DefaultHandlerExceptionResolver - Resolved [org.springframework.web.bind.MissingServletRequestParameterException: Required request parameter 'model' for method parameter type String is not present]
2025-05-13 06:52:59.208 [http-nio-8080-exec-4] WARN  o.s.w.s.m.s.DefaultHandlerExceptionResolver - Resolved [org.springframework.web.bind.MissingServletRequestParameterException: Required request parameter 'model' for method parameter type String is not present]
2025-05-13 06:53:10.723 [http-nio-8080-exec-6] WARN  o.s.w.s.m.s.DefaultHandlerExceptionResolver - Resolved [org.springframework.web.bind.MissingServletRequestParameterException: Required request parameter 'model' for method parameter type String is not present]
2025-05-13 06:53:28.736 [http-nio-8080-exec-10] WARN  o.s.w.s.m.s.DefaultHandlerExceptionResolver - Resolved [org.springframework.web.bind.MissingServletRequestParameterException: Required request parameter 'model' for method parameter type String is not present]
2025-05-13 06:53:29.856 [http-nio-8080-exec-8] WARN  o.s.w.s.m.m.a.ExceptionHandlerExceptionResolver - Resolved [com.carsharing.carsharing.exception.NotFound: No cars found for brand: ]
2025-05-13 06:53:30.914 [http-nio-8080-exec-7] WARN  o.s.w.s.m.m.a.ExceptionHandlerExceptionResolver - Resolved [com.carsharing.carsharing.exception.NotFound: No cars found for brand: ]
2025-05-13 06:53:31.762 [http-nio-8080-exec-3] WARN  o.s.w.s.m.m.a.ExceptionHandlerExceptionResolver - Resolved [com.carsharing.carsharing.exception.NotFound: No cars found for brand: ]
2025-05-13 06:53:34.310 [http-nio-8080-exec-1] WARN  o.s.w.s.m.m.a.ExceptionHandlerExceptionResolver - Resolved [com.carsharing.carsharing.exception.NotFound: No cars found for brand: ]
2025-05-13 06:53:47.548 [http-nio-8080-exec-2] WARN  o.s.w.s.m.m.a.ExceptionHandlerExceptionResolver - Resolved [com.carsharing.carsharing.exception.NotFound: No cars found for brand: ]
2025-05-13 06:53:51.912 [http-nio-8080-exec-5] WARN  o.s.w.s.m.s.DefaultHandlerExceptionResolver - Resolved [org.springframework.web.bind.MissingServletRequestParameterException: Required request parameter 'model' for method parameter type String is not present]
2025-05-13 06:55:37.297 [http-nio-8080-exec-6] WARN  o.s.w.s.m.m.a.ExceptionHandlerExceptionResolver - Resolved [com.carsharing.carsharing.exception.NotFound: No cars found for brand: ЦЦ]
2025-05-13 06:55:41.162 [http-nio-8080-exec-10] WARN  o.s.w.s.m.s.DefaultHandlerExceptionResolver - Resolved [org.springframework.web.bind.MissingServletRequestParameterException: Required request parameter 'model' for method parameter type String is not present]
2025-05-13 06:57:19.955 [http-nio-8080-exec-3] WARN  o.s.w.s.m.s.DefaultHandlerExceptionResolver - Resolved [org.springframework.web.bind.MissingServletRequestParameterException: Required request parameter 'model' for method parameter type String is not present]
2025-05-13 06:59:48.409 [http-nio-8080-exec-4] WARN  o.s.w.s.m.s.DefaultHandlerExceptionResolver - Resolved [org.springframework.web.bind.MissingServletRequestParameterException: Required request parameter 'model' for method parameter type String is not present]
2025-05-13 06:59:48.452 [http-nio-8080-exec-5] WARN  o.s.w.s.m.s.DefaultHandlerExceptionResolver - Resolved [org.springframework.web.bind.MissingServletRequestParameterException: Required request parameter 'model' for method parameter type String is not present]
2025-05-13 07:00:06.246 [http-nio-8080-exec-9] WARN  o.s.w.s.m.s.DefaultHandlerExceptionResolver - Resolved [org.springframework.web.bind.MissingServletRequestParameterException: Required request parameter 'model' for method parameter type String is not present]
2025-05-13 07:00:07.240 [http-nio-8080-exec-8] WARN  o.s.w.s.m.s.DefaultHandlerExceptionResolver - Resolved [org.springframework.web.bind.MissingServletRequestParameterException: Required request parameter 'model' for method parameter type String is not present]
2025-05-13 07:00:08.076 [http-nio-8080-exec-3] WARN  o.s.w.s.m.s.DefaultHandlerExceptionResolver - Resolved [org.springframework.web.bind.MissingServletRequestParameterException: Required request parameter 'model' for method parameter type String is not present]
2025-05-13 07:00:09.176 [http-nio-8080-exec-4] WARN  o.s.w.s.m.s.DefaultHandlerExceptionResolver - Resolved [org.springframework.web.bind.MissingServletRequestParameterException: Required request parameter 'model' for method parameter type String is not present]
2025-05-13 07:00:11.156 [http-nio-8080-exec-5] WARN  o.s.w.s.m.s.DefaultHandlerExceptionResolver - Resolved [org.springframework.web.bind.MissingServletRequestParameterException: Required request parameter 'model' for method parameter type String is not present]
2025-05-13 07:00:12.106 [http-nio-8080-exec-9] WARN  o.s.w.s.m.s.DefaultHandlerExceptionResolver - Resolved [org.springframework.web.bind.MissingServletRequestParameterException: Required request parameter 'model' for method parameter type String is not present]
2025-05-13 07:00:13.092 [http-nio-8080-exec-8] WARN  o.s.w.s.m.s.DefaultHandlerExceptionResolver - Resolved [org.springframework.web.bind.MissingServletRequestParameterException: Required request parameter 'model' for method parameter type String is not present]
2025-05-13 07:00:25.489 [http-nio-8080-exec-3] WARN  o.s.w.s.m.s.DefaultHandlerExceptionResolver - Resolved [org.springframework.web.bind.MissingServletRequestParameterException: Required request parameter 'model' for method parameter type String is not present]
2025-05-13 09:12:11.808 [background-preinit] INFO  o.h.validator.internal.util.Version - HV000001: Hibernate Validator 8.0.2.Final
2025-05-13 09:12:11.869 [restartedMain] INFO  c.c.carsharing.CarsharingApplication - Starting CarsharingApplication using Java 23.0.2 with PID 15112 (C:\PNAYAVU_sem2\Carsharing\target\classes started by topmo in C:\PNAYAVU_sem2\Carsharing)
2025-05-13 09:12:11.870 [restartedMain] INFO  c.c.carsharing.CarsharingApplication - No active profile set, falling back to 1 default profile: "default"
2025-05-13 09:12:11.935 [restartedMain] INFO  o.s.b.d.e.DevToolsPropertyDefaultsPostProcessor - Devtools property defaults active! Set 'spring.devtools.add-properties' to 'false' to disable
2025-05-13 09:12:11.935 [restartedMain] INFO  o.s.b.d.e.DevToolsPropertyDefaultsPostProcessor - For additional web related logging consider setting the 'logging.level.web' property to 'DEBUG'
2025-05-13 09:12:12.766 [restartedMain] INFO  o.s.d.r.c.RepositoryConfigurationDelegate - Bootstrapping Spring Data JPA repositories in DEFAULT mode.
2025-05-13 09:12:12.816 [restartedMain] INFO  o.s.d.r.c.RepositoryConfigurationDelegate - Finished Spring Data repository scanning in 43 ms. Found 3 JPA repository interfaces.
2025-05-13 09:12:13.450 [restartedMain] INFO  o.s.b.w.e.tomcat.TomcatWebServer - Tomcat initialized with port 8080 (http)
2025-05-13 09:12:13.462 [restartedMain] INFO  o.a.coyote.http11.Http11NioProtocol - Initializing ProtocolHandler ["http-nio-8080"]
2025-05-13 09:12:13.464 [restartedMain] INFO  o.a.catalina.core.StandardService - Starting service [Tomcat]
2025-05-13 09:12:13.464 [restartedMain] INFO  o.a.catalina.core.StandardEngine - Starting Servlet engine: [Apache Tomcat/10.1.34]
2025-05-13 09:12:13.509 [restartedMain] INFO  o.a.c.c.C.[Tomcat].[localhost].[/] - Initializing Spring embedded WebApplicationContext
2025-05-13 09:12:13.510 [restartedMain] INFO  o.s.b.w.s.c.ServletWebServerApplicationContext - Root WebApplicationContext: initialization completed in 1574 ms
2025-05-13 09:12:13.667 [restartedMain] INFO  o.h.jpa.internal.util.LogHelper - HHH000204: Processing PersistenceUnitInfo [name: default]
2025-05-13 09:12:13.736 [restartedMain] INFO  org.hibernate.Version - HHH000412: Hibernate ORM core version 6.6.5.Final
2025-05-13 09:12:13.766 [restartedMain] INFO  o.h.c.i.RegionFactoryInitiator - HHH000026: Second-level cache disabled
2025-05-13 09:12:14.043 [restartedMain] INFO  o.s.o.j.p.SpringPersistenceUnitInfo - No LoadTimeWeaver setup: ignoring JPA class transformer
2025-05-13 09:12:14.080 [restartedMain] INFO  com.zaxxer.hikari.HikariDataSource - HikariPool-1 - Starting...
2025-05-13 09:12:14.217 [restartedMain] INFO  com.zaxxer.hikari.pool.HikariPool - HikariPool-1 - Added connection com.mysql.cj.jdbc.ConnectionImpl@55524e9e
2025-05-13 09:12:14.219 [restartedMain] INFO  com.zaxxer.hikari.HikariDataSource - HikariPool-1 - Start completed.
2025-05-13 09:12:14.268 [restartedMain] WARN  org.hibernate.orm.deprecation - HHH90000025: MySQL8Dialect does not need to be specified explicitly using 'hibernate.dialect' (remove the property setting and it will be selected by default)
2025-05-13 09:12:14.269 [restartedMain] WARN  org.hibernate.orm.deprecation - HHH90000026: MySQL8Dialect has been deprecated; use org.hibernate.dialect.MySQLDialect instead
2025-05-13 09:12:14.285 [restartedMain] INFO  o.hibernate.orm.connections.pooling - HHH10001005: Database info:
	Database JDBC URL [Connecting through datasource 'HikariDataSource (HikariPool-1)']
	Database driver: undefined/unknown
	Database version: 8.0
	Autocommit mode: undefined/unknown
	Isolation level: undefined/unknown
	Minimum pool size: undefined/unknown
	Maximum pool size: undefined/unknown
2025-05-13 09:12:15.461 [restartedMain] INFO  o.h.e.t.j.p.i.JtaPlatformInitiator - HHH000489: No JTA platform available (set 'hibernate.transaction.jta.platform' to enable JTA platform integration)
2025-05-13 09:12:15.536 [restartedMain] INFO  o.s.o.j.LocalContainerEntityManagerFactoryBean - Initialized JPA EntityManagerFactory for persistence unit 'default'
2025-05-13 09:12:15.936 [restartedMain] INFO  o.s.d.j.r.query.QueryEnhancerFactory - Hibernate is in classpath; If applicable, HQL parser will be used.
2025-05-13 09:12:17.214 [restartedMain] WARN  o.s.b.a.o.j.JpaBaseConfiguration$JpaWebConfiguration - spring.jpa.open-in-view is enabled by default. Therefore, database queries may be performed during view rendering. Explicitly configure spring.jpa.open-in-view to disable this warning
2025-05-13 09:12:18.105 [restartedMain] INFO  o.s.b.d.a.OptionalLiveReloadServer - LiveReload server is running on port 35729
2025-05-13 09:12:18.131 [restartedMain] INFO  o.a.coyote.http11.Http11NioProtocol - Starting ProtocolHandler ["http-nio-8080"]
2025-05-13 09:12:18.145 [restartedMain] INFO  o.s.b.w.e.tomcat.TomcatWebServer - Tomcat started on port 8080 (http) with context path '/'
2025-05-13 09:12:18.154 [restartedMain] INFO  c.c.carsharing.CarsharingApplication - Started CarsharingApplication in 7.23 seconds (process running for 8.216)
2025-05-13 09:12:32.585 [http-nio-8080-exec-1] INFO  o.a.c.c.C.[Tomcat].[localhost].[/] - Initializing Spring DispatcherServlet 'dispatcherServlet'
2025-05-13 09:12:32.586 [http-nio-8080-exec-1] INFO  o.s.web.servlet.DispatcherServlet - Initializing Servlet 'dispatcherServlet'
2025-05-13 09:12:32.587 [http-nio-8080-exec-1] INFO  o.s.web.servlet.DispatcherServlet - Completed initialization in 1 ms
2025-05-13 09:12:44.583 [http-nio-8080-exec-3] INFO  c.c.carsharing.cache.LruCache - Cache miss: Item with key 2 not found in cache
2025-05-13 09:12:44.583 [http-nio-8080-exec-3] INFO  c.c.carsharing.service.CarService - Car with ID 2 not found in cache, fetching from database
2025-05-13 09:12:44.613 [http-nio-8080-exec-3] WARN  o.s.w.s.m.m.a.ExceptionHandlerExceptionResolver - Resolved [com.carsharing.carsharing.exception.NotFound: Car not found with ID: 2]
2025-05-13 09:12:51.574 [http-nio-8080-exec-5] WARN  o.s.w.s.m.m.a.ExceptionHandlerExceptionResolver - Resolved [com.carsharing.carsharing.exception.NotFound: No cars found for brand: Toyota]
2025-05-13 09:15:06.620 [http-nio-8080-exec-1] INFO  c.c.carsharing.service.LogService - Created async log task: c1f7ad7c-e614-4901-9c68-941b9e06163a
2025-05-13 09:15:56.645 [pool-2-thread-1] INFO  c.c.carsharing.service.LogService - Log task c1f7ad7c-e614-4901-9c68-941b9e06163a completed
2025-05-13 09:25:10.496 [http-nio-8080-exec-7] INFO  c.c.carsharing.cache.LruCache - Cache miss: Item with key 2 not found in cache
2025-05-13 09:25:10.496 [http-nio-8080-exec-7] INFO  c.c.carsharing.service.CarService - Car with ID 2 not found in cache, fetching from database
2025-05-13 09:25:10.503 [http-nio-8080-exec-7] WARN  o.s.w.s.m.m.a.ExceptionHandlerExceptionResolver - Resolved [com.carsharing.carsharing.exception.NotFound: Car not found with ID: 2]
2025-05-13 11:17:55.169 [background-preinit] INFO  o.h.validator.internal.util.Version - HV000001: Hibernate Validator 8.0.2.Final
2025-05-13 11:17:55.223 [restartedMain] INFO  c.c.carsharing.CarsharingApplication - Starting CarsharingApplication using Java 23.0.2 with PID 10640 (C:\PNAYAVU_sem2\Carsharing\target\classes started by topmo in C:\PNAYAVU_sem2\Carsharing)
2025-05-13 11:17:55.225 [restartedMain] INFO  c.c.carsharing.CarsharingApplication - No active profile set, falling back to 1 default profile: "default"
2025-05-13 11:17:55.296 [restartedMain] INFO  o.s.b.d.e.DevToolsPropertyDefaultsPostProcessor - Devtools property defaults active! Set 'spring.devtools.add-properties' to 'false' to disable
2025-05-13 11:17:55.296 [restartedMain] INFO  o.s.b.d.e.DevToolsPropertyDefaultsPostProcessor - For additional web related logging consider setting the 'logging.level.web' property to 'DEBUG'
2025-05-13 11:17:57.288 [restartedMain] INFO  o.s.d.r.c.RepositoryConfigurationDelegate - Bootstrapping Spring Data JPA repositories in DEFAULT mode.
2025-05-13 11:17:57.378 [restartedMain] INFO  o.s.d.r.c.RepositoryConfigurationDelegate - Finished Spring Data repository scanning in 75 ms. Found 3 JPA repository interfaces.
2025-05-13 11:17:58.509 [restartedMain] INFO  o.s.b.w.e.tomcat.TomcatWebServer - Tomcat initialized with port 8080 (http)
2025-05-13 11:17:58.525 [restartedMain] INFO  o.a.coyote.http11.Http11NioProtocol - Initializing ProtocolHandler ["http-nio-8080"]
2025-05-13 11:17:58.527 [restartedMain] INFO  o.a.catalina.core.StandardService - Starting service [Tomcat]
2025-05-13 11:17:58.527 [restartedMain] INFO  o.a.catalina.core.StandardEngine - Starting Servlet engine: [Apache Tomcat/10.1.34]
2025-05-13 11:17:58.584 [restartedMain] INFO  o.a.c.c.C.[Tomcat].[localhost].[/] - Initializing Spring embedded WebApplicationContext
2025-05-13 11:17:58.584 [restartedMain] INFO  o.s.b.w.s.c.ServletWebServerApplicationContext - Root WebApplicationContext: initialization completed in 3287 ms
2025-05-13 11:17:58.826 [restartedMain] INFO  o.h.jpa.internal.util.LogHelper - HHH000204: Processing PersistenceUnitInfo [name: default]
2025-05-13 11:17:58.923 [restartedMain] INFO  org.hibernate.Version - HHH000412: Hibernate ORM core version 6.6.5.Final
2025-05-13 11:17:58.967 [restartedMain] INFO  o.h.c.i.RegionFactoryInitiator - HHH000026: Second-level cache disabled
2025-05-13 11:17:59.342 [restartedMain] INFO  o.s.o.j.p.SpringPersistenceUnitInfo - No LoadTimeWeaver setup: ignoring JPA class transformer
2025-05-13 11:17:59.383 [restartedMain] INFO  com.zaxxer.hikari.HikariDataSource - HikariPool-1 - Starting...
2025-05-13 11:17:59.535 [restartedMain] INFO  com.zaxxer.hikari.pool.HikariPool - HikariPool-1 - Added connection com.mysql.cj.jdbc.ConnectionImpl@4551dfb5
2025-05-13 11:17:59.537 [restartedMain] INFO  com.zaxxer.hikari.HikariDataSource - HikariPool-1 - Start completed.
2025-05-13 11:17:59.603 [restartedMain] WARN  org.hibernate.orm.deprecation - HHH90000025: MySQL8Dialect does not need to be specified explicitly using 'hibernate.dialect' (remove the property setting and it will be selected by default)
2025-05-13 11:17:59.605 [restartedMain] WARN  org.hibernate.orm.deprecation - HHH90000026: MySQL8Dialect has been deprecated; use org.hibernate.dialect.MySQLDialect instead
2025-05-13 11:17:59.634 [restartedMain] INFO  o.hibernate.orm.connections.pooling - HHH10001005: Database info:
	Database JDBC URL [Connecting through datasource 'HikariDataSource (HikariPool-1)']
	Database driver: undefined/unknown
	Database version: 8.0
	Autocommit mode: undefined/unknown
	Isolation level: undefined/unknown
	Minimum pool size: undefined/unknown
	Maximum pool size: undefined/unknown
2025-05-13 11:18:00.773 [restartedMain] INFO  o.h.e.t.j.p.i.JtaPlatformInitiator - HHH000489: No JTA platform available (set 'hibernate.transaction.jta.platform' to enable JTA platform integration)
2025-05-13 11:18:00.871 [restartedMain] INFO  o.s.o.j.LocalContainerEntityManagerFactoryBean - Initialized JPA EntityManagerFactory for persistence unit 'default'
2025-05-13 11:18:01.357 [restartedMain] INFO  o.s.d.j.r.query.QueryEnhancerFactory - Hibernate is in classpath; If applicable, HQL parser will be used.
2025-05-13 11:18:02.945 [restartedMain] WARN  o.s.b.a.o.j.JpaBaseConfiguration$JpaWebConfiguration - spring.jpa.open-in-view is enabled by default. Therefore, database queries may be performed during view rendering. Explicitly configure spring.jpa.open-in-view to disable this warning
2025-05-13 11:18:03.658 [restartedMain] INFO  o.s.b.d.a.OptionalLiveReloadServer - LiveReload server is running on port 35729
2025-05-13 11:18:03.681 [restartedMain] INFO  o.a.coyote.http11.Http11NioProtocol - Starting ProtocolHandler ["http-nio-8080"]
2025-05-13 11:18:03.694 [restartedMain] INFO  o.s.b.w.e.tomcat.TomcatWebServer - Tomcat started on port 8080 (http) with context path '/'
2025-05-13 11:18:03.701 [restartedMain] INFO  c.c.carsharing.CarsharingApplication - Started CarsharingApplication in 9.11 seconds (process running for 10.237)
2025-05-13 11:18:25.470 [http-nio-8080-exec-1] INFO  o.a.c.c.C.[Tomcat].[localhost].[/] - Initializing Spring DispatcherServlet 'dispatcherServlet'
2025-05-13 11:18:25.470 [http-nio-8080-exec-1] INFO  o.s.web.servlet.DispatcherServlet - Initializing Servlet 'dispatcherServlet'
2025-05-13 11:18:25.472 [http-nio-8080-exec-1] INFO  o.s.web.servlet.DispatcherServlet - Completed initialization in 2 ms
2025-05-13 11:18:25.760 [http-nio-8080-exec-2] WARN  o.s.w.s.m.s.DefaultHandlerExceptionResolver - Resolved [org.springframework.web.bind.MissingServletRequestParameterException: Required request parameter 'model' for method parameter type String is not present]
2025-05-13 11:18:35.939 [http-nio-8080-exec-4] WARN  o.s.w.s.m.s.DefaultHandlerExceptionResolver - Resolved [org.springframework.web.bind.MissingServletRequestParameterException: Required request parameter 'model' for method parameter type String is not present]
2025-05-13 11:18:42.211 [http-nio-8080-exec-5] WARN  o.s.w.s.m.m.a.ExceptionHandlerExceptionResolver - Resolved [com.carsharing.carsharing.exception.NotFound: No cars found for brand: K]
2025-05-13 11:18:50.276 [http-nio-8080-exec-7] WARN  o.s.w.s.m.s.DefaultHandlerExceptionResolver - Resolved [org.springframework.web.bind.MissingServletRequestParameterException: Required request parameter 'model' for method parameter type String is not present]
2025-05-13 11:19:38.795 [http-nio-8080-exec-9] WARN  o.s.w.s.m.s.DefaultHandlerExceptionResolver - Resolved [org.springframework.web.bind.MissingServletRequestParameterException: Required request parameter 'model' for method parameter type String is not present]
2025-05-13 11:21:23.549 [http-nio-8080-exec-1] WARN  o.s.w.s.m.s.DefaultHandlerExceptionResolver - Resolved [org.springframework.web.bind.MissingServletRequestParameterException: Required request parameter 'model' for method parameter type String is not present]
2025-05-13 11:22:16.146 [http-nio-8080-exec-3] WARN  o.s.w.s.m.s.DefaultHandlerExceptionResolver - Resolved [org.springframework.web.bind.MissingServletRequestParameterException: Required request parameter 'model' for method parameter type String is not present]
2025-05-13 11:22:25.654 [http-nio-8080-exec-6] WARN  o.s.w.s.m.s.DefaultHandlerExceptionResolver - Resolved [org.springframework.web.bind.MissingServletRequestParameterException: Required request parameter 'model' for method parameter type String is not present]
2025-05-13 11:25:14.878 [File Watcher] INFO  o.s.b.d.a.LocalDevToolsAutoConfiguration$RestartingClassPathChangeChangedEventListener - Restarting due to 1 class path change (0 additions, 1 deletion, 0 modifications)
2025-05-13 11:25:14.881 [Thread-5] INFO  o.s.b.w.e.tomcat.GracefulShutdown - Commencing graceful shutdown. Waiting for active requests to complete
2025-05-13 11:25:14.882 [tomcat-shutdown] INFO  o.a.coyote.http11.Http11NioProtocol - Pausing ProtocolHandler ["http-nio-8080"]
2025-05-13 11:25:14.896 [tomcat-shutdown] INFO  o.s.b.w.e.tomcat.GracefulShutdown - Graceful shutdown complete
2025-05-13 11:25:14.896 [Thread-5] INFO  o.a.coyote.http11.Http11NioProtocol - Stopping ProtocolHandler ["http-nio-8080"]
2025-05-13 11:25:14.900 [Thread-5] INFO  o.s.o.j.LocalContainerEntityManagerFactoryBean - Closing JPA EntityManagerFactory for persistence unit 'default'
2025-05-13 11:25:14.903 [Thread-5] INFO  com.zaxxer.hikari.HikariDataSource - HikariPool-1 - Shutdown initiated...
2025-05-13 11:25:14.915 [Thread-5] INFO  com.zaxxer.hikari.HikariDataSource - HikariPool-1 - Shutdown completed.
2025-05-13 11:25:14.990 [restartedMain] INFO  c.c.carsharing.CarsharingApplication - Starting CarsharingApplication using Java 23.0.2 with PID 10640 (C:\PNAYAVU_sem2\Carsharing\target\classes started by topmo in C:\PNAYAVU_sem2\Carsharing)
2025-05-13 11:25:14.990 [restartedMain] INFO  c.c.carsharing.CarsharingApplication - No active profile set, falling back to 1 default profile: "default"
2025-05-13 11:25:15.275 [restartedMain] INFO  o.s.d.r.c.RepositoryConfigurationDelegate - Bootstrapping Spring Data JPA repositories in DEFAULT mode.
2025-05-13 11:25:15.306 [restartedMain] INFO  o.s.d.r.c.RepositoryConfigurationDelegate - Finished Spring Data repository scanning in 30 ms. Found 3 JPA repository interfaces.
2025-05-13 11:25:15.498 [restartedMain] INFO  o.s.b.w.e.tomcat.TomcatWebServer - Tomcat initialized with port 8080 (http)
2025-05-13 11:25:15.499 [restartedMain] INFO  o.a.coyote.http11.Http11NioProtocol - Initializing ProtocolHandler ["http-nio-8080"]
2025-05-13 11:25:15.499 [restartedMain] INFO  o.a.catalina.core.StandardService - Starting service [Tomcat]
2025-05-13 11:25:15.499 [restartedMain] INFO  o.a.catalina.core.StandardEngine - Starting Servlet engine: [Apache Tomcat/10.1.34]
2025-05-13 11:25:15.516 [restartedMain] INFO  o.a.c.c.C.[Tomcat].[localhost].[/] - Initializing Spring embedded WebApplicationContext
2025-05-13 11:25:15.516 [restartedMain] INFO  o.s.b.w.s.c.ServletWebServerApplicationContext - Root WebApplicationContext: initialization completed in 525 ms
2025-05-13 11:25:15.642 [restartedMain] INFO  o.h.jpa.internal.util.LogHelper - HHH000204: Processing PersistenceUnitInfo [name: default]
2025-05-13 11:25:15.645 [restartedMain] INFO  o.h.c.i.RegionFactoryInitiator - HHH000026: Second-level cache disabled
2025-05-13 11:25:15.656 [restartedMain] INFO  o.s.o.j.p.SpringPersistenceUnitInfo - No LoadTimeWeaver setup: ignoring JPA class transformer
2025-05-13 11:25:15.657 [restartedMain] INFO  com.zaxxer.hikari.HikariDataSource - HikariPool-2 - Starting...
2025-05-13 11:25:15.662 [restartedMain] INFO  com.zaxxer.hikari.pool.HikariPool - HikariPool-2 - Added connection com.mysql.cj.jdbc.ConnectionImpl@232ed027
2025-05-13 11:25:15.664 [restartedMain] INFO  com.zaxxer.hikari.HikariDataSource - HikariPool-2 - Start completed.
2025-05-13 11:25:15.664 [restartedMain] WARN  org.hibernate.orm.deprecation - HHH90000025: MySQL8Dialect does not need to be specified explicitly using 'hibernate.dialect' (remove the property setting and it will be selected by default)
2025-05-13 11:25:15.664 [restartedMain] WARN  org.hibernate.orm.deprecation - HHH90000026: MySQL8Dialect has been deprecated; use org.hibernate.dialect.MySQLDialect instead
2025-05-13 11:25:15.665 [restartedMain] INFO  o.hibernate.orm.connections.pooling - HHH10001005: Database info:
	Database JDBC URL [Connecting through datasource 'HikariDataSource (HikariPool-2)']
	Database driver: undefined/unknown
	Database version: 8.0
	Autocommit mode: undefined/unknown
	Isolation level: undefined/unknown
	Minimum pool size: undefined/unknown
	Maximum pool size: undefined/unknown
2025-05-13 11:25:15.816 [restartedMain] INFO  o.h.e.t.j.p.i.JtaPlatformInitiator - HHH000489: No JTA platform available (set 'hibernate.transaction.jta.platform' to enable JTA platform integration)
2025-05-13 11:25:15.846 [restartedMain] INFO  o.s.o.j.LocalContainerEntityManagerFactoryBean - Initialized JPA EntityManagerFactory for persistence unit 'default'
2025-05-13 11:25:16.181 [restartedMain] WARN  o.s.b.w.s.c.AnnotationConfigServletWebServerApplicationContext - Exception encountered during context initialization - cancelling refresh attempt: org.springframework.beans.factory.UnsatisfiedDependencyException: Error creating bean with name 'logController' defined in file [C:\PNAYAVU_sem2\Carsharing\target\classes\com\carsharing\carsharing\controller\LogController.class]: Unsatisfied dependency expressed through constructor parameter 0: No qualifying bean of type 'com.carsharing.carsharing.service.LogService' available: expected at least 1 bean which qualifies as autowire candidate. Dependency annotations: {}
2025-05-13 11:25:16.181 [restartedMain] INFO  o.s.o.j.LocalContainerEntityManagerFactoryBean - Closing JPA EntityManagerFactory for persistence unit 'default'
2025-05-13 11:25:16.182 [restartedMain] INFO  com.zaxxer.hikari.HikariDataSource - HikariPool-2 - Shutdown initiated...
2025-05-13 11:25:16.193 [restartedMain] INFO  com.zaxxer.hikari.HikariDataSource - HikariPool-2 - Shutdown completed.
2025-05-13 11:25:16.194 [restartedMain] INFO  o.a.catalina.core.StandardService - Stopping service [Tomcat]
2025-05-13 11:25:16.199 [restartedMain] INFO  o.s.b.a.l.ConditionEvaluationReportLogger - 

Error starting ApplicationContext. To display the condition evaluation report re-run your application with 'debug' enabled.
2025-05-13 11:25:16.220 [restartedMain] ERROR o.s.b.d.LoggingFailureAnalysisReporter - 

***************************
APPLICATION FAILED TO START
***************************

Description:

Parameter 0 of constructor in com.carsharing.carsharing.controller.LogController required a bean of type 'com.carsharing.carsharing.service.LogService' that could not be found.


Action:

Consider defining a bean of type 'com.carsharing.carsharing.service.LogService' in your configuration.

2025-05-13 11:25:17.675 [restartedMain] INFO  c.c.carsharing.CarsharingApplication - Starting CarsharingApplication using Java 23.0.2 with PID 10640 (C:\PNAYAVU_sem2\Carsharing\target\classes started by topmo in C:\PNAYAVU_sem2\Carsharing)
2025-05-13 11:25:17.675 [restartedMain] INFO  c.c.carsharing.CarsharingApplication - No active profile set, falling back to 1 default profile: "default"
2025-05-13 11:25:17.809 [restartedMain] INFO  o.s.d.r.c.RepositoryConfigurationDelegate - Bootstrapping Spring Data JPA repositories in DEFAULT mode.
2025-05-13 11:25:17.821 [restartedMain] INFO  o.s.d.r.c.RepositoryConfigurationDelegate - Finished Spring Data repository scanning in 10 ms. Found 3 JPA repository interfaces.
2025-05-13 11:25:17.951 [restartedMain] INFO  o.s.b.w.e.tomcat.TomcatWebServer - Tomcat initialized with port 8080 (http)
2025-05-13 11:25:17.952 [restartedMain] INFO  o.a.coyote.http11.Http11NioProtocol - Initializing ProtocolHandler ["http-nio-8080"]
2025-05-13 11:25:17.953 [restartedMain] INFO  o.a.catalina.core.StandardService - Starting service [Tomcat]
2025-05-13 11:25:17.953 [restartedMain] INFO  o.a.catalina.core.StandardEngine - Starting Servlet engine: [Apache Tomcat/10.1.34]
2025-05-13 11:25:17.967 [restartedMain] INFO  o.a.c.c.C.[Tomcat-1].[localhost].[/] - Initializing Spring embedded WebApplicationContext
2025-05-13 11:25:17.968 [restartedMain] INFO  o.s.b.w.s.c.ServletWebServerApplicationContext - Root WebApplicationContext: initialization completed in 292 ms
2025-05-13 11:25:18.018 [restartedMain] INFO  o.h.jpa.internal.util.LogHelper - HHH000204: Processing PersistenceUnitInfo [name: default]
2025-05-13 11:25:18.020 [restartedMain] INFO  o.h.c.i.RegionFactoryInitiator - HHH000026: Second-level cache disabled
2025-05-13 11:25:18.025 [restartedMain] INFO  o.s.o.j.p.SpringPersistenceUnitInfo - No LoadTimeWeaver setup: ignoring JPA class transformer
2025-05-13 11:25:18.026 [restartedMain] INFO  com.zaxxer.hikari.HikariDataSource - HikariPool-3 - Starting...
2025-05-13 11:25:18.029 [restartedMain] INFO  com.zaxxer.hikari.pool.HikariPool - HikariPool-3 - Added connection com.mysql.cj.jdbc.ConnectionImpl@3fea2e18
2025-05-13 11:25:18.029 [restartedMain] INFO  com.zaxxer.hikari.HikariDataSource - HikariPool-3 - Start completed.
2025-05-13 11:25:18.029 [restartedMain] WARN  org.hibernate.orm.deprecation - HHH90000025: MySQL8Dialect does not need to be specified explicitly using 'hibernate.dialect' (remove the property setting and it will be selected by default)
2025-05-13 11:25:18.029 [restartedMain] WARN  org.hibernate.orm.deprecation - HHH90000026: MySQL8Dialect has been deprecated; use org.hibernate.dialect.MySQLDialect instead
2025-05-13 11:25:18.029 [restartedMain] INFO  o.hibernate.orm.connections.pooling - HHH10001005: Database info:
	Database JDBC URL [Connecting through datasource 'HikariDataSource (HikariPool-3)']
	Database driver: undefined/unknown
	Database version: 8.0
	Autocommit mode: undefined/unknown
	Isolation level: undefined/unknown
	Minimum pool size: undefined/unknown
	Maximum pool size: undefined/unknown
2025-05-13 11:25:18.109 [restartedMain] INFO  o.h.e.t.j.p.i.JtaPlatformInitiator - HHH000489: No JTA platform available (set 'hibernate.transaction.jta.platform' to enable JTA platform integration)
2025-05-13 11:25:18.142 [restartedMain] INFO  o.s.o.j.LocalContainerEntityManagerFactoryBean - Initialized JPA EntityManagerFactory for persistence unit 'default'
2025-05-13 11:25:18.506 [restartedMain] WARN  o.s.b.a.o.j.JpaBaseConfiguration$JpaWebConfiguration - spring.jpa.open-in-view is enabled by default. Therefore, database queries may be performed during view rendering. Explicitly configure spring.jpa.open-in-view to disable this warning
2025-05-13 11:25:18.854 [restartedMain] INFO  o.s.b.d.a.OptionalLiveReloadServer - LiveReload server is running on port 35729
2025-05-13 11:25:18.865 [restartedMain] INFO  o.a.coyote.http11.Http11NioProtocol - Starting ProtocolHandler ["http-nio-8080"]
2025-05-13 11:25:18.868 [restartedMain] INFO  o.s.b.w.e.tomcat.TomcatWebServer - Tomcat started on port 8080 (http) with context path '/'
2025-05-13 11:25:18.870 [restartedMain] INFO  c.c.carsharing.CarsharingApplication - Started CarsharingApplication in 1.219 seconds (process running for 445.405)
2025-05-13 11:25:18.872 [restartedMain] INFO  o.s.b.d.a.ConditionEvaluationDeltaLoggingListener - Condition evaluation unchanged
2025-05-13 11:25:42.067 [http-nio-8080-exec-2] INFO  o.a.c.c.C.[Tomcat-1].[localhost].[/] - Initializing Spring DispatcherServlet 'dispatcherServlet'
2025-05-13 11:25:42.068 [http-nio-8080-exec-2] INFO  o.s.web.servlet.DispatcherServlet - Initializing Servlet 'dispatcherServlet'
2025-05-13 11:25:42.069 [http-nio-8080-exec-2] INFO  o.s.web.servlet.DispatcherServlet - Completed initialization in 1 ms
2025-05-13 11:25:42.074 [http-nio-8080-exec-2] INFO  c.c.carsharing.service.LogService - Created async log task: c898086f-f5c6-427c-91a7-bb5d916fa1f0
2025-05-13 11:26:12.086 [pool-3-thread-1] INFO  c.c.carsharing.service.LogService - Log task c898086f-f5c6-427c-91a7-bb5d916fa1f0 completed
2025-05-13 11:43:32.378 [HikariPool-3 housekeeper] WARN  com.zaxxer.hikari.pool.HikariPool - HikariPool-3 - Thread starvation or clock leap detected (housekeeper delta=12m44s131ms216µs300ns).
2025-05-13 11:46:05.891 [http-nio-8080-exec-20] INFO  c.c.carsharing.service.LogService - Created async log task: f58aea4b-c2d8-40bb-8d7c-9509d515d952
2025-05-13 11:46:35.905 [pool-3-thread-2] INFO  c.c.carsharing.service.LogService - Log task f58aea4b-c2d8-40bb-8d7c-9509d515d952 completed
2025-05-13 12:32:46.639 [File Watcher] INFO  o.s.b.d.a.LocalDevToolsAutoConfiguration$RestartingClassPathChangeChangedEventListener - Restarting due to 2 class path changes (0 additions, 2 deletions, 0 modifications)
2025-05-13 12:32:46.642 [Thread-7] INFO  o.s.b.w.e.tomcat.GracefulShutdown - Commencing graceful shutdown. Waiting for active requests to complete
2025-05-13 12:32:46.643 [tomcat-shutdown] INFO  o.a.coyote.http11.Http11NioProtocol - Pausing ProtocolHandler ["http-nio-8080"]
2025-05-13 12:32:46.659 [tomcat-shutdown] INFO  o.s.b.w.e.tomcat.GracefulShutdown - Graceful shutdown complete
2025-05-13 12:32:46.659 [Thread-7] INFO  o.a.coyote.http11.Http11NioProtocol - Stopping ProtocolHandler ["http-nio-8080"]
2025-05-13 12:32:46.662 [Thread-7] INFO  o.s.o.j.LocalContainerEntityManagerFactoryBean - Closing JPA EntityManagerFactory for persistence unit 'default'
2025-05-13 12:32:46.663 [Thread-7] INFO  com.zaxxer.hikari.HikariDataSource - HikariPool-3 - Shutdown initiated...
2025-05-13 12:32:46.671 [Thread-7] INFO  com.zaxxer.hikari.HikariDataSource - HikariPool-3 - Shutdown completed.
2025-05-13 12:32:46.797 [restartedMain] INFO  c.c.carsharing.CarsharingApplication - Starting CarsharingApplication using Java 23.0.2 with PID 10640 (C:\PNAYAVU_sem2\Carsharing\target\classes started by topmo in C:\PNAYAVU_sem2\Carsharing)
2025-05-13 12:32:46.798 [restartedMain] INFO  c.c.carsharing.CarsharingApplication - No active profile set, falling back to 1 default profile: "default"
2025-05-13 12:32:47.259 [restartedMain] INFO  o.s.d.r.c.RepositoryConfigurationDelegate - Bootstrapping Spring Data JPA repositories in DEFAULT mode.
2025-05-13 12:32:47.276 [restartedMain] INFO  o.s.d.r.c.RepositoryConfigurationDelegate - Finished Spring Data repository scanning in 16 ms. Found 3 JPA repository interfaces.
2025-05-13 12:32:47.508 [restartedMain] INFO  o.s.b.w.e.tomcat.TomcatWebServer - Tomcat initialized with port 8080 (http)
2025-05-13 12:32:47.515 [restartedMain] INFO  o.a.coyote.http11.Http11NioProtocol - Initializing ProtocolHandler ["http-nio-8080"]
2025-05-13 12:32:47.516 [restartedMain] INFO  o.a.catalina.core.StandardService - Starting service [Tomcat]
2025-05-13 12:32:47.517 [restartedMain] INFO  o.a.catalina.core.StandardEngine - Starting Servlet engine: [Apache Tomcat/10.1.34]
2025-05-13 12:32:47.537 [restartedMain] INFO  o.a.c.c.C.[Tomcat-1].[localhost].[/] - Initializing Spring embedded WebApplicationContext
2025-05-13 12:32:47.538 [restartedMain] INFO  o.s.b.w.s.c.ServletWebServerApplicationContext - Root WebApplicationContext: initialization completed in 734 ms
2025-05-13 12:32:47.641 [restartedMain] INFO  o.h.jpa.internal.util.LogHelper - HHH000204: Processing PersistenceUnitInfo [name: default]
2025-05-13 12:32:47.645 [restartedMain] INFO  o.h.c.i.RegionFactoryInitiator - HHH000026: Second-level cache disabled
2025-05-13 12:32:47.663 [restartedMain] INFO  o.s.o.j.p.SpringPersistenceUnitInfo - No LoadTimeWeaver setup: ignoring JPA class transformer
2025-05-13 12:32:47.664 [restartedMain] INFO  com.zaxxer.hikari.HikariDataSource - HikariPool-4 - Starting...
2025-05-13 12:32:47.668 [restartedMain] INFO  com.zaxxer.hikari.pool.HikariPool - HikariPool-4 - Added connection com.mysql.cj.jdbc.ConnectionImpl@3ec5d6c5
2025-05-13 12:32:47.669 [restartedMain] INFO  com.zaxxer.hikari.HikariDataSource - HikariPool-4 - Start completed.
2025-05-13 12:32:47.669 [restartedMain] WARN  org.hibernate.orm.deprecation - HHH90000025: MySQL8Dialect does not need to be specified explicitly using 'hibernate.dialect' (remove the property setting and it will be selected by default)
2025-05-13 12:32:47.669 [restartedMain] WARN  org.hibernate.orm.deprecation - HHH90000026: MySQL8Dialect has been deprecated; use org.hibernate.dialect.MySQLDialect instead
2025-05-13 12:32:47.669 [restartedMain] INFO  o.hibernate.orm.connections.pooling - HHH10001005: Database info:
	Database JDBC URL [Connecting through datasource 'HikariDataSource (HikariPool-4)']
	Database driver: undefined/unknown
	Database version: 8.0
	Autocommit mode: undefined/unknown
	Isolation level: undefined/unknown
	Minimum pool size: undefined/unknown
	Maximum pool size: undefined/unknown
2025-05-13 12:32:47.802 [restartedMain] INFO  o.h.e.t.j.p.i.JtaPlatformInitiator - HHH000489: No JTA platform available (set 'hibernate.transaction.jta.platform' to enable JTA platform integration)
2025-05-13 12:32:47.839 [restartedMain] INFO  o.s.o.j.LocalContainerEntityManagerFactoryBean - Initialized JPA EntityManagerFactory for persistence unit 'default'
2025-05-13 12:32:48.283 [restartedMain] WARN  o.s.b.a.o.j.JpaBaseConfiguration$JpaWebConfiguration - spring.jpa.open-in-view is enabled by default. Therefore, database queries may be performed during view rendering. Explicitly configure spring.jpa.open-in-view to disable this warning
2025-05-13 12:32:48.750 [restartedMain] INFO  o.s.b.d.a.OptionalLiveReloadServer - LiveReload server is running on port 35729
2025-05-13 12:32:48.764 [restartedMain] INFO  o.a.coyote.http11.Http11NioProtocol - Starting ProtocolHandler ["http-nio-8080"]
2025-05-13 12:32:48.768 [restartedMain] INFO  o.s.b.w.e.tomcat.TomcatWebServer - Tomcat started on port 8080 (http) with context path '/'
2025-05-13 12:32:48.776 [restartedMain] INFO  c.c.carsharing.CarsharingApplication - Started CarsharingApplication in 2.043 seconds (process running for 4495.312)
2025-05-13 12:32:48.778 [restartedMain] INFO  o.s.b.d.a.ConditionEvaluationDeltaLoggingListener - Condition evaluation unchanged
2025-05-13 13:08:19.822 [SpringApplicationShutdownHook] INFO  o.s.b.w.e.tomcat.GracefulShutdown - Commencing graceful shutdown. Waiting for active requests to complete
2025-05-13 13:08:19.836 [tomcat-shutdown] INFO  o.s.b.w.e.tomcat.GracefulShutdown - Graceful shutdown complete
2025-05-13 13:08:19.840 [SpringApplicationShutdownHook] INFO  o.s.o.j.LocalContainerEntityManagerFactoryBean - Closing JPA EntityManagerFactory for persistence unit 'default'
2025-05-13 13:08:19.841 [SpringApplicationShutdownHook] INFO  com.zaxxer.hikari.HikariDataSource - HikariPool-4 - Shutdown initiated...
2025-05-13 13:08:19.843 [SpringApplicationShutdownHook] INFO  com.zaxxer.hikari.HikariDataSource - HikariPool-4 - Shutdown completed.
2025-05-13 18:00:57.122 [background-preinit] INFO  o.h.validator.internal.util.Version - HV000001: Hibernate Validator 8.0.2.Final
2025-05-13 18:00:57.178 [restartedMain] INFO  c.c.carsharing.CarsharingApplication - Starting CarsharingApplication using Java 23.0.2 with PID 5588 (C:\PNAYAVU_sem2\Carsharing\target\classes started by topmo in C:\PNAYAVU_sem2\Carsharing)
2025-05-13 18:00:57.178 [restartedMain] INFO  c.c.carsharing.CarsharingApplication - No active profile set, falling back to 1 default profile: "default"
2025-05-13 18:00:57.253 [restartedMain] INFO  o.s.b.d.e.DevToolsPropertyDefaultsPostProcessor - Devtools property defaults active! Set 'spring.devtools.add-properties' to 'false' to disable
2025-05-13 18:00:57.253 [restartedMain] INFO  o.s.b.d.e.DevToolsPropertyDefaultsPostProcessor - For additional web related logging consider setting the 'logging.level.web' property to 'DEBUG'
2025-05-13 18:00:58.471 [restartedMain] INFO  o.s.d.r.c.RepositoryConfigurationDelegate - Bootstrapping Spring Data JPA repositories in DEFAULT mode.
2025-05-13 18:00:58.556 [restartedMain] INFO  o.s.d.r.c.RepositoryConfigurationDelegate - Finished Spring Data repository scanning in 67 ms. Found 3 JPA repository interfaces.
2025-05-13 18:00:59.239 [restartedMain] INFO  o.s.b.w.e.tomcat.TomcatWebServer - Tomcat initialized with port 8080 (http)
2025-05-13 18:00:59.251 [restartedMain] INFO  o.a.coyote.http11.Http11NioProtocol - Initializing ProtocolHandler ["http-nio-8080"]
2025-05-13 18:00:59.252 [restartedMain] INFO  o.a.catalina.core.StandardService - Starting service [Tomcat]
2025-05-13 18:00:59.252 [restartedMain] INFO  o.a.catalina.core.StandardEngine - Starting Servlet engine: [Apache Tomcat/10.1.34]
2025-05-13 18:00:59.293 [restartedMain] INFO  o.a.c.c.C.[Tomcat].[localhost].[/] - Initializing Spring embedded WebApplicationContext
2025-05-13 18:00:59.293 [restartedMain] INFO  o.s.b.w.s.c.ServletWebServerApplicationContext - Root WebApplicationContext: initialization completed in 2039 ms
2025-05-13 18:00:59.462 [restartedMain] INFO  o.h.jpa.internal.util.LogHelper - HHH000204: Processing PersistenceUnitInfo [name: default]
2025-05-13 18:00:59.538 [restartedMain] INFO  org.hibernate.Version - HHH000412: Hibernate ORM core version 6.6.5.Final
2025-05-13 18:00:59.568 [restartedMain] INFO  o.h.c.i.RegionFactoryInitiator - HHH000026: Second-level cache disabled
2025-05-13 18:00:59.821 [restartedMain] INFO  o.s.o.j.p.SpringPersistenceUnitInfo - No LoadTimeWeaver setup: ignoring JPA class transformer
2025-05-13 18:00:59.849 [restartedMain] INFO  com.zaxxer.hikari.HikariDataSource - HikariPool-1 - Starting...
2025-05-13 18:00:59.965 [restartedMain] INFO  com.zaxxer.hikari.pool.HikariPool - HikariPool-1 - Added connection com.mysql.cj.jdbc.ConnectionImpl@35272cc7
2025-05-13 18:00:59.967 [restartedMain] INFO  com.zaxxer.hikari.HikariDataSource - HikariPool-1 - Start completed.
2025-05-13 18:01:00.003 [restartedMain] WARN  org.hibernate.orm.deprecation - HHH90000025: MySQL8Dialect does not need to be specified explicitly using 'hibernate.dialect' (remove the property setting and it will be selected by default)
2025-05-13 18:01:00.004 [restartedMain] WARN  org.hibernate.orm.deprecation - HHH90000026: MySQL8Dialect has been deprecated; use org.hibernate.dialect.MySQLDialect instead
2025-05-13 18:01:00.022 [restartedMain] INFO  o.hibernate.orm.connections.pooling - HHH10001005: Database info:
	Database JDBC URL [Connecting through datasource 'HikariDataSource (HikariPool-1)']
	Database driver: undefined/unknown
	Database version: 8.0
	Autocommit mode: undefined/unknown
	Isolation level: undefined/unknown
	Minimum pool size: undefined/unknown
	Maximum pool size: undefined/unknown
2025-05-13 18:01:00.914 [restartedMain] INFO  o.h.e.t.j.p.i.JtaPlatformInitiator - HHH000489: No JTA platform available (set 'hibernate.transaction.jta.platform' to enable JTA platform integration)
2025-05-13 18:01:00.981 [restartedMain] INFO  o.s.o.j.LocalContainerEntityManagerFactoryBean - Initialized JPA EntityManagerFactory for persistence unit 'default'
2025-05-13 18:01:01.352 [restartedMain] INFO  o.s.d.j.r.query.QueryEnhancerFactory - Hibernate is in classpath; If applicable, HQL parser will be used.
2025-05-13 18:01:02.805 [restartedMain] WARN  o.s.b.a.o.j.JpaBaseConfiguration$JpaWebConfiguration - spring.jpa.open-in-view is enabled by default. Therefore, database queries may be performed during view rendering. Explicitly configure spring.jpa.open-in-view to disable this warning
2025-05-13 18:01:04.296 [restartedMain] INFO  o.s.b.d.a.OptionalLiveReloadServer - LiveReload server is running on port 35729
2025-05-13 18:01:04.319 [restartedMain] INFO  o.a.coyote.http11.Http11NioProtocol - Starting ProtocolHandler ["http-nio-8080"]
2025-05-13 18:01:04.335 [restartedMain] INFO  o.s.b.w.e.tomcat.TomcatWebServer - Tomcat started on port 8080 (http) with context path '/'
2025-05-13 18:01:04.343 [restartedMain] INFO  c.c.carsharing.CarsharingApplication - Started CarsharingApplication in 7.881 seconds (process running for 8.973)
2025-05-13 18:01:05.590 [http-nio-8080-exec-1] INFO  o.a.c.c.C.[Tomcat].[localhost].[/] - Initializing Spring DispatcherServlet 'dispatcherServlet'
2025-05-13 18:01:05.591 [http-nio-8080-exec-1] INFO  o.s.web.servlet.DispatcherServlet - Initializing Servlet 'dispatcherServlet'
2025-05-13 18:01:05.591 [http-nio-8080-exec-1] INFO  o.s.web.servlet.DispatcherServlet - Completed initialization in 0 ms
2025-05-13 18:01:05.816 [http-nio-8080-exec-2] WARN  o.s.w.s.m.s.DefaultHandlerExceptionResolver - Resolved [org.springframework.web.bind.MissingServletRequestParameterException: Required request parameter 'model' for method parameter type String is not present]
2025-05-13 18:01:25.349 [http-nio-8080-exec-4] WARN  o.s.w.s.m.s.DefaultHandlerExceptionResolver - Resolved [org.springframework.web.bind.MissingServletRequestParameterException: Required request parameter 'model' for method parameter type String is not present]
2025-05-13 18:01:32.596 [http-nio-8080-exec-6] WARN  o.s.w.s.m.s.DefaultHandlerExceptionResolver - Resolved [org.springframework.web.bind.MissingServletRequestParameterException: Required request parameter 'model' for method parameter type String is not present]
2025-05-13 18:02:11.380 [http-nio-8080-exec-8] WARN  o.s.w.s.m.s.DefaultHandlerExceptionResolver - Resolved [org.springframework.web.bind.MissingServletRequestParameterException: Required request parameter 'model' for method parameter type String is not present]
2025-05-13 18:04:43.337 [http-nio-8080-exec-9] INFO  c.c.carsharing.cache.LruCache - Cache miss: Item with key 2 not found in cache
2025-05-13 18:04:43.338 [http-nio-8080-exec-9] INFO  c.c.carsharing.service.CarService - Car with ID 2 not found in cache, fetching from database
2025-05-13 18:04:43.370 [http-nio-8080-exec-9] WARN  o.s.w.s.m.m.a.ExceptionHandlerExceptionResolver - Resolved [com.carsharing.carsharing.exception.NotFound: Car not found with ID: 2]
2025-05-13 18:05:05.969 [SpringApplicationShutdownHook] INFO  o.s.b.w.e.tomcat.GracefulShutdown - Commencing graceful shutdown. Waiting for active requests to complete
2025-05-13 18:05:05.984 [tomcat-shutdown] INFO  o.s.b.w.e.tomcat.GracefulShutdown - Graceful shutdown complete
2025-05-13 18:05:05.990 [SpringApplicationShutdownHook] INFO  o.s.o.j.LocalContainerEntityManagerFactoryBean - Closing JPA EntityManagerFactory for persistence unit 'default'
2025-05-13 18:05:05.994 [SpringApplicationShutdownHook] INFO  com.zaxxer.hikari.HikariDataSource - HikariPool-1 - Shutdown initiated...
2025-05-13 18:05:06.006 [SpringApplicationShutdownHook] INFO  com.zaxxer.hikari.HikariDataSource - HikariPool-1 - Shutdown completed.
