2025-04-01 01:58:58.435 [restartedMain] ERROR o.s.boot.SpringApplication - Application run failedjava.lang.IllegalStateException: java.lang.IllegalStateException: Logback configuration error detected: 
ERROR in ch.qos.logback.core.model.processor.ImplicitModelHandler - Could not create component [evaluator] of type [ch.qos.logback.classic.boolex.JaninoEventEvaluator] java.lang.ClassNotFoundException: ch.qos.logback.classic.boolex.JaninoEventEvaluator
ERROR in ch.qos.logback.core.filter.EvaluatorFilter@77fd995d - No evaluator set for filter null
	at org.springframework.boot.context.logging.LoggingApplicationListener.initializeSystem(LoggingApplicationListener.java:347)
Caused by: java.lang.IllegalStateException: Logback configuration error detected: 
ERROR in ch.qos.logback.core.model.processor.ImplicitModelHandler - Could not create component [evaluator] of type [ch.qos.logback.classic.boolex.JaninoEventEvaluator] java.lang.ClassNotFoundException: ch.qos.logback.classic.boolex.JaninoEventEvaluator
ERROR in ch.qos.logback.core.filter.EvaluatorFilter@77fd995d - No evaluator set for filter null
	at org.springframework.boot.logging.logback.LogbackLoggingSystem.reportConfigurationErrorsIfNecessary(LogbackLoggingSystem.java:291)
	Suppressed: java.lang.ClassNotFoundException: ch.qos.logback.classic.boolex.JaninoEventEvaluator
		at java.base/jdk.internal.loader.BuiltinClassLoader.loadClass(BuiltinClassLoader.java:641)

2025-04-01 02:03:55.681 [restartedMain] ERROR o.s.boot.SpringApplication - Application run failedjava.lang.IllegalStateException: java.lang.IllegalStateException: Logback configuration error detected: 
ERROR in ch.qos.logback.core.model.processor.ImplicitModelHandler - Could not create component [evaluator] of type [ch.qos.logback.classic.boolex.JaninoEventEvaluator] java.lang.ClassNotFoundException: ch.qos.logback.classic.boolex.JaninoEventEvaluator
ERROR in ch.qos.logback.core.filter.EvaluatorFilter@28207024 - No evaluator set for filter null
	at org.springframework.boot.context.logging.LoggingApplicationListener.initializeSystem(LoggingApplicationListener.java:347)
Caused by: java.lang.IllegalStateException: Logback configuration error detected: 
ERROR in ch.qos.logback.core.model.processor.ImplicitModelHandler - Could not create component [evaluator] of type [ch.qos.logback.classic.boolex.JaninoEventEvaluator] java.lang.ClassNotFoundException: ch.qos.logback.classic.boolex.JaninoEventEvaluator
ERROR in ch.qos.logback.core.filter.EvaluatorFilter@28207024 - No evaluator set for filter null
	at org.springframework.boot.logging.logback.LogbackLoggingSystem.reportConfigurationErrorsIfNecessary(LogbackLoggingSystem.java:291)
	Suppressed: java.lang.ClassNotFoundException: ch.qos.logback.classic.boolex.JaninoEventEvaluator
		at java.base/jdk.internal.loader.BuiltinClassLoader.loadClass(BuiltinClassLoader.java:641)

2025-04-01 02:05:28.229 [restartedMain] ERROR o.s.boot.SpringApplication - Application run failedjava.lang.IllegalStateException: java.lang.IllegalStateException: Logback configuration error detected: 
ERROR in ch.qos.logback.core.model.processor.ImplicitModelHandler - Could not create component [evaluator] of type [ch.qos.logback.classic.boolex.JaninoEventEvaluator] java.lang.ClassNotFoundException: ch.qos.logback.classic.boolex.JaninoEventEvaluator
ERROR in ch.qos.logback.core.filter.EvaluatorFilter@101f523 - No evaluator set for filter null
	at org.springframework.boot.context.logging.LoggingApplicationListener.initializeSystem(LoggingApplicationListener.java:347)
Caused by: java.lang.IllegalStateException: Logback configuration error detected: 
ERROR in ch.qos.logback.core.model.processor.ImplicitModelHandler - Could not create component [evaluator] of type [ch.qos.logback.classic.boolex.JaninoEventEvaluator] java.lang.ClassNotFoundException: ch.qos.logback.classic.boolex.JaninoEventEvaluator
ERROR in ch.qos.logback.core.filter.EvaluatorFilter@101f523 - No evaluator set for filter null
	at org.springframework.boot.logging.logback.LogbackLoggingSystem.reportConfigurationErrorsIfNecessary(LogbackLoggingSystem.java:291)
	Suppressed: java.lang.ClassNotFoundException: ch.qos.logback.classic.boolex.JaninoEventEvaluator
		at java.base/jdk.internal.loader.BuiltinClassLoader.loadClass(BuiltinClassLoader.java:641)

2025-04-01 02:12:04.818 [restartedMain] ERROR o.s.boot.SpringApplication - Application run failedjava.lang.IllegalStateException: java.lang.IllegalStateException: Logback configuration error detected: 
ERROR in ch.qos.logback.core.model.processor.ImplicitModelHandler - Could not create component [evaluator] of type [ch.qos.logback.classic.boolex.JaninoEventEvaluator] java.lang.ClassNotFoundException: ch.qos.logback.classic.boolex.JaninoEventEvaluator
ERROR in ch.qos.logback.core.filter.EvaluatorFilter@101f523 - No evaluator set for filter null
	at org.springframework.boot.context.logging.LoggingApplicationListener.initializeSystem(LoggingApplicationListener.java:347)
Caused by: java.lang.IllegalStateException: Logback configuration error detected: 
ERROR in ch.qos.logback.core.model.processor.ImplicitModelHandler - Could not create component [evaluator] of type [ch.qos.logback.classic.boolex.JaninoEventEvaluator] java.lang.ClassNotFoundException: ch.qos.logback.classic.boolex.JaninoEventEvaluator
ERROR in ch.qos.logback.core.filter.EvaluatorFilter@101f523 - No evaluator set for filter null
	at org.springframework.boot.logging.logback.LogbackLoggingSystem.reportConfigurationErrorsIfNecessary(LogbackLoggingSystem.java:291)
	Suppressed: java.lang.ClassNotFoundException: ch.qos.logback.classic.boolex.JaninoEventEvaluator
		at java.base/jdk.internal.loader.BuiltinClassLoader.loadClass(BuiltinClassLoader.java:641)

2025-04-01 02:14:09.361 [background-preinit] INFO  o.h.validator.internal.util.Version - HV000001: Hibernate Validator 8.0.2.Final
2025-04-01 02:14:09.393 [restartedMain] INFO  c.c.carsharing.CarsharingApplication - Starting CarsharingApplication using Java 23.0.2 with PID 12256 (C:\PNAYAVU_sem2\Carsharing\target\classes started by topmo in C:\PNAYAVU_sem2\Carsharing)
2025-04-01 02:14:09.394 [restartedMain] INFO  c.c.carsharing.CarsharingApplication - No active profile set, falling back to 1 default profile: "default"
2025-04-01 02:14:09.437 [restartedMain] INFO  o.s.b.d.e.DevToolsPropertyDefaultsPostProcessor - Devtools property defaults active! Set 'spring.devtools.add-properties' to 'false' to disable
2025-04-01 02:14:09.437 [restartedMain] INFO  o.s.b.d.e.DevToolsPropertyDefaultsPostProcessor - For additional web related logging consider setting the 'logging.level.web' property to 'DEBUG'
2025-04-01 02:14:10.239 [restartedMain] INFO  o.s.d.r.c.RepositoryConfigurationDelegate - Bootstrapping Spring Data JPA repositories in DEFAULT mode.
2025-04-01 02:14:10.279 [restartedMain] INFO  o.s.d.r.c.RepositoryConfigurationDelegate - Finished Spring Data repository scanning in 33 ms. Found 3 JPA repository interfaces.
2025-04-01 02:14:10.779 [restartedMain] INFO  o.s.b.w.e.tomcat.TomcatWebServer - Tomcat initialized with port 8080 (http)
2025-04-01 02:14:10.788 [restartedMain] INFO  o.a.coyote.http11.Http11NioProtocol - Initializing ProtocolHandler ["http-nio-8080"]
2025-04-01 02:14:10.789 [restartedMain] INFO  o.a.catalina.core.StandardService - Starting service [Tomcat]
2025-04-01 02:14:10.789 [restartedMain] INFO  o.a.catalina.core.StandardEngine - Starting Servlet engine: [Apache Tomcat/10.1.34]
2025-04-01 02:14:10.823 [restartedMain] INFO  o.a.c.c.C.[Tomcat].[localhost].[/] - Initializing Spring embedded WebApplicationContext
2025-04-01 02:14:10.823 [restartedMain] INFO  o.s.b.w.s.c.ServletWebServerApplicationContext - Root WebApplicationContext: initialization completed in 1386 ms
2025-04-01 02:14:10.944 [restartedMain] INFO  o.h.jpa.internal.util.LogHelper - HHH000204: Processing PersistenceUnitInfo [name: default]
2025-04-01 02:14:10.981 [restartedMain] INFO  org.hibernate.Version - HHH000412: Hibernate ORM core version 6.6.5.Final
2025-04-01 02:14:11.009 [restartedMain] INFO  o.h.c.i.RegionFactoryInitiator - HHH000026: Second-level cache disabled
2025-04-01 02:14:11.203 [restartedMain] INFO  o.s.o.j.p.SpringPersistenceUnitInfo - No LoadTimeWeaver setup: ignoring JPA class transformer
2025-04-01 02:14:11.225 [restartedMain] INFO  com.zaxxer.hikari.HikariDataSource - HikariPool-1 - Starting...
2025-04-01 02:14:11.320 [restartedMain] INFO  com.zaxxer.hikari.pool.HikariPool - HikariPool-1 - Added connection com.mysql.cj.jdbc.ConnectionImpl@4752372
2025-04-01 02:14:11.321 [restartedMain] INFO  com.zaxxer.hikari.HikariDataSource - HikariPool-1 - Start completed.
2025-04-01 02:14:11.350 [restartedMain] WARN  org.hibernate.orm.deprecation - HHH90000025: MySQL8Dialect does not need to be specified explicitly using 'hibernate.dialect' (remove the property setting and it will be selected by default)
2025-04-01 02:14:11.351 [restartedMain] WARN  org.hibernate.orm.deprecation - HHH90000026: MySQL8Dialect has been deprecated; use org.hibernate.dialect.MySQLDialect instead
2025-04-01 02:14:11.363 [restartedMain] INFO  o.hibernate.orm.connections.pooling - HHH10001005: Database info:
	Database JDBC URL [Connecting through datasource 'HikariDataSource (HikariPool-1)']
	Database driver: undefined/unknown
	Database version: 8.0
	Autocommit mode: undefined/unknown
	Isolation level: undefined/unknown
	Minimum pool size: undefined/unknown
	Maximum pool size: undefined/unknown
2025-04-01 02:14:12.072 [restartedMain] INFO  o.h.e.t.j.p.i.JtaPlatformInitiator - HHH000489: No JTA platform available (set 'hibernate.transaction.jta.platform' to enable JTA platform integration)
2025-04-01 02:14:12.133 [restartedMain] INFO  o.s.o.j.LocalContainerEntityManagerFactoryBean - Initialized JPA EntityManagerFactory for persistence unit 'default'
2025-04-01 02:14:12.401 [restartedMain] INFO  o.s.d.j.r.query.QueryEnhancerFactory - Hibernate is in classpath; If applicable, HQL parser will be used.
2025-04-01 02:14:13.030 [restartedMain] WARN  o.s.b.a.o.j.JpaBaseConfiguration$JpaWebConfiguration - spring.jpa.open-in-view is enabled by default. Therefore, database queries may be performed during view rendering. Explicitly configure spring.jpa.open-in-view to disable this warning
2025-04-01 02:14:13.481 [restartedMain] INFO  o.s.b.d.a.OptionalLiveReloadServer - LiveReload server is running on port 35729
2025-04-01 02:14:13.498 [restartedMain] INFO  o.a.coyote.http11.Http11NioProtocol - Starting ProtocolHandler ["http-nio-8080"]
2025-04-01 02:14:13.510 [restartedMain] INFO  o.s.b.w.e.tomcat.TomcatWebServer - Tomcat started on port 8080 (http) with context path '/'
2025-04-01 02:14:13.516 [restartedMain] INFO  c.c.carsharing.CarsharingApplication - Started CarsharingApplication in 4.508 seconds (process running for 5.105)
2025-04-01 02:14:34.810 [http-nio-8080-exec-1] INFO  o.a.c.c.C.[Tomcat].[localhost].[/] - Initializing Spring DispatcherServlet 'dispatcherServlet'
2025-04-01 02:14:34.811 [http-nio-8080-exec-1] INFO  o.s.web.servlet.DispatcherServlet - Initializing Servlet 'dispatcherServlet'
2025-04-01 02:14:34.812 [http-nio-8080-exec-1] INFO  o.s.web.servlet.DispatcherServlet - Completed initialization in 1 ms
2025-04-01 02:14:35.315 [http-nio-8080-exec-9] INFO  o.s.api.AbstractOpenApiResource - Init duration for springdoc-openapi is: 336 ms
2025-04-01 02:17:24.614 [http-nio-8080-exec-2] ERROR c.c.c.e.GlobalExceptionHandler - Unexpected error: org.springframework.web.servlet.resource.NoResourceFoundException: No static resource cars.
	at org.springframework.web.servlet.resource.ResourceHttpRequestHandler.handleRequest(ResourceHttpRequestHandler.java:585)

2025-04-01 02:17:24.629 [http-nio-8080-exec-2] WARN  o.s.w.s.m.m.a.ExceptionHandlerExceptionResolver - Resolved [org.springframework.web.servlet.resource.NoResourceFoundException: No static resource cars.]
2025-04-01 02:17:24.685 [http-nio-8080-exec-9] ERROR c.c.c.e.GlobalExceptionHandler - Unexpected error: org.springframework.web.servlet.resource.NoResourceFoundException: No static resource favicon.ico.
	at org.springframework.web.servlet.resource.ResourceHttpRequestHandler.handleRequest(ResourceHttpRequestHandler.java:585)

2025-04-01 02:17:24.689 [http-nio-8080-exec-9] WARN  o.s.w.s.m.m.a.ExceptionHandlerExceptionResolver - Resolved [org.springframework.web.servlet.resource.NoResourceFoundException: No static resource favicon.ico.]
2025-04-01 02:17:35.256 [http-nio-8080-exec-7] ERROR c.c.c.e.GlobalExceptionHandler - Unexpected error: org.springframework.web.servlet.resource.NoResourceFoundException: No static resource favicon.ico.
	at org.springframework.web.servlet.resource.ResourceHttpRequestHandler.handleRequest(ResourceHttpRequestHandler.java:585)

2025-04-01 02:17:35.257 [http-nio-8080-exec-7] WARN  o.s.w.s.m.m.a.ExceptionHandlerExceptionResolver - Resolved [org.springframework.web.servlet.resource.NoResourceFoundException: No static resource favicon.ico.]
2025-04-01 02:18:00.890 [http-nio-8080-exec-6] INFO  c.c.carsharing.cache.LRUCache - Cache miss: Item with key 5 not found in cache
2025-04-01 02:18:00.890 [http-nio-8080-exec-6] INFO  c.c.carsharing.service.CarService - Car with ID 5 not found in cache, fetching from database
2025-04-01 02:18:00.906 [http-nio-8080-exec-6] WARN  c.c.c.e.GlobalExceptionHandler - Resource not found: Car not found with ID: 5
2025-04-01 02:18:00.907 [http-nio-8080-exec-6] WARN  o.s.w.s.m.m.a.ExceptionHandlerExceptionResolver - Resolved [com.carsharing.carsharing.exception.NotFound: Car not found with ID: 5]
2025-04-01 02:18:00.950 [http-nio-8080-exec-1] ERROR c.c.c.e.GlobalExceptionHandler - Unexpected error: org.springframework.web.servlet.resource.NoResourceFoundException: No static resource favicon.ico.
	at org.springframework.web.servlet.resource.ResourceHttpRequestHandler.handleRequest(ResourceHttpRequestHandler.java:585)

2025-04-01 02:18:00.952 [http-nio-8080-exec-1] WARN  o.s.w.s.m.m.a.ExceptionHandlerExceptionResolver - Resolved [org.springframework.web.servlet.resource.NoResourceFoundException: No static resource favicon.ico.]
2025-04-01 02:18:42.146 [http-nio-8080-exec-4] ERROR c.c.c.e.GlobalExceptionHandler - Unexpected error: org.springframework.web.bind.MissingServletRequestParameterException: Required request parameter 'date' for method parameter type String is not present
	at org.springframework.web.method.annotation.RequestParamMethodArgumentResolver.handleMissingValueInternal(RequestParamMethodArgumentResolver.java:220)

2025-04-01 02:18:42.147 [http-nio-8080-exec-4] WARN  o.s.w.s.m.m.a.ExceptionHandlerExceptionResolver - Resolved [org.springframework.web.bind.MissingServletRequestParameterException: Required request parameter 'date' for method parameter type String is not present]
2025-04-01 02:18:42.180 [http-nio-8080-exec-5] ERROR c.c.c.e.GlobalExceptionHandler - Unexpected error: org.springframework.web.servlet.resource.NoResourceFoundException: No static resource favicon.ico.
	at org.springframework.web.servlet.resource.ResourceHttpRequestHandler.handleRequest(ResourceHttpRequestHandler.java:585)

2025-04-01 02:18:42.181 [http-nio-8080-exec-5] WARN  o.s.w.s.m.m.a.ExceptionHandlerExceptionResolver - Resolved [org.springframework.web.servlet.resource.NoResourceFoundException: No static resource favicon.ico.]
2025-04-01 02:18:46.291 [http-nio-8080-exec-3] ERROR c.c.c.e.GlobalExceptionHandler - Unexpected error: org.springframework.web.bind.MissingServletRequestParameterException: Required request parameter 'date' for method parameter type String is not present
	at org.springframework.web.method.annotation.RequestParamMethodArgumentResolver.handleMissingValueInternal(RequestParamMethodArgumentResolver.java:220)

2025-04-01 02:18:46.292 [http-nio-8080-exec-3] WARN  o.s.w.s.m.m.a.ExceptionHandlerExceptionResolver - Resolved [org.springframework.web.bind.MissingServletRequestParameterException: Required request parameter 'date' for method parameter type String is not present]
2025-04-01 02:18:46.313 [http-nio-8080-exec-8] ERROR c.c.c.e.GlobalExceptionHandler - Unexpected error: org.springframework.web.servlet.resource.NoResourceFoundException: No static resource favicon.ico.
	at org.springframework.web.servlet.resource.ResourceHttpRequestHandler.handleRequest(ResourceHttpRequestHandler.java:585)

2025-04-01 02:18:46.314 [http-nio-8080-exec-8] WARN  o.s.w.s.m.m.a.ExceptionHandlerExceptionResolver - Resolved [org.springframework.web.servlet.resource.NoResourceFoundException: No static resource favicon.ico.]
2025-04-01 02:19:11.558 [http-nio-8080-exec-2] ERROR c.c.c.e.GlobalExceptionHandler - Unexpected error: org.springframework.web.bind.MissingServletRequestParameterException: Required request parameter 'date' for method parameter type String is not present
	at org.springframework.web.method.annotation.RequestParamMethodArgumentResolver.handleMissingValueInternal(RequestParamMethodArgumentResolver.java:220)

2025-04-01 02:19:11.559 [http-nio-8080-exec-2] WARN  o.s.w.s.m.m.a.ExceptionHandlerExceptionResolver - Resolved [org.springframework.web.bind.MissingServletRequestParameterException: Required request parameter 'date' for method parameter type String is not present]
2025-04-01 02:19:11.592 [http-nio-8080-exec-9] ERROR c.c.c.e.GlobalExceptionHandler - Unexpected error: org.springframework.web.servlet.resource.NoResourceFoundException: No static resource favicon.ico.
	at org.springframework.web.servlet.resource.ResourceHttpRequestHandler.handleRequest(ResourceHttpRequestHandler.java:585)

2025-04-01 02:19:11.593 [http-nio-8080-exec-9] WARN  o.s.w.s.m.m.a.ExceptionHandlerExceptionResolver - Resolved [org.springframework.web.servlet.resource.NoResourceFoundException: No static resource favicon.ico.]
2025-04-01 02:20:28.995 [http-nio-8080-exec-7] ERROR c.c.c.e.GlobalExceptionHandler - Unexpected error: org.springframework.web.servlet.resource.NoResourceFoundException: No static resource 8.
	at org.springframework.web.servlet.resource.ResourceHttpRequestHandler.handleRequest(ResourceHttpRequestHandler.java:585)

2025-04-01 02:20:28.996 [http-nio-8080-exec-7] WARN  o.s.w.s.m.m.a.ExceptionHandlerExceptionResolver - Resolved [org.springframework.web.servlet.resource.NoResourceFoundException: No static resource 8.]
2025-04-01 02:20:29.028 [http-nio-8080-exec-6] ERROR c.c.c.e.GlobalExceptionHandler - Unexpected error: org.springframework.web.servlet.resource.NoResourceFoundException: No static resource favicon.ico.
	at org.springframework.web.servlet.resource.ResourceHttpRequestHandler.handleRequest(ResourceHttpRequestHandler.java:585)

2025-04-01 02:20:29.029 [http-nio-8080-exec-6] WARN  o.s.w.s.m.m.a.ExceptionHandlerExceptionResolver - Resolved [org.springframework.web.servlet.resource.NoResourceFoundException: No static resource favicon.ico.]
2025-04-01 02:20:56.715 [http-nio-8080-exec-1] ERROR c.c.c.e.GlobalExceptionHandler - Unexpected error: org.springframework.web.bind.MissingServletRequestParameterException: Required request parameter 'date' for method parameter type String is not present
	at org.springframework.web.method.annotation.RequestParamMethodArgumentResolver.handleMissingValueInternal(RequestParamMethodArgumentResolver.java:220)

2025-04-01 02:20:56.715 [http-nio-8080-exec-1] WARN  o.s.w.s.m.m.a.ExceptionHandlerExceptionResolver - Resolved [org.springframework.web.bind.MissingServletRequestParameterException: Required request parameter 'date' for method parameter type String is not present]
2025-04-01 02:20:56.750 [http-nio-8080-exec-4] ERROR c.c.c.e.GlobalExceptionHandler - Unexpected error: org.springframework.web.servlet.resource.NoResourceFoundException: No static resource favicon.ico.
	at org.springframework.web.servlet.resource.ResourceHttpRequestHandler.handleRequest(ResourceHttpRequestHandler.java:585)

2025-04-01 02:20:56.751 [http-nio-8080-exec-4] WARN  o.s.w.s.m.m.a.ExceptionHandlerExceptionResolver - Resolved [org.springframework.web.servlet.resource.NoResourceFoundException: No static resource favicon.ico.]
2025-04-01 02:22:12.802 [http-nio-8080-exec-3] INFO  c.c.carsharing.cache.LRUCache - Cache miss: Item with key 2 not found in cache
2025-04-01 02:22:12.802 [http-nio-8080-exec-3] INFO  c.c.carsharing.service.CarService - Car with ID 2 not found in cache, fetching from database
2025-04-01 02:22:12.806 [http-nio-8080-exec-3] WARN  c.c.c.e.GlobalExceptionHandler - Resource not found: Car not found with ID: 2
2025-04-01 02:22:12.807 [http-nio-8080-exec-3] WARN  o.s.w.s.m.m.a.ExceptionHandlerExceptionResolver - Resolved [com.carsharing.carsharing.exception.NotFound: Car not found with ID: 2]
2025-04-01 02:22:12.854 [http-nio-8080-exec-8] ERROR c.c.c.e.GlobalExceptionHandler - Unexpected error: org.springframework.web.servlet.resource.NoResourceFoundException: No static resource favicon.ico.
	at org.springframework.web.servlet.resource.ResourceHttpRequestHandler.handleRequest(ResourceHttpRequestHandler.java:585)

2025-04-01 02:22:12.858 [http-nio-8080-exec-8] WARN  o.s.w.s.m.m.a.ExceptionHandlerExceptionResolver - Resolved [org.springframework.web.servlet.resource.NoResourceFoundException: No static resource favicon.ico.]
2025-04-01 02:25:35.927 [http-nio-8080-exec-7] INFO  c.c.carsharing.cache.LRUCache - Cache miss: Item with key 4 not found in cache
2025-04-01 02:25:35.927 [http-nio-8080-exec-7] INFO  c.c.carsharing.service.CarService - Car with ID 4 not found in cache, fetching from database
2025-04-01 02:25:35.929 [http-nio-8080-exec-7] INFO  c.c.carsharing.cache.LRUCache - Cache add: Added item with key 4 to cache 
2025-04-01 02:25:40.892 [http-nio-8080-exec-6] INFO  c.c.carsharing.cache.LRUCache - Cache miss: Item with key 5 not found in cache
2025-04-01 02:25:40.892 [http-nio-8080-exec-6] INFO  c.c.carsharing.service.CarService - Car with ID 5 not found in cache, fetching from database
2025-04-01 02:25:40.894 [http-nio-8080-exec-6] WARN  c.c.c.e.GlobalExceptionHandler - Resource not found: Car not found with ID: 5
2025-04-01 02:25:40.895 [http-nio-8080-exec-6] WARN  o.s.w.s.m.m.a.ExceptionHandlerExceptionResolver - Resolved [com.carsharing.carsharing.exception.NotFound: Car not found with ID: 5]
2025-04-01 02:27:28.627 [http-nio-8080-exec-5] INFO  c.c.carsharing.cache.LRUCache - Cache miss: Item with key 6 not found in cache
2025-04-01 02:27:28.627 [http-nio-8080-exec-5] INFO  c.c.carsharing.service.CarService - Car with ID 6 not found in cache, fetching from database
2025-04-01 02:27:28.636 [http-nio-8080-exec-5] WARN  c.c.c.e.GlobalExceptionHandler - Resource not found: Car not found with ID: 6
2025-04-01 02:27:28.636 [http-nio-8080-exec-5] WARN  o.s.w.s.m.m.a.ExceptionHandlerExceptionResolver - Resolved [com.carsharing.carsharing.exception.NotFound: Car not found with ID: 6]
2025-04-01 02:27:34.663 [http-nio-8080-exec-3] INFO  c.c.carsharing.cache.LRUCache - Cache miss: Item with key 10 not found in cache
2025-04-01 02:27:34.663 [http-nio-8080-exec-3] INFO  c.c.carsharing.service.CarService - Car with ID 10 not found in cache, fetching from database
2025-04-01 02:27:34.665 [http-nio-8080-exec-3] WARN  c.c.c.e.GlobalExceptionHandler - Resource not found: Car not found with ID: 10
2025-04-01 02:27:34.666 [http-nio-8080-exec-3] WARN  o.s.w.s.m.m.a.ExceptionHandlerExceptionResolver - Resolved [com.carsharing.carsharing.exception.NotFound: Car not found with ID: 10]
2025-04-01 02:27:50.943 [http-nio-8080-exec-2] INFO  c.c.carsharing.cache.LRUCache - Cache miss: Item with key 11 not found in cache
2025-04-01 02:27:50.943 [http-nio-8080-exec-2] INFO  c.c.carsharing.cache.LRUCache - Cache miss: Fetching item with key 11 from database
2025-04-01 02:27:50.946 [http-nio-8080-exec-2] WARN  c.c.c.e.GlobalExceptionHandler - Resource not found: Booking not found with ID: 11
2025-04-01 02:27:50.947 [http-nio-8080-exec-2] WARN  o.s.w.s.m.m.a.ExceptionHandlerExceptionResolver - Resolved [com.carsharing.carsharing.exception.NotFound: Booking not found with ID: 11]
2025-04-01 02:30:16.847 [http-nio-8080-exec-10] ERROR c.c.c.e.GlobalExceptionHandler - Unexpected error: org.springframework.web.bind.MissingServletRequestParameterException: Required request parameter 'date' for method parameter type String is not present
	at org.springframework.web.method.annotation.RequestParamMethodArgumentResolver.handleMissingValueInternal(RequestParamMethodArgumentResolver.java:220)

2025-04-01 02:30:16.848 [http-nio-8080-exec-10] WARN  o.s.w.s.m.m.a.ExceptionHandlerExceptionResolver - Resolved [org.springframework.web.bind.MissingServletRequestParameterException: Required request parameter 'date' for method parameter type String is not present]
2025-04-01 02:30:16.876 [http-nio-8080-exec-7] ERROR c.c.c.e.GlobalExceptionHandler - Unexpected error: org.springframework.web.servlet.resource.NoResourceFoundException: No static resource favicon.ico.
	at org.springframework.web.servlet.resource.ResourceHttpRequestHandler.handleRequest(ResourceHttpRequestHandler.java:585)

2025-04-01 02:30:16.877 [http-nio-8080-exec-7] WARN  o.s.w.s.m.m.a.ExceptionHandlerExceptionResolver - Resolved [org.springframework.web.servlet.resource.NoResourceFoundException: No static resource favicon.ico.]
2025-04-01 02:30:24.871 [http-nio-8080-exec-6] ERROR c.c.c.e.GlobalExceptionHandler - Unexpected error: org.springframework.web.bind.MissingServletRequestParameterException: Required request parameter 'date' for method parameter type String is not present
	at org.springframework.web.method.annotation.RequestParamMethodArgumentResolver.handleMissingValueInternal(RequestParamMethodArgumentResolver.java:220)

2025-04-01 02:30:24.872 [http-nio-8080-exec-6] WARN  o.s.w.s.m.m.a.ExceptionHandlerExceptionResolver - Resolved [org.springframework.web.bind.MissingServletRequestParameterException: Required request parameter 'date' for method parameter type String is not present]
2025-04-01 02:30:24.902 [http-nio-8080-exec-1] ERROR c.c.c.e.GlobalExceptionHandler - Unexpected error: org.springframework.web.servlet.resource.NoResourceFoundException: No static resource favicon.ico.
	at org.springframework.web.servlet.resource.ResourceHttpRequestHandler.handleRequest(ResourceHttpRequestHandler.java:585)

2025-04-01 02:30:24.902 [http-nio-8080-exec-1] WARN  o.s.w.s.m.m.a.ExceptionHandlerExceptionResolver - Resolved [org.springframework.web.servlet.resource.NoResourceFoundException: No static resource favicon.ico.]
2025-04-01 02:30:43.635 [http-nio-8080-exec-5] ERROR c.c.c.e.GlobalExceptionHandler - Unexpected error: org.springframework.web.bind.MissingServletRequestParameterException: Required request parameter 'date' for method parameter type String is not present
	at org.springframework.web.method.annotation.RequestParamMethodArgumentResolver.handleMissingValueInternal(RequestParamMethodArgumentResolver.java:220)

2025-04-01 02:30:43.636 [http-nio-8080-exec-5] WARN  o.s.w.s.m.m.a.ExceptionHandlerExceptionResolver - Resolved [org.springframework.web.bind.MissingServletRequestParameterException: Required request parameter 'date' for method parameter type String is not present]
2025-04-01 02:34:01.626 [http-nio-8080-exec-8] ERROR c.c.c.e.GlobalExceptionHandler - Unexpected error: org.springframework.web.servlet.resource.NoResourceFoundException: No static resource %D1%81%D1%84%D0%BA%D1%8B.
	at org.springframework.web.servlet.resource.ResourceHttpRequestHandler.handleRequest(ResourceHttpRequestHandler.java:585)

2025-04-01 02:34:01.627 [http-nio-8080-exec-8] WARN  o.s.w.s.m.m.a.ExceptionHandlerExceptionResolver - Resolved [org.springframework.web.servlet.resource.NoResourceFoundException: No static resource %D1%81%D1%84%D0%BA%D1%8B.]
2025-04-01 02:34:01.657 [http-nio-8080-exec-2] ERROR c.c.c.e.GlobalExceptionHandler - Unexpected error: org.springframework.web.servlet.resource.NoResourceFoundException: No static resource favicon.ico.
	at org.springframework.web.servlet.resource.ResourceHttpRequestHandler.handleRequest(ResourceHttpRequestHandler.java:585)

2025-04-01 02:34:01.658 [http-nio-8080-exec-2] WARN  o.s.w.s.m.m.a.ExceptionHandlerExceptionResolver - Resolved [org.springframework.web.servlet.resource.NoResourceFoundException: No static resource favicon.ico.]
2025-04-01 02:34:07.143 [http-nio-8080-exec-9] WARN  c.c.c.e.GlobalExceptionHandler - Resource not found: No cars found for brand: Toyota
2025-04-01 02:34:07.144 [http-nio-8080-exec-9] WARN  o.s.w.s.m.m.a.ExceptionHandlerExceptionResolver - Resolved [com.carsharing.carsharing.exception.NotFound: No cars found for brand: Toyota]
2025-04-01 02:34:07.173 [http-nio-8080-exec-10] ERROR c.c.c.e.GlobalExceptionHandler - Unexpected error: org.springframework.web.servlet.resource.NoResourceFoundException: No static resource favicon.ico.
	at org.springframework.web.servlet.resource.ResourceHttpRequestHandler.handleRequest(ResourceHttpRequestHandler.java:585)

2025-04-01 02:34:07.175 [http-nio-8080-exec-10] WARN  o.s.w.s.m.m.a.ExceptionHandlerExceptionResolver - Resolved [org.springframework.web.servlet.resource.NoResourceFoundException: No static resource favicon.ico.]
2025-04-01 02:34:11.334 [http-nio-8080-exec-6] ERROR c.c.c.e.GlobalExceptionHandler - Unexpected error: org.springframework.web.servlet.resource.NoResourceFoundException: No static resource favicon.ico.
	at org.springframework.web.servlet.resource.ResourceHttpRequestHandler.handleRequest(ResourceHttpRequestHandler.java:585)

2025-04-01 02:34:11.335 [http-nio-8080-exec-6] WARN  o.s.w.s.m.m.a.ExceptionHandlerExceptionResolver - Resolved [org.springframework.web.servlet.resource.NoResourceFoundException: No static resource favicon.ico.]
2025-04-01 08:08:46.187 [background-preinit] INFO  o.h.validator.internal.util.Version - HV000001: Hibernate Validator 8.0.2.Final
2025-04-01 08:08:46.219 [restartedMain] INFO  c.c.carsharing.CarsharingApplication - Starting CarsharingApplication using Java 23.0.2 with PID 14120 (C:\PNAYAVU_sem2\Carsharing\target\classes started by topmo in C:\PNAYAVU_sem2\Carsharing)
2025-04-01 08:08:46.219 [restartedMain] INFO  c.c.carsharing.CarsharingApplication - No active profile set, falling back to 1 default profile: "default"
2025-04-01 08:08:46.269 [restartedMain] INFO  o.s.b.d.e.DevToolsPropertyDefaultsPostProcessor - Devtools property defaults active! Set 'spring.devtools.add-properties' to 'false' to disable
2025-04-01 08:08:46.269 [restartedMain] INFO  o.s.b.d.e.DevToolsPropertyDefaultsPostProcessor - For additional web related logging consider setting the 'logging.level.web' property to 'DEBUG'
2025-04-01 08:08:47.179 [restartedMain] INFO  o.s.d.r.c.RepositoryConfigurationDelegate - Bootstrapping Spring Data JPA repositories in DEFAULT mode.
2025-04-01 08:08:47.227 [restartedMain] INFO  o.s.d.r.c.RepositoryConfigurationDelegate - Finished Spring Data repository scanning in 44 ms. Found 3 JPA repository interfaces.
2025-04-01 08:08:47.885 [restartedMain] INFO  o.s.b.w.e.tomcat.TomcatWebServer - Tomcat initialized with port 8080 (http)
2025-04-01 08:08:47.893 [restartedMain] INFO  o.a.coyote.http11.Http11NioProtocol - Initializing ProtocolHandler ["http-nio-8080"]
2025-04-01 08:08:47.893 [restartedMain] INFO  o.a.catalina.core.StandardService - Starting service [Tomcat]
2025-04-01 08:08:47.893 [restartedMain] INFO  o.a.catalina.core.StandardEngine - Starting Servlet engine: [Apache Tomcat/10.1.34]
2025-04-01 08:08:47.933 [restartedMain] INFO  o.a.c.c.C.[Tomcat].[localhost].[/] - Initializing Spring embedded WebApplicationContext
2025-04-01 08:08:47.933 [restartedMain] INFO  o.s.b.w.s.c.ServletWebServerApplicationContext - Root WebApplicationContext: initialization completed in 1664 ms
2025-04-01 08:08:48.082 [restartedMain] INFO  o.h.jpa.internal.util.LogHelper - HHH000204: Processing PersistenceUnitInfo [name: default]
2025-04-01 08:08:48.154 [restartedMain] INFO  org.hibernate.Version - HHH000412: Hibernate ORM core version 6.6.5.Final
2025-04-01 08:08:48.186 [restartedMain] INFO  o.h.c.i.RegionFactoryInitiator - HHH000026: Second-level cache disabled
2025-04-01 08:08:48.431 [restartedMain] INFO  o.s.o.j.p.SpringPersistenceUnitInfo - No LoadTimeWeaver setup: ignoring JPA class transformer
2025-04-01 08:08:48.463 [restartedMain] INFO  com.zaxxer.hikari.HikariDataSource - HikariPool-1 - Starting...
2025-04-01 08:08:48.575 [restartedMain] INFO  com.zaxxer.hikari.pool.HikariPool - HikariPool-1 - Added connection com.mysql.cj.jdbc.ConnectionImpl@6cb4ea5d
2025-04-01 08:08:48.575 [restartedMain] INFO  com.zaxxer.hikari.HikariDataSource - HikariPool-1 - Start completed.
2025-04-01 08:08:48.615 [restartedMain] WARN  org.hibernate.orm.deprecation - HHH90000025: MySQL8Dialect does not need to be specified explicitly using 'hibernate.dialect' (remove the property setting and it will be selected by default)
2025-04-01 08:08:48.615 [restartedMain] WARN  org.hibernate.orm.deprecation - HHH90000026: MySQL8Dialect has been deprecated; use org.hibernate.dialect.MySQLDialect instead
2025-04-01 08:08:48.631 [restartedMain] INFO  o.hibernate.orm.connections.pooling - HHH10001005: Database info:
	Database JDBC URL [Connecting through datasource 'HikariDataSource (HikariPool-1)']
	Database driver: undefined/unknown
	Database version: 8.0
	Autocommit mode: undefined/unknown
	Isolation level: undefined/unknown
	Minimum pool size: undefined/unknown
	Maximum pool size: undefined/unknown
2025-04-01 08:08:49.498 [restartedMain] INFO  o.h.e.t.j.p.i.JtaPlatformInitiator - HHH000489: No JTA platform available (set 'hibernate.transaction.jta.platform' to enable JTA platform integration)
2025-04-01 08:08:49.601 [restartedMain] INFO  o.s.o.j.LocalContainerEntityManagerFactoryBean - Initialized JPA EntityManagerFactory for persistence unit 'default'
2025-04-01 08:08:49.947 [restartedMain] INFO  o.s.d.j.r.query.QueryEnhancerFactory - Hibernate is in classpath; If applicable, HQL parser will be used.
2025-04-01 08:08:51.083 [restartedMain] WARN  o.s.b.a.o.j.JpaBaseConfiguration$JpaWebConfiguration - spring.jpa.open-in-view is enabled by default. Therefore, database queries may be performed during view rendering. Explicitly configure spring.jpa.open-in-view to disable this warning
2025-04-01 08:08:51.563 [restartedMain] INFO  o.s.b.d.a.OptionalLiveReloadServer - LiveReload server is running on port 35729
2025-04-01 08:08:51.587 [restartedMain] INFO  o.a.coyote.http11.Http11NioProtocol - Starting ProtocolHandler ["http-nio-8080"]
2025-04-01 08:08:51.595 [restartedMain] INFO  o.s.b.w.e.tomcat.TomcatWebServer - Tomcat started on port 8080 (http) with context path '/'
2025-04-01 08:08:51.603 [restartedMain] INFO  c.c.carsharing.CarsharingApplication - Started CarsharingApplication in 5.819 seconds (process running for 7.134)
2025-04-01 08:11:36.690 [http-nio-8080-exec-2] INFO  o.a.c.c.C.[Tomcat].[localhost].[/] - Initializing Spring DispatcherServlet 'dispatcherServlet'
2025-04-01 08:11:36.690 [http-nio-8080-exec-2] INFO  o.s.web.servlet.DispatcherServlet - Initializing Servlet 'dispatcherServlet'
2025-04-01 08:11:36.690 [http-nio-8080-exec-2] INFO  o.s.web.servlet.DispatcherServlet - Completed initialization in 0 ms
2025-04-01 08:11:36.794 [http-nio-8080-exec-2] WARN  c.c.c.e.GlobalExceptionHandler - Validation errors: [ErrorResponse[code=400, message=endDateString: Дата окончания обязательна, timestamp=2025-04-01T08:11:36.794986600], ErrorResponse[code=400, message=startDateString: Дата начала обязательна, timestamp=2025-04-01T08:11:36.794986600]]
2025-04-01 08:11:36.819 [http-nio-8080-exec-2] WARN  o.s.w.s.m.m.a.ExceptionHandlerExceptionResolver - Resolved [org.springframework.web.bind.MethodArgumentNotValidException: Validation failed for argument [2] in public com.carsharing.carsharing.model.Booking com.carsharing.carsharing.controller.BookingController.createBooking(java.lang.Long,java.util.List<java.lang.Long>,com.carsharing.carsharing.model.Booking) with 2 errors: [Field error in object 'booking' on field 'endDateString': rejected value [null]; codes [NotBlank.booking.endDateString,NotBlank.endDateString,NotBlank.java.lang.String,NotBlank]; arguments [org.springframework.context.support.DefaultMessageSourceResolvable: codes [booking.endDateString,endDateString]; arguments []; default message [endDateString]]; default message [Дата окончания обязательна]] [Field error in object 'booking' on field 'startDateString': rejected value [null]; codes [NotBlank.booking.startDateString,NotBlank.startDateString,NotBlank.java.lang.String,NotBlank]; arguments [org.springframework.context.support.DefaultMessageSourceResolvable: codes [booking.startDateString,startDateString]; arguments []; default message [startDateString]]; default message [Дата начала обязательна]] ]
2025-04-01 08:11:49.112 [http-nio-8080-exec-4] WARN  c.c.c.e.GlobalExceptionHandler - Validation errors: [ErrorResponse[code=400, message=startDate: Start date is required, timestamp=2025-04-01T08:11:49.112720], ErrorResponse[code=400, message=startDateString: Неверный формат даты. Используйте dd.MM.yyyy, timestamp=2025-04-01T08:11:49.112720], ErrorResponse[code=400, message=endDate: End date is required, timestamp=2025-04-01T08:11:49.112720]]
2025-04-01 08:11:49.120 [http-nio-8080-exec-4] WARN  o.s.w.s.m.m.a.ExceptionHandlerExceptionResolver - Resolved [org.springframework.web.bind.MethodArgumentNotValidException: Validation failed for argument [2] in public com.carsharing.carsharing.model.Booking com.carsharing.carsharing.controller.BookingController.createBooking(java.lang.Long,java.util.List<java.lang.Long>,com.carsharing.carsharing.model.Booking) with 3 errors: [Field error in object 'booking' on field 'startDate': rejected value [null]; codes [NotNull.booking.startDate,NotNull.startDate,NotNull.java.time.LocalDate,NotNull]; arguments [org.springframework.context.support.DefaultMessageSourceResolvable: codes [booking.startDate,startDate]; arguments []; default message [startDate]]; default message [Start date is required]] [Field error in object 'booking' on field 'startDateString': rejected value [32.01.2023]; codes [ValidDateFormat.booking.startDateString,ValidDateFormat.startDateString,ValidDateFormat.java.lang.String,ValidDateFormat]; arguments [org.springframework.context.support.DefaultMessageSourceResolvable: codes [booking.startDateString,startDateString]; arguments []; default message [startDateString]]; default message [Неверный формат даты. Используйте dd.MM.yyyy]] [Field error in object 'booking' on field 'endDate': rejected value [null]; codes [NotNull.booking.endDate,NotNull.endDate,NotNull.java.time.LocalDate,NotNull]; arguments [org.springframework.context.support.DefaultMessageSourceResolvable: codes [booking.endDate,endDate]; arguments []; default message [endDate]]; default message [End date is required]] ]
2025-04-01 08:12:04.603 [http-nio-8080-exec-7] WARN  c.c.c.e.GlobalExceptionHandler - Validation errors: [ErrorResponse[code=400, message=endDate: End date is required, timestamp=2025-04-01T08:12:04.603807900], ErrorResponse[code=400, message=startDate: Start date is required, timestamp=2025-04-01T08:12:04.603807900]]
2025-04-01 08:12:04.603 [http-nio-8080-exec-7] WARN  o.s.w.s.m.m.a.ExceptionHandlerExceptionResolver - Resolved [org.springframework.web.bind.MethodArgumentNotValidException: Validation failed for argument [2] in public com.carsharing.carsharing.model.Booking com.carsharing.carsharing.controller.BookingController.createBooking(java.lang.Long,java.util.List<java.lang.Long>,com.carsharing.carsharing.model.Booking) with 2 errors: [Field error in object 'booking' on field 'endDate': rejected value [null]; codes [NotNull.booking.endDate,NotNull.endDate,NotNull.java.time.LocalDate,NotNull]; arguments [org.springframework.context.support.DefaultMessageSourceResolvable: codes [booking.endDate,endDate]; arguments []; default message [endDate]]; default message [End date is required]] [Field error in object 'booking' on field 'startDate': rejected value [null]; codes [NotNull.booking.startDate,NotNull.startDate,NotNull.java.time.LocalDate,NotNull]; arguments [org.springframework.context.support.DefaultMessageSourceResolvable: codes [booking.startDate,startDate]; arguments []; default message [startDate]]; default message [Start date is required]] ]
2025-04-01 08:12:19.343 [http-nio-8080-exec-8] ERROR c.c.c.e.GlobalExceptionHandler - Unexpected error: org.springframework.http.converter.HttpMessageNotReadableException: JSON parse error: Cannot deserialize value of type `java.time.LocalDate` from String "31.01.2023": Failed to deserialize java.time.LocalDate: (java.time.format.DateTimeParseException) Text '31.01.2023' could not be parsed at index 0
	at org.springframework.http.converter.json.AbstractJackson2HttpMessageConverter.readJavaType(AbstractJackson2HttpMessageConverter.java:409)
Caused by: com.fasterxml.jackson.databind.exc.InvalidFormatException: Cannot deserialize value of type `java.time.LocalDate` from String "31.01.2023": Failed to deserialize java.time.LocalDate: (java.time.format.DateTimeParseException) Text '31.01.2023' could not be parsed at index 0
 at [Source: REDACTED (`StreamReadFeature.INCLUDE_SOURCE_IN_LOCATION` disabled); line: 2, column: 15] (through reference chain: com.carsharing.carsharing.model.Booking["startDate"])
	at com.fasterxml.jackson.databind.exc.InvalidFormatException.from(InvalidFormatException.java:67)
Caused by: java.time.format.DateTimeParseException: Text '31.01.2023' could not be parsed at index 0
	at java.base/java.time.format.DateTimeFormatter.parseResolved0(DateTimeFormatter.java:2108)

2025-04-01 08:12:19.355 [http-nio-8080-exec-8] WARN  o.s.w.s.m.m.a.ExceptionHandlerExceptionResolver - Resolved [org.springframework.http.converter.HttpMessageNotReadableException: JSON parse error: Cannot deserialize value of type `java.time.LocalDate` from String "31.01.2023": Failed to deserialize java.time.LocalDate: (java.time.format.DateTimeParseException) Text '31.01.2023' could not be parsed at index 0]
2025-04-01 08:12:50.546 [http-nio-8080-exec-10] WARN  c.c.c.e.GlobalExceptionHandler - Validation errors: [ErrorResponse[code=400, message=endDate: End date is required, timestamp=2025-04-01T08:12:50.546425300], ErrorResponse[code=400, message=startDate: Start date is required, timestamp=2025-04-01T08:12:50.546425300]]
2025-04-01 08:12:50.546 [http-nio-8080-exec-10] WARN  o.s.w.s.m.m.a.ExceptionHandlerExceptionResolver - Resolved [org.springframework.web.bind.MethodArgumentNotValidException: Validation failed for argument [2] in public com.carsharing.carsharing.model.Booking com.carsharing.carsharing.controller.BookingController.createBooking(java.lang.Long,java.util.List<java.lang.Long>,com.carsharing.carsharing.model.Booking) with 2 errors: [Field error in object 'booking' on field 'endDate': rejected value [null]; codes [NotNull.booking.endDate,NotNull.endDate,NotNull.java.time.LocalDate,NotNull]; arguments [org.springframework.context.support.DefaultMessageSourceResolvable: codes [booking.endDate,endDate]; arguments []; default message [endDate]]; default message [End date is required]] [Field error in object 'booking' on field 'startDate': rejected value [null]; codes [NotNull.booking.startDate,NotNull.startDate,NotNull.java.time.LocalDate,NotNull]; arguments [org.springframework.context.support.DefaultMessageSourceResolvable: codes [booking.startDate,startDate]; arguments []; default message [startDate]]; default message [Start date is required]] ]
2025-04-01 08:13:01.287 [http-nio-8080-exec-2] WARN  c.c.c.e.GlobalExceptionHandler - Validation errors: [ErrorResponse[code=400, message=startDate: Start date is required, timestamp=2025-04-01T08:13:01.287540700], ErrorResponse[code=400, message=endDate: End date is required, timestamp=2025-04-01T08:13:01.287540700]]
2025-04-01 08:13:01.287 [http-nio-8080-exec-2] WARN  o.s.w.s.m.m.a.ExceptionHandlerExceptionResolver - Resolved [org.springframework.web.bind.MethodArgumentNotValidException: Validation failed for argument [2] in public com.carsharing.carsharing.model.Booking com.carsharing.carsharing.controller.BookingController.createBooking(java.lang.Long,java.util.List<java.lang.Long>,com.carsharing.carsharing.model.Booking) with 2 errors: [Field error in object 'booking' on field 'startDate': rejected value [null]; codes [NotNull.booking.startDate,NotNull.startDate,NotNull.java.time.LocalDate,NotNull]; arguments [org.springframework.context.support.DefaultMessageSourceResolvable: codes [booking.startDate,startDate]; arguments []; default message [startDate]]; default message [Start date is required]] [Field error in object 'booking' on field 'endDate': rejected value [null]; codes [NotNull.booking.endDate,NotNull.endDate,NotNull.java.time.LocalDate,NotNull]; arguments [org.springframework.context.support.DefaultMessageSourceResolvable: codes [booking.endDate,endDate]; arguments []; default message [endDate]]; default message [End date is required]] ]
2025-04-01 08:13:27.204 [http-nio-8080-exec-4] WARN  c.c.c.e.GlobalExceptionHandler - Validation errors: [ErrorResponse[code=400, message=startDate: Start date is required, timestamp=2025-04-01T08:13:27.204922200], ErrorResponse[code=400, message=endDate: End date is required, timestamp=2025-04-01T08:13:27.204922200]]
2025-04-01 08:13:27.204 [http-nio-8080-exec-4] WARN  o.s.w.s.m.m.a.ExceptionHandlerExceptionResolver - Resolved [org.springframework.web.bind.MethodArgumentNotValidException: Validation failed for argument [2] in public com.carsharing.carsharing.model.Booking com.carsharing.carsharing.controller.BookingController.createBooking(java.lang.Long,java.util.List<java.lang.Long>,com.carsharing.carsharing.model.Booking) with 2 errors: [Field error in object 'booking' on field 'startDate': rejected value [null]; codes [NotNull.booking.startDate,NotNull.startDate,NotNull.java.time.LocalDate,NotNull]; arguments [org.springframework.context.support.DefaultMessageSourceResolvable: codes [booking.startDate,startDate]; arguments []; default message [startDate]]; default message [Start date is required]] [Field error in object 'booking' on field 'endDate': rejected value [null]; codes [NotNull.booking.endDate,NotNull.endDate,NotNull.java.time.LocalDate,NotNull]; arguments [org.springframework.context.support.DefaultMessageSourceResolvable: codes [booking.endDate,endDate]; arguments []; default message [endDate]]; default message [End date is required]] ]
2025-04-01 08:13:31.994 [http-nio-8080-exec-7] WARN  c.c.c.e.GlobalExceptionHandler - Validation errors: [ErrorResponse[code=400, message=endDate: End date is required, timestamp=2025-04-01T08:13:31.994242900], ErrorResponse[code=400, message=startDate: Start date is required, timestamp=2025-04-01T08:13:31.994242900]]
2025-04-01 08:13:31.994 [http-nio-8080-exec-7] WARN  o.s.w.s.m.m.a.ExceptionHandlerExceptionResolver - Resolved [org.springframework.web.bind.MethodArgumentNotValidException: Validation failed for argument [2] in public com.carsharing.carsharing.model.Booking com.carsharing.carsharing.controller.BookingController.createBooking(java.lang.Long,java.util.List<java.lang.Long>,com.carsharing.carsharing.model.Booking) with 2 errors: [Field error in object 'booking' on field 'endDate': rejected value [null]; codes [NotNull.booking.endDate,NotNull.endDate,NotNull.java.time.LocalDate,NotNull]; arguments [org.springframework.context.support.DefaultMessageSourceResolvable: codes [booking.endDate,endDate]; arguments []; default message [endDate]]; default message [End date is required]] [Field error in object 'booking' on field 'startDate': rejected value [null]; codes [NotNull.booking.startDate,NotNull.startDate,NotNull.java.time.LocalDate,NotNull]; arguments [org.springframework.context.support.DefaultMessageSourceResolvable: codes [booking.startDate,startDate]; arguments []; default message [startDate]]; default message [Start date is required]] ]
2025-04-01 08:13:34.907 [http-nio-8080-exec-8] WARN  c.c.c.e.GlobalExceptionHandler - Validation errors: [ErrorResponse[code=400, message=endDate: End date is required, timestamp=2025-04-01T08:13:34.907877500], ErrorResponse[code=400, message=startDate: Start date is required, timestamp=2025-04-01T08:13:34.907877500]]
2025-04-01 08:13:34.907 [http-nio-8080-exec-8] WARN  o.s.w.s.m.m.a.ExceptionHandlerExceptionResolver - Resolved [org.springframework.web.bind.MethodArgumentNotValidException: Validation failed for argument [2] in public com.carsharing.carsharing.model.Booking com.carsharing.carsharing.controller.BookingController.createBooking(java.lang.Long,java.util.List<java.lang.Long>,com.carsharing.carsharing.model.Booking) with 2 errors: [Field error in object 'booking' on field 'endDate': rejected value [null]; codes [NotNull.booking.endDate,NotNull.endDate,NotNull.java.time.LocalDate,NotNull]; arguments [org.springframework.context.support.DefaultMessageSourceResolvable: codes [booking.endDate,endDate]; arguments []; default message [endDate]]; default message [End date is required]] [Field error in object 'booking' on field 'startDate': rejected value [null]; codes [NotNull.booking.startDate,NotNull.startDate,NotNull.java.time.LocalDate,NotNull]; arguments [org.springframework.context.support.DefaultMessageSourceResolvable: codes [booking.startDate,startDate]; arguments []; default message [startDate]]; default message [Start date is required]] ]
2025-04-01 08:13:53.323 [http-nio-8080-exec-10] WARN  c.c.c.e.GlobalExceptionHandler - Validation errors: [ErrorResponse[code=400, message=endDate: End date is required, timestamp=2025-04-01T08:13:53.323319600], ErrorResponse[code=400, message=startDate: Start date is required, timestamp=2025-04-01T08:13:53.323319600]]
2025-04-01 08:13:53.323 [http-nio-8080-exec-10] WARN  o.s.w.s.m.m.a.ExceptionHandlerExceptionResolver - Resolved [org.springframework.web.bind.MethodArgumentNotValidException: Validation failed for argument [2] in public com.carsharing.carsharing.model.Booking com.carsharing.carsharing.controller.BookingController.createBooking(java.lang.Long,java.util.List<java.lang.Long>,com.carsharing.carsharing.model.Booking) with 2 errors: [Field error in object 'booking' on field 'endDate': rejected value [null]; codes [NotNull.booking.endDate,NotNull.endDate,NotNull.java.time.LocalDate,NotNull]; arguments [org.springframework.context.support.DefaultMessageSourceResolvable: codes [booking.endDate,endDate]; arguments []; default message [endDate]]; default message [End date is required]] [Field error in object 'booking' on field 'startDate': rejected value [null]; codes [NotNull.booking.startDate,NotNull.startDate,NotNull.java.time.LocalDate,NotNull]; arguments [org.springframework.context.support.DefaultMessageSourceResolvable: codes [booking.startDate,startDate]; arguments []; default message [startDate]]; default message [Start date is required]] ]
2025-04-01 08:14:23.570 [http-nio-8080-exec-3] WARN  c.c.c.e.GlobalExceptionHandler - Validation errors: [ErrorResponse[code=400, message=startDate: Start date is required, timestamp=2025-04-01T08:14:23.570600400], ErrorResponse[code=400, message=endDate: End date is required, timestamp=2025-04-01T08:14:23.570600400]]
2025-04-01 08:14:23.570 [http-nio-8080-exec-3] WARN  o.s.w.s.m.m.a.ExceptionHandlerExceptionResolver - Resolved [org.springframework.web.bind.MethodArgumentNotValidException: Validation failed for argument [2] in public com.carsharing.carsharing.model.Booking com.carsharing.carsharing.controller.BookingController.createBooking(java.lang.Long,java.util.List<java.lang.Long>,com.carsharing.carsharing.model.Booking) with 2 errors: [Field error in object 'booking' on field 'startDate': rejected value [null]; codes [NotNull.booking.startDate,NotNull.startDate,NotNull.java.time.LocalDate,NotNull]; arguments [org.springframework.context.support.DefaultMessageSourceResolvable: codes [booking.startDate,startDate]; arguments []; default message [startDate]]; default message [Start date is required]] [Field error in object 'booking' on field 'endDate': rejected value [null]; codes [NotNull.booking.endDate,NotNull.endDate,NotNull.java.time.LocalDate,NotNull]; arguments [org.springframework.context.support.DefaultMessageSourceResolvable: codes [booking.endDate,endDate]; arguments []; default message [endDate]]; default message [End date is required]] ]
2025-04-01 08:14:40.408 [http-nio-8080-exec-5] ERROR c.c.c.e.GlobalExceptionHandler - Unexpected error: org.springframework.http.converter.HttpMessageNotReadableException: JSON parse error: Cannot deserialize value of type `java.time.LocalDate` from String "10.02.2023": Failed to deserialize java.time.LocalDate: (java.time.format.DateTimeParseException) Text '10.02.2023' could not be parsed at index 0
	at org.springframework.http.converter.json.AbstractJackson2HttpMessageConverter.readJavaType(AbstractJackson2HttpMessageConverter.java:409)
Caused by: com.fasterxml.jackson.databind.exc.InvalidFormatException: Cannot deserialize value of type `java.time.LocalDate` from String "10.02.2023": Failed to deserialize java.time.LocalDate: (java.time.format.DateTimeParseException) Text '10.02.2023' could not be parsed at index 0
 at [Source: REDACTED (`StreamReadFeature.INCLUDE_SOURCE_IN_LOCATION` disabled); line: 2, column: 18] (through reference chain: com.carsharing.carsharing.model.Booking["startDate"])
	at com.fasterxml.jackson.databind.exc.InvalidFormatException.from(InvalidFormatException.java:67)
Caused by: java.time.format.DateTimeParseException: Text '10.02.2023' could not be parsed at index 0
	at java.base/java.time.format.DateTimeFormatter.parseResolved0(DateTimeFormatter.java:2108)

2025-04-01 08:14:40.408 [http-nio-8080-exec-5] WARN  o.s.w.s.m.m.a.ExceptionHandlerExceptionResolver - Resolved [org.springframework.http.converter.HttpMessageNotReadableException: JSON parse error: Cannot deserialize value of type `java.time.LocalDate` from String "10.02.2023": Failed to deserialize java.time.LocalDate: (java.time.format.DateTimeParseException) Text '10.02.2023' could not be parsed at index 0]
2025-04-01 08:15:15.318 [http-nio-8080-exec-6] WARN  c.c.c.e.GlobalExceptionHandler - Validation errors: [ErrorResponse[code=400, message=endDateString: Дата окончания обязательна, timestamp=2025-04-01T08:15:15.318614300], ErrorResponse[code=400, message=startDateString: Дата начала обязательна, timestamp=2025-04-01T08:15:15.318614300]]
2025-04-01 08:15:15.318 [http-nio-8080-exec-6] WARN  o.s.w.s.m.m.a.ExceptionHandlerExceptionResolver - Resolved [org.springframework.web.bind.MethodArgumentNotValidException: Validation failed for argument [2] in public com.carsharing.carsharing.model.Booking com.carsharing.carsharing.controller.BookingController.createBooking(java.lang.Long,java.util.List<java.lang.Long>,com.carsharing.carsharing.model.Booking) with 2 errors: [Field error in object 'booking' on field 'endDateString': rejected value [null]; codes [NotBlank.booking.endDateString,NotBlank.endDateString,NotBlank.java.lang.String,NotBlank]; arguments [org.springframework.context.support.DefaultMessageSourceResolvable: codes [booking.endDateString,endDateString]; arguments []; default message [endDateString]]; default message [Дата окончания обязательна]] [Field error in object 'booking' on field 'startDateString': rejected value [null]; codes [NotBlank.booking.startDateString,NotBlank.startDateString,NotBlank.java.lang.String,NotBlank]; arguments [org.springframework.context.support.DefaultMessageSourceResolvable: codes [booking.startDateString,startDateString]; arguments []; default message [startDateString]]; default message [Дата начала обязательна]] ]
2025-04-01 08:15:33.094 [http-nio-8080-exec-9] ERROR c.c.c.e.GlobalExceptionHandler - Unexpected error: org.springframework.http.converter.HttpMessageNotReadableException: JSON parse error: Cannot deserialize value of type `java.time.LocalDate` from String "15.02.2023": Failed to deserialize java.time.LocalDate: (java.time.format.DateTimeParseException) Text '15.02.2023' could not be parsed at index 0
	at org.springframework.http.converter.json.AbstractJackson2HttpMessageConverter.readJavaType(AbstractJackson2HttpMessageConverter.java:409)
Caused by: com.fasterxml.jackson.databind.exc.InvalidFormatException: Cannot deserialize value of type `java.time.LocalDate` from String "15.02.2023": Failed to deserialize java.time.LocalDate: (java.time.format.DateTimeParseException) Text '15.02.2023' could not be parsed at index 0
 at [Source: REDACTED (`StreamReadFeature.INCLUDE_SOURCE_IN_LOCATION` disabled); line: 2, column: 15] (through reference chain: com.carsharing.carsharing.model.Booking["startDate"])
	at com.fasterxml.jackson.databind.exc.InvalidFormatException.from(InvalidFormatException.java:67)
Caused by: java.time.format.DateTimeParseException: Text '15.02.2023' could not be parsed at index 0
	at java.base/java.time.format.DateTimeFormatter.parseResolved0(DateTimeFormatter.java:2108)

2025-04-01 08:15:33.094 [http-nio-8080-exec-9] WARN  o.s.w.s.m.m.a.ExceptionHandlerExceptionResolver - Resolved [org.springframework.http.converter.HttpMessageNotReadableException: JSON parse error: Cannot deserialize value of type `java.time.LocalDate` from String "15.02.2023": Failed to deserialize java.time.LocalDate: (java.time.format.DateTimeParseException) Text '15.02.2023' could not be parsed at index 0]
2025-04-01 08:17:08.029 [http-nio-8080-exec-3] ERROR c.c.c.e.GlobalExceptionHandler - Unexpected error: org.springframework.http.converter.HttpMessageNotReadableException: JSON parse error: Cannot deserialize value of type `java.time.LocalDate` from String "15.02.2023": Failed to deserialize java.time.LocalDate: (java.time.format.DateTimeParseException) Text '15.02.2023' could not be parsed at index 0
	at org.springframework.http.converter.json.AbstractJackson2HttpMessageConverter.readJavaType(AbstractJackson2HttpMessageConverter.java:409)
Caused by: com.fasterxml.jackson.databind.exc.InvalidFormatException: Cannot deserialize value of type `java.time.LocalDate` from String "15.02.2023": Failed to deserialize java.time.LocalDate: (java.time.format.DateTimeParseException) Text '15.02.2023' could not be parsed at index 0
 at [Source: REDACTED (`StreamReadFeature.INCLUDE_SOURCE_IN_LOCATION` disabled); line: 2, column: 15] (through reference chain: com.carsharing.carsharing.model.Booking["startDate"])
	at com.fasterxml.jackson.databind.exc.InvalidFormatException.from(InvalidFormatException.java:67)
Caused by: java.time.format.DateTimeParseException: Text '15.02.2023' could not be parsed at index 0
	at java.base/java.time.format.DateTimeFormatter.parseResolved0(DateTimeFormatter.java:2108)

2025-04-01 08:17:08.029 [http-nio-8080-exec-3] WARN  o.s.w.s.m.m.a.ExceptionHandlerExceptionResolver - Resolved [org.springframework.http.converter.HttpMessageNotReadableException: JSON parse error: Cannot deserialize value of type `java.time.LocalDate` from String "15.02.2023": Failed to deserialize java.time.LocalDate: (java.time.format.DateTimeParseException) Text '15.02.2023' could not be parsed at index 0]
2025-04-01 08:17:13.010 [http-nio-8080-exec-5] ERROR c.c.c.e.GlobalExceptionHandler - Unexpected error: org.springframework.http.converter.HttpMessageNotReadableException: JSON parse error: Cannot deserialize value of type `java.time.LocalDate` from String "15.02.2023": Failed to deserialize java.time.LocalDate: (java.time.format.DateTimeParseException) Text '15.02.2023' could not be parsed at index 0
	at org.springframework.http.converter.json.AbstractJackson2HttpMessageConverter.readJavaType(AbstractJackson2HttpMessageConverter.java:409)
Caused by: com.fasterxml.jackson.databind.exc.InvalidFormatException: Cannot deserialize value of type `java.time.LocalDate` from String "15.02.2023": Failed to deserialize java.time.LocalDate: (java.time.format.DateTimeParseException) Text '15.02.2023' could not be parsed at index 0
 at [Source: REDACTED (`StreamReadFeature.INCLUDE_SOURCE_IN_LOCATION` disabled); line: 2, column: 15] (through reference chain: com.carsharing.carsharing.model.Booking["startDate"])
	at com.fasterxml.jackson.databind.exc.InvalidFormatException.from(InvalidFormatException.java:67)
Caused by: java.time.format.DateTimeParseException: Text '15.02.2023' could not be parsed at index 0
	at java.base/java.time.format.DateTimeFormatter.parseResolved0(DateTimeFormatter.java:2108)

2025-04-01 08:17:13.018 [http-nio-8080-exec-5] WARN  o.s.w.s.m.m.a.ExceptionHandlerExceptionResolver - Resolved [org.springframework.http.converter.HttpMessageNotReadableException: JSON parse error: Cannot deserialize value of type `java.time.LocalDate` from String "15.02.2023": Failed to deserialize java.time.LocalDate: (java.time.format.DateTimeParseException) Text '15.02.2023' could not be parsed at index 0]
2025-04-01 08:18:01.618 [http-nio-8080-exec-6] ERROR c.c.c.e.GlobalExceptionHandler - Unexpected error: org.springframework.http.converter.HttpMessageNotReadableException: JSON parse error: Cannot deserialize value of type `java.time.LocalDate` from String "15.04.2025": Failed to deserialize java.time.LocalDate: (java.time.format.DateTimeParseException) Text '15.04.2025' could not be parsed at index 0
	at org.springframework.http.converter.json.AbstractJackson2HttpMessageConverter.readJavaType(AbstractJackson2HttpMessageConverter.java:409)
Caused by: com.fasterxml.jackson.databind.exc.InvalidFormatException: Cannot deserialize value of type `java.time.LocalDate` from String "15.04.2025": Failed to deserialize java.time.LocalDate: (java.time.format.DateTimeParseException) Text '15.04.2025' could not be parsed at index 0
 at [Source: REDACTED (`StreamReadFeature.INCLUDE_SOURCE_IN_LOCATION` disabled); line: 2, column: 15] (through reference chain: com.carsharing.carsharing.model.Booking["startDate"])
	at com.fasterxml.jackson.databind.exc.InvalidFormatException.from(InvalidFormatException.java:67)
Caused by: java.time.format.DateTimeParseException: Text '15.04.2025' could not be parsed at index 0
	at java.base/java.time.format.DateTimeFormatter.parseResolved0(DateTimeFormatter.java:2108)

2025-04-01 08:18:01.618 [http-nio-8080-exec-6] WARN  o.s.w.s.m.m.a.ExceptionHandlerExceptionResolver - Resolved [org.springframework.http.converter.HttpMessageNotReadableException: JSON parse error: Cannot deserialize value of type `java.time.LocalDate` from String "15.04.2025": Failed to deserialize java.time.LocalDate: (java.time.format.DateTimeParseException) Text '15.04.2025' could not be parsed at index 0]
2025-04-01 08:19:19.198 [http-nio-8080-exec-9] WARN  c.c.c.e.GlobalExceptionHandler - Validation errors: [ErrorResponse[code=400, message=startDate: Start date is required, timestamp=2025-04-01T08:19:19.198883300], ErrorResponse[code=400, message=endDate: End date is required, timestamp=2025-04-01T08:19:19.198883300]]
2025-04-01 08:19:19.198 [http-nio-8080-exec-9] WARN  o.s.w.s.m.m.a.ExceptionHandlerExceptionResolver - Resolved [org.springframework.web.bind.MethodArgumentNotValidException: Validation failed for argument [2] in public com.carsharing.carsharing.model.Booking com.carsharing.carsharing.controller.BookingController.createBooking(java.lang.Long,java.util.List<java.lang.Long>,com.carsharing.carsharing.model.Booking) with 2 errors: [Field error in object 'booking' on field 'startDate': rejected value [null]; codes [NotNull.booking.startDate,NotNull.startDate,NotNull.java.time.LocalDate,NotNull]; arguments [org.springframework.context.support.DefaultMessageSourceResolvable: codes [booking.startDate,startDate]; arguments []; default message [startDate]]; default message [Start date is required]] [Field error in object 'booking' on field 'endDate': rejected value [null]; codes [NotNull.booking.endDate,NotNull.endDate,NotNull.java.time.LocalDate,NotNull]; arguments [org.springframework.context.support.DefaultMessageSourceResolvable: codes [booking.endDate,endDate]; arguments []; default message [endDate]]; default message [End date is required]] ]
2025-04-01 08:20:55.393 [SpringApplicationShutdownHook] INFO  o.s.b.w.e.tomcat.GracefulShutdown - Commencing graceful shutdown. Waiting for active requests to complete
2025-04-01 08:20:55.401 [tomcat-shutdown] INFO  o.s.b.w.e.tomcat.GracefulShutdown - Graceful shutdown complete
2025-04-01 08:20:55.409 [SpringApplicationShutdownHook] INFO  o.s.o.j.LocalContainerEntityManagerFactoryBean - Closing JPA EntityManagerFactory for persistence unit 'default'
2025-04-01 08:20:55.409 [SpringApplicationShutdownHook] INFO  com.zaxxer.hikari.HikariDataSource - HikariPool-1 - Shutdown initiated...
2025-04-01 08:20:55.417 [SpringApplicationShutdownHook] INFO  com.zaxxer.hikari.HikariDataSource - HikariPool-1 - Shutdown completed.
2025-04-01 08:23:31.400 [background-preinit] INFO  o.h.validator.internal.util.Version - HV000001: Hibernate Validator 8.0.2.Final
2025-04-01 08:23:31.448 [restartedMain] INFO  c.c.carsharing.CarsharingApplication - Starting CarsharingApplication using Java 23.0.2 with PID 14432 (C:\PNAYAVU_sem2\Carsharing\target\classes started by topmo in C:\PNAYAVU_sem2\Carsharing)
2025-04-01 08:23:31.449 [restartedMain] INFO  c.c.carsharing.CarsharingApplication - No active profile set, falling back to 1 default profile: "default"
2025-04-01 08:23:31.519 [restartedMain] INFO  o.s.b.d.e.DevToolsPropertyDefaultsPostProcessor - Devtools property defaults active! Set 'spring.devtools.add-properties' to 'false' to disable
2025-04-01 08:23:31.519 [restartedMain] INFO  o.s.b.d.e.DevToolsPropertyDefaultsPostProcessor - For additional web related logging consider setting the 'logging.level.web' property to 'DEBUG'
2025-04-01 08:23:32.127 [restartedMain] INFO  o.s.d.r.c.RepositoryConfigurationDelegate - Bootstrapping Spring Data JPA repositories in DEFAULT mode.
2025-04-01 08:23:32.168 [restartedMain] INFO  o.s.d.r.c.RepositoryConfigurationDelegate - Finished Spring Data repository scanning in 35 ms. Found 3 JPA repository interfaces.
2025-04-01 08:23:32.734 [restartedMain] INFO  o.s.b.w.e.tomcat.TomcatWebServer - Tomcat initialized with port 8080 (http)
2025-04-01 08:23:32.743 [restartedMain] INFO  o.a.coyote.http11.Http11NioProtocol - Initializing ProtocolHandler ["http-nio-8080"]
2025-04-01 08:23:32.744 [restartedMain] INFO  o.a.catalina.core.StandardService - Starting service [Tomcat]
2025-04-01 08:23:32.744 [restartedMain] INFO  o.a.catalina.core.StandardEngine - Starting Servlet engine: [Apache Tomcat/10.1.34]
2025-04-01 08:23:32.778 [restartedMain] INFO  o.a.c.c.C.[Tomcat].[localhost].[/] - Initializing Spring embedded WebApplicationContext
2025-04-01 08:23:32.778 [restartedMain] INFO  o.s.b.w.s.c.ServletWebServerApplicationContext - Root WebApplicationContext: initialization completed in 1259 ms
2025-04-01 08:23:32.899 [restartedMain] INFO  o.h.jpa.internal.util.LogHelper - HHH000204: Processing PersistenceUnitInfo [name: default]
2025-04-01 08:23:32.937 [restartedMain] INFO  org.hibernate.Version - HHH000412: Hibernate ORM core version 6.6.5.Final
2025-04-01 08:23:32.967 [restartedMain] INFO  o.h.c.i.RegionFactoryInitiator - HHH000026: Second-level cache disabled
2025-04-01 08:23:33.183 [restartedMain] INFO  o.s.o.j.p.SpringPersistenceUnitInfo - No LoadTimeWeaver setup: ignoring JPA class transformer
2025-04-01 08:23:33.210 [restartedMain] INFO  com.zaxxer.hikari.HikariDataSource - HikariPool-1 - Starting...
2025-04-01 08:23:33.317 [restartedMain] INFO  com.zaxxer.hikari.pool.HikariPool - HikariPool-1 - Added connection com.mysql.cj.jdbc.ConnectionImpl@33cfcb07
2025-04-01 08:23:33.319 [restartedMain] INFO  com.zaxxer.hikari.HikariDataSource - HikariPool-1 - Start completed.
2025-04-01 08:23:33.357 [restartedMain] WARN  org.hibernate.orm.deprecation - HHH90000025: MySQL8Dialect does not need to be specified explicitly using 'hibernate.dialect' (remove the property setting and it will be selected by default)
2025-04-01 08:23:33.358 [restartedMain] WARN  org.hibernate.orm.deprecation - HHH90000026: MySQL8Dialect has been deprecated; use org.hibernate.dialect.MySQLDialect instead
2025-04-01 08:23:33.371 [restartedMain] INFO  o.hibernate.orm.connections.pooling - HHH10001005: Database info:
	Database JDBC URL [Connecting through datasource 'HikariDataSource (HikariPool-1)']
	Database driver: undefined/unknown
	Database version: 8.0
	Autocommit mode: undefined/unknown
	Isolation level: undefined/unknown
	Minimum pool size: undefined/unknown
	Maximum pool size: undefined/unknown
2025-04-01 08:23:34.125 [restartedMain] INFO  o.h.e.t.j.p.i.JtaPlatformInitiator - HHH000489: No JTA platform available (set 'hibernate.transaction.jta.platform' to enable JTA platform integration)
2025-04-01 08:23:34.307 [restartedMain] INFO  o.s.o.j.LocalContainerEntityManagerFactoryBean - Initialized JPA EntityManagerFactory for persistence unit 'default'
2025-04-01 08:23:34.639 [restartedMain] INFO  o.s.d.j.r.query.QueryEnhancerFactory - Hibernate is in classpath; If applicable, HQL parser will be used.
2025-04-01 08:23:35.906 [restartedMain] WARN  o.s.b.a.o.j.JpaBaseConfiguration$JpaWebConfiguration - spring.jpa.open-in-view is enabled by default. Therefore, database queries may be performed during view rendering. Explicitly configure spring.jpa.open-in-view to disable this warning
2025-04-01 08:23:36.400 [restartedMain] INFO  o.s.b.d.a.OptionalLiveReloadServer - LiveReload server is running on port 35729
2025-04-01 08:23:36.417 [restartedMain] INFO  o.a.coyote.http11.Http11NioProtocol - Starting ProtocolHandler ["http-nio-8080"]
2025-04-01 08:23:36.430 [restartedMain] INFO  o.s.b.w.e.tomcat.TomcatWebServer - Tomcat started on port 8080 (http) with context path '/'
2025-04-01 08:23:36.436 [restartedMain] INFO  c.c.carsharing.CarsharingApplication - Started CarsharingApplication in 5.415 seconds (process running for 5.975)
2025-04-01 08:23:38.130 [http-nio-8080-exec-1] INFO  o.a.c.c.C.[Tomcat].[localhost].[/] - Initializing Spring DispatcherServlet 'dispatcherServlet'
2025-04-01 08:23:38.130 [http-nio-8080-exec-1] INFO  o.s.web.servlet.DispatcherServlet - Initializing Servlet 'dispatcherServlet'
2025-04-01 08:23:38.131 [http-nio-8080-exec-1] INFO  o.s.web.servlet.DispatcherServlet - Completed initialization in 1 ms
2025-04-01 08:23:38.243 [http-nio-8080-exec-1] ERROR c.c.c.e.GlobalExceptionHandler - Unexpected error: java.lang.NullPointerException: Cannot invoke "java.time.LocalDate.isAfter(java.time.chrono.ChronoLocalDate)" because "startDate" is null
	at com.carsharing.carsharing.service.BookingService.checkCarAvailability(BookingService.java:129)

2025-04-01 08:23:38.268 [http-nio-8080-exec-1] WARN  o.s.w.s.m.m.a.ExceptionHandlerExceptionResolver - Resolved [java.lang.NullPointerException: Cannot invoke "java.time.LocalDate.isAfter(java.time.chrono.ChronoLocalDate)" because "startDate" is null]
2025-04-01 08:24:07.471 [http-nio-8080-exec-4] WARN  c.c.c.e.GlobalExceptionHandler - Validation errors: [ErrorResponse[code=400, message=startDateString: Дата начала обязательна, timestamp=2025-04-01T08:24:07.471033100], ErrorResponse[code=400, message=endDateString: Дата окончания обязательна, timestamp=2025-04-01T08:24:07.471033100]]
2025-04-01 08:24:07.477 [http-nio-8080-exec-4] WARN  o.s.w.s.m.m.a.ExceptionHandlerExceptionResolver - Resolved [org.springframework.web.bind.MethodArgumentNotValidException: Validation failed for argument [2] in public com.carsharing.carsharing.model.Booking com.carsharing.carsharing.controller.BookingController.createBooking(java.lang.Long,java.util.List<java.lang.Long>,com.carsharing.carsharing.model.Booking) with 2 errors: [Field error in object 'booking' on field 'startDateString': rejected value [null]; codes [NotBlank.booking.startDateString,NotBlank.startDateString,NotBlank.java.lang.String,NotBlank]; arguments [org.springframework.context.support.DefaultMessageSourceResolvable: codes [booking.startDateString,startDateString]; arguments []; default message [startDateString]]; default message [Дата начала обязательна]] [Field error in object 'booking' on field 'endDateString': rejected value [null]; codes [NotBlank.booking.endDateString,NotBlank.endDateString,NotBlank.java.lang.String,NotBlank]; arguments [org.springframework.context.support.DefaultMessageSourceResolvable: codes [booking.endDateString,endDateString]; arguments []; default message [endDateString]]; default message [Дата окончания обязательна]] ]
2025-04-01 08:24:30.097 [http-nio-8080-exec-6] ERROR c.c.c.e.GlobalExceptionHandler - Unexpected error: java.lang.NullPointerException: Cannot invoke "java.time.LocalDate.isAfter(java.time.chrono.ChronoLocalDate)" because "startDate" is null
	at com.carsharing.carsharing.service.BookingService.checkCarAvailability(BookingService.java:129)

2025-04-01 08:24:30.098 [http-nio-8080-exec-6] WARN  o.s.w.s.m.m.a.ExceptionHandlerExceptionResolver - Resolved [java.lang.NullPointerException: Cannot invoke "java.time.LocalDate.isAfter(java.time.chrono.ChronoLocalDate)" because "startDate" is null]
2025-04-01 08:26:13.282 [http-nio-8080-exec-2] ERROR c.c.c.e.GlobalExceptionHandler - Unexpected error: java.lang.NullPointerException: Cannot invoke "java.time.LocalDate.isAfter(java.time.chrono.ChronoLocalDate)" because "startDate" is null
	at com.carsharing.carsharing.service.BookingService.checkCarAvailability(BookingService.java:129)

2025-04-01 08:26:13.283 [http-nio-8080-exec-2] WARN  o.s.w.s.m.m.a.ExceptionHandlerExceptionResolver - Resolved [java.lang.NullPointerException: Cannot invoke "java.time.LocalDate.isAfter(java.time.chrono.ChronoLocalDate)" because "startDate" is null]
2025-04-01 08:26:24.614 [http-nio-8080-exec-3] ERROR c.c.c.e.GlobalExceptionHandler - Unexpected error: java.lang.NullPointerException: Cannot invoke "java.time.LocalDate.isAfter(java.time.chrono.ChronoLocalDate)" because "startDate" is null
	at com.carsharing.carsharing.service.BookingService.checkCarAvailability(BookingService.java:129)

2025-04-01 08:26:24.616 [http-nio-8080-exec-3] WARN  o.s.w.s.m.m.a.ExceptionHandlerExceptionResolver - Resolved [java.lang.NullPointerException: Cannot invoke "java.time.LocalDate.isAfter(java.time.chrono.ChronoLocalDate)" because "startDate" is null]
2025-04-01 08:26:30.791 [http-nio-8080-exec-5] ERROR c.c.c.e.GlobalExceptionHandler - Unexpected error: java.lang.NullPointerException: Cannot invoke "java.time.LocalDate.isAfter(java.time.chrono.ChronoLocalDate)" because "startDate" is null
	at com.carsharing.carsharing.service.BookingService.checkCarAvailability(BookingService.java:129)

2025-04-01 08:26:30.791 [http-nio-8080-exec-5] WARN  o.s.w.s.m.m.a.ExceptionHandlerExceptionResolver - Resolved [java.lang.NullPointerException: Cannot invoke "java.time.LocalDate.isAfter(java.time.chrono.ChronoLocalDate)" because "startDate" is null]
2025-04-01 08:26:41.370 [http-nio-8080-exec-8] ERROR c.c.c.e.GlobalExceptionHandler - Unexpected error: java.lang.NullPointerException: Cannot invoke "java.time.LocalDate.isAfter(java.time.chrono.ChronoLocalDate)" because "startDate" is null
	at com.carsharing.carsharing.service.BookingService.checkCarAvailability(BookingService.java:129)

2025-04-01 08:26:41.371 [http-nio-8080-exec-8] WARN  o.s.w.s.m.m.a.ExceptionHandlerExceptionResolver - Resolved [java.lang.NullPointerException: Cannot invoke "java.time.LocalDate.isAfter(java.time.chrono.ChronoLocalDate)" because "startDate" is null]
2025-04-01 08:26:47.332 [http-nio-8080-exec-7] ERROR c.c.c.e.GlobalExceptionHandler - Unexpected error: java.lang.NullPointerException: Cannot invoke "java.time.LocalDate.isAfter(java.time.chrono.ChronoLocalDate)" because "startDate" is null
	at com.carsharing.carsharing.service.BookingService.checkCarAvailability(BookingService.java:129)

2025-04-01 08:26:47.332 [http-nio-8080-exec-7] WARN  o.s.w.s.m.m.a.ExceptionHandlerExceptionResolver - Resolved [java.lang.NullPointerException: Cannot invoke "java.time.LocalDate.isAfter(java.time.chrono.ChronoLocalDate)" because "startDate" is null]
2025-04-01 08:28:43.031 [File Watcher] INFO  o.s.b.d.a.LocalDevToolsAutoConfiguration$RestartingClassPathChangeChangedEventListener - Restarting due to 1 class path change (0 additions, 1 deletion, 0 modifications)
2025-04-01 08:28:43.034 [Thread-5] INFO  o.s.b.w.e.tomcat.GracefulShutdown - Commencing graceful shutdown. Waiting for active requests to complete
2025-04-01 08:28:43.035 [tomcat-shutdown] INFO  o.a.coyote.http11.Http11NioProtocol - Pausing ProtocolHandler ["http-nio-8080"]
2025-04-01 08:28:43.054 [tomcat-shutdown] INFO  o.s.b.w.e.tomcat.GracefulShutdown - Graceful shutdown complete
2025-04-01 08:28:43.055 [Thread-5] INFO  o.a.coyote.http11.Http11NioProtocol - Stopping ProtocolHandler ["http-nio-8080"]
2025-04-01 08:28:43.058 [Thread-5] INFO  o.s.o.j.LocalContainerEntityManagerFactoryBean - Closing JPA EntityManagerFactory for persistence unit 'default'
2025-04-01 08:28:43.063 [Thread-5] INFO  com.zaxxer.hikari.HikariDataSource - HikariPool-1 - Shutdown initiated...
2025-04-01 08:28:43.069 [Thread-5] INFO  com.zaxxer.hikari.HikariDataSource - HikariPool-1 - Shutdown completed.
2025-04-01 08:28:43.154 [restartedMain] INFO  c.c.carsharing.CarsharingApplication - Starting CarsharingApplication using Java 23.0.2 with PID 14432 (C:\PNAYAVU_sem2\Carsharing\target\classes started by topmo in C:\PNAYAVU_sem2\Carsharing)
2025-04-01 08:28:43.154 [restartedMain] INFO  c.c.carsharing.CarsharingApplication - No active profile set, falling back to 1 default profile: "default"
2025-04-01 08:28:43.388 [restartedMain] INFO  o.s.d.r.c.RepositoryConfigurationDelegate - Bootstrapping Spring Data JPA repositories in DEFAULT mode.
2025-04-01 08:28:43.400 [restartedMain] INFO  o.s.d.r.c.RepositoryConfigurationDelegate - Finished Spring Data repository scanning in 9 ms. Found 3 JPA repository interfaces.
2025-04-01 08:28:43.514 [restartedMain] INFO  o.s.b.w.e.tomcat.TomcatWebServer - Tomcat initialized with port 8080 (http)
2025-04-01 08:28:43.514 [restartedMain] INFO  o.a.coyote.http11.Http11NioProtocol - Initializing ProtocolHandler ["http-nio-8080"]
2025-04-01 08:28:43.514 [restartedMain] INFO  o.a.catalina.core.StandardService - Starting service [Tomcat]
2025-04-01 08:28:43.514 [restartedMain] INFO  o.a.catalina.core.StandardEngine - Starting Servlet engine: [Apache Tomcat/10.1.34]
2025-04-01 08:28:43.527 [restartedMain] INFO  o.a.c.c.C.[Tomcat].[localhost].[/] - Initializing Spring embedded WebApplicationContext
2025-04-01 08:28:43.527 [restartedMain] INFO  o.s.b.w.s.c.ServletWebServerApplicationContext - Root WebApplicationContext: initialization completed in 371 ms
2025-04-01 08:28:43.584 [restartedMain] INFO  o.h.jpa.internal.util.LogHelper - HHH000204: Processing PersistenceUnitInfo [name: default]
2025-04-01 08:28:43.587 [restartedMain] INFO  o.h.c.i.RegionFactoryInitiator - HHH000026: Second-level cache disabled
2025-04-01 08:28:43.596 [restartedMain] INFO  o.s.o.j.p.SpringPersistenceUnitInfo - No LoadTimeWeaver setup: ignoring JPA class transformer
2025-04-01 08:28:43.597 [restartedMain] INFO  com.zaxxer.hikari.HikariDataSource - HikariPool-2 - Starting...
2025-04-01 08:28:43.602 [restartedMain] INFO  com.zaxxer.hikari.pool.HikariPool - HikariPool-2 - Added connection com.mysql.cj.jdbc.ConnectionImpl@7dd7ba75
2025-04-01 08:28:43.602 [restartedMain] INFO  com.zaxxer.hikari.HikariDataSource - HikariPool-2 - Start completed.
2025-04-01 08:28:43.603 [restartedMain] WARN  org.hibernate.orm.deprecation - HHH90000025: MySQL8Dialect does not need to be specified explicitly using 'hibernate.dialect' (remove the property setting and it will be selected by default)
2025-04-01 08:28:43.603 [restartedMain] WARN  org.hibernate.orm.deprecation - HHH90000026: MySQL8Dialect has been deprecated; use org.hibernate.dialect.MySQLDialect instead
2025-04-01 08:28:43.603 [restartedMain] INFO  o.hibernate.orm.connections.pooling - HHH10001005: Database info:
	Database JDBC URL [Connecting through datasource 'HikariDataSource (HikariPool-2)']
	Database driver: undefined/unknown
	Database version: 8.0
	Autocommit mode: undefined/unknown
	Isolation level: undefined/unknown
	Minimum pool size: undefined/unknown
	Maximum pool size: undefined/unknown
2025-04-01 08:28:43.713 [restartedMain] INFO  o.h.e.t.j.p.i.JtaPlatformInitiator - HHH000489: No JTA platform available (set 'hibernate.transaction.jta.platform' to enable JTA platform integration)
2025-04-01 08:28:43.739 [restartedMain] INFO  o.s.o.j.LocalContainerEntityManagerFactoryBean - Initialized JPA EntityManagerFactory for persistence unit 'default'
2025-04-01 08:28:44.010 [restartedMain] WARN  o.s.b.a.o.j.JpaBaseConfiguration$JpaWebConfiguration - spring.jpa.open-in-view is enabled by default. Therefore, database queries may be performed during view rendering. Explicitly configure spring.jpa.open-in-view to disable this warning
2025-04-01 08:28:44.253 [restartedMain] INFO  o.s.b.d.a.OptionalLiveReloadServer - LiveReload server is running on port 35729
2025-04-01 08:28:44.265 [restartedMain] INFO  o.a.coyote.http11.Http11NioProtocol - Starting ProtocolHandler ["http-nio-8080"]
2025-04-01 08:28:44.268 [restartedMain] INFO  o.s.b.w.e.tomcat.TomcatWebServer - Tomcat started on port 8080 (http) with context path '/'
2025-04-01 08:28:44.272 [restartedMain] INFO  c.c.carsharing.CarsharingApplication - Started CarsharingApplication in 1.147 seconds (process running for 313.811)
2025-04-01 08:28:44.274 [restartedMain] INFO  o.s.b.d.a.ConditionEvaluationDeltaLoggingListener - Condition evaluation unchanged
2025-04-01 08:28:45.686 [File Watcher] INFO  o.s.b.d.a.LocalDevToolsAutoConfiguration$RestartingClassPathChangeChangedEventListener - Restarting due to 1 class path change (1 addition, 0 deletions, 0 modifications)
2025-04-01 08:28:45.690 [Thread-7] INFO  o.s.b.w.e.tomcat.GracefulShutdown - Commencing graceful shutdown. Waiting for active requests to complete
2025-04-01 08:28:45.690 [tomcat-shutdown] INFO  o.a.coyote.http11.Http11NioProtocol - Pausing ProtocolHandler ["http-nio-8080"]
2025-04-01 08:28:45.705 [tomcat-shutdown] INFO  o.s.b.w.e.tomcat.GracefulShutdown - Graceful shutdown complete
2025-04-01 08:28:45.707 [Thread-7] INFO  o.a.coyote.http11.Http11NioProtocol - Stopping ProtocolHandler ["http-nio-8080"]
2025-04-01 08:28:45.709 [Thread-7] INFO  o.s.o.j.LocalContainerEntityManagerFactoryBean - Closing JPA EntityManagerFactory for persistence unit 'default'
2025-04-01 08:28:45.709 [Thread-7] INFO  com.zaxxer.hikari.HikariDataSource - HikariPool-2 - Shutdown initiated...
2025-04-01 08:28:45.710 [Thread-7] INFO  com.zaxxer.hikari.HikariDataSource - HikariPool-2 - Shutdown completed.
2025-04-01 08:28:45.786 [restartedMain] INFO  c.c.carsharing.CarsharingApplication - Starting CarsharingApplication using Java 23.0.2 with PID 14432 (C:\PNAYAVU_sem2\Carsharing\target\classes started by topmo in C:\PNAYAVU_sem2\Carsharing)
2025-04-01 08:28:45.786 [restartedMain] INFO  c.c.carsharing.CarsharingApplication - No active profile set, falling back to 1 default profile: "default"
2025-04-01 08:28:45.910 [restartedMain] INFO  o.s.d.r.c.RepositoryConfigurationDelegate - Bootstrapping Spring Data JPA repositories in DEFAULT mode.
2025-04-01 08:28:45.920 [restartedMain] INFO  o.s.d.r.c.RepositoryConfigurationDelegate - Finished Spring Data repository scanning in 10 ms. Found 3 JPA repository interfaces.
2025-04-01 08:28:46.010 [restartedMain] INFO  o.s.b.w.e.tomcat.TomcatWebServer - Tomcat initialized with port 8080 (http)
2025-04-01 08:28:46.010 [restartedMain] INFO  o.a.coyote.http11.Http11NioProtocol - Initializing ProtocolHandler ["http-nio-8080"]
2025-04-01 08:28:46.010 [restartedMain] INFO  o.a.catalina.core.StandardService - Starting service [Tomcat]
2025-04-01 08:28:46.010 [restartedMain] INFO  o.a.catalina.core.StandardEngine - Starting Servlet engine: [Apache Tomcat/10.1.34]
2025-04-01 08:28:46.021 [restartedMain] INFO  o.a.c.c.C.[Tomcat].[localhost].[/] - Initializing Spring embedded WebApplicationContext
2025-04-01 08:28:46.021 [restartedMain] INFO  o.s.b.w.s.c.ServletWebServerApplicationContext - Root WebApplicationContext: initialization completed in 235 ms
2025-04-01 08:28:46.058 [restartedMain] INFO  o.h.jpa.internal.util.LogHelper - HHH000204: Processing PersistenceUnitInfo [name: default]
2025-04-01 08:28:46.059 [restartedMain] INFO  o.h.c.i.RegionFactoryInitiator - HHH000026: Second-level cache disabled
2025-04-01 08:28:46.065 [restartedMain] INFO  o.s.o.j.p.SpringPersistenceUnitInfo - No LoadTimeWeaver setup: ignoring JPA class transformer
2025-04-01 08:28:46.065 [restartedMain] INFO  com.zaxxer.hikari.HikariDataSource - HikariPool-3 - Starting...
2025-04-01 08:28:46.069 [restartedMain] INFO  com.zaxxer.hikari.pool.HikariPool - HikariPool-3 - Added connection com.mysql.cj.jdbc.ConnectionImpl@641cad60
2025-04-01 08:28:46.069 [restartedMain] INFO  com.zaxxer.hikari.HikariDataSource - HikariPool-3 - Start completed.
2025-04-01 08:28:46.070 [restartedMain] WARN  org.hibernate.orm.deprecation - HHH90000025: MySQL8Dialect does not need to be specified explicitly using 'hibernate.dialect' (remove the property setting and it will be selected by default)
2025-04-01 08:28:46.070 [restartedMain] WARN  org.hibernate.orm.deprecation - HHH90000026: MySQL8Dialect has been deprecated; use org.hibernate.dialect.MySQLDialect instead
2025-04-01 08:28:46.070 [restartedMain] INFO  o.hibernate.orm.connections.pooling - HHH10001005: Database info:
	Database JDBC URL [Connecting through datasource 'HikariDataSource (HikariPool-3)']
	Database driver: undefined/unknown
	Database version: 8.0
	Autocommit mode: undefined/unknown
	Isolation level: undefined/unknown
	Minimum pool size: undefined/unknown
	Maximum pool size: undefined/unknown
2025-04-01 08:28:46.147 [restartedMain] INFO  o.h.e.t.j.p.i.JtaPlatformInitiator - HHH000489: No JTA platform available (set 'hibernate.transaction.jta.platform' to enable JTA platform integration)
2025-04-01 08:28:46.172 [restartedMain] INFO  o.s.o.j.LocalContainerEntityManagerFactoryBean - Initialized JPA EntityManagerFactory for persistence unit 'default'
2025-04-01 08:28:46.391 [restartedMain] WARN  o.s.b.a.o.j.JpaBaseConfiguration$JpaWebConfiguration - spring.jpa.open-in-view is enabled by default. Therefore, database queries may be performed during view rendering. Explicitly configure spring.jpa.open-in-view to disable this warning
2025-04-01 08:28:46.603 [restartedMain] INFO  o.s.b.d.a.OptionalLiveReloadServer - LiveReload server is running on port 35729
2025-04-01 08:28:46.611 [restartedMain] INFO  o.a.coyote.http11.Http11NioProtocol - Starting ProtocolHandler ["http-nio-8080"]
2025-04-01 08:28:46.613 [restartedMain] INFO  o.s.b.w.e.tomcat.TomcatWebServer - Tomcat started on port 8080 (http) with context path '/'
2025-04-01 08:28:46.615 [restartedMain] INFO  c.c.carsharing.CarsharingApplication - Started CarsharingApplication in 0.853 seconds (process running for 316.154)
2025-04-01 08:28:46.616 [restartedMain] INFO  o.s.b.d.a.ConditionEvaluationDeltaLoggingListener - Condition evaluation unchanged
2025-04-01 08:32:04.443 [File Watcher] INFO  o.s.b.d.a.LocalDevToolsAutoConfiguration$RestartingClassPathChangeChangedEventListener - Restarting due to 2 class path changes (0 additions, 2 deletions, 0 modifications)
2025-04-01 08:32:04.444 [Thread-11] INFO  o.s.b.w.e.tomcat.GracefulShutdown - Commencing graceful shutdown. Waiting for active requests to complete
2025-04-01 08:32:04.444 [tomcat-shutdown] INFO  o.a.coyote.http11.Http11NioProtocol - Pausing ProtocolHandler ["http-nio-8080"]
2025-04-01 08:32:04.460 [tomcat-shutdown] INFO  o.s.b.w.e.tomcat.GracefulShutdown - Graceful shutdown complete
2025-04-01 08:32:04.460 [Thread-11] INFO  o.a.coyote.http11.Http11NioProtocol - Stopping ProtocolHandler ["http-nio-8080"]
2025-04-01 08:32:04.461 [Thread-11] INFO  o.s.o.j.LocalContainerEntityManagerFactoryBean - Closing JPA EntityManagerFactory for persistence unit 'default'
2025-04-01 08:32:04.462 [Thread-11] INFO  com.zaxxer.hikari.HikariDataSource - HikariPool-3 - Shutdown initiated...
2025-04-01 08:32:04.463 [Thread-11] INFO  com.zaxxer.hikari.HikariDataSource - HikariPool-3 - Shutdown completed.
2025-04-01 08:32:04.544 [restartedMain] INFO  c.c.carsharing.CarsharingApplication - Starting CarsharingApplication using Java 23.0.2 with PID 14432 (C:\PNAYAVU_sem2\Carsharing\target\classes started by topmo in C:\PNAYAVU_sem2\Carsharing)
2025-04-01 08:32:04.544 [restartedMain] INFO  c.c.carsharing.CarsharingApplication - No active profile set, falling back to 1 default profile: "default"
2025-04-01 08:32:04.696 [restartedMain] INFO  o.s.d.r.c.RepositoryConfigurationDelegate - Bootstrapping Spring Data JPA repositories in DEFAULT mode.
2025-04-01 08:32:04.700 [restartedMain] WARN  o.s.b.w.s.c.AnnotationConfigServletWebServerApplicationContext - Exception encountered during context initialization - cancelling refresh attempt: java.lang.TypeNotPresentException: Type com.carsharing.carsharing.model.Booking not present
2025-04-01 08:32:04.702 [restartedMain] INFO  o.s.b.a.l.ConditionEvaluationReportLogger - 

Error starting ApplicationContext. To display the condition evaluation report re-run your application with 'debug' enabled.
2025-04-01 08:32:04.722 [restartedMain] ERROR o.s.boot.SpringApplication - Application run failedjava.lang.TypeNotPresentException: Type com.carsharing.carsharing.model.Booking not present
	at java.base/sun.reflect.generics.factory.CoreReflectionFactory.makeNamedType(CoreReflectionFactory.java:116)
Caused by: java.lang.ClassNotFoundException: com.carsharing.carsharing.model.Booking
	at java.base/jdk.internal.loader.BuiltinClassLoader.loadClass(BuiltinClassLoader.java:641)

2025-04-01 08:34:31.495 [background-preinit] INFO  o.h.validator.internal.util.Version - HV000001: Hibernate Validator 8.0.2.Final
2025-04-01 08:34:31.530 [restartedMain] INFO  c.c.carsharing.CarsharingApplication - Starting CarsharingApplication using Java 23.0.2 with PID 2312 (C:\PNAYAVU_sem2\Carsharing\target\classes started by topmo in C:\PNAYAVU_sem2\Carsharing)
2025-04-01 08:34:31.530 [restartedMain] INFO  c.c.carsharing.CarsharingApplication - No active profile set, falling back to 1 default profile: "default"
2025-04-01 08:34:31.576 [restartedMain] INFO  o.s.b.d.e.DevToolsPropertyDefaultsPostProcessor - Devtools property defaults active! Set 'spring.devtools.add-properties' to 'false' to disable
2025-04-01 08:34:31.576 [restartedMain] INFO  o.s.b.d.e.DevToolsPropertyDefaultsPostProcessor - For additional web related logging consider setting the 'logging.level.web' property to 'DEBUG'
2025-04-01 08:34:32.206 [restartedMain] INFO  o.s.d.r.c.RepositoryConfigurationDelegate - Bootstrapping Spring Data JPA repositories in DEFAULT mode.
2025-04-01 08:34:32.251 [restartedMain] INFO  o.s.d.r.c.RepositoryConfigurationDelegate - Finished Spring Data repository scanning in 39 ms. Found 3 JPA repository interfaces.
2025-04-01 08:34:32.799 [restartedMain] INFO  o.s.b.w.e.tomcat.TomcatWebServer - Tomcat initialized with port 8080 (http)
2025-04-01 08:34:32.811 [restartedMain] INFO  o.a.coyote.http11.Http11NioProtocol - Initializing ProtocolHandler ["http-nio-8080"]
2025-04-01 08:34:32.812 [restartedMain] INFO  o.a.catalina.core.StandardService - Starting service [Tomcat]
2025-04-01 08:34:32.812 [restartedMain] INFO  o.a.catalina.core.StandardEngine - Starting Servlet engine: [Apache Tomcat/10.1.34]
2025-04-01 08:34:32.856 [restartedMain] INFO  o.a.c.c.C.[Tomcat].[localhost].[/] - Initializing Spring embedded WebApplicationContext
2025-04-01 08:34:32.856 [restartedMain] INFO  o.s.b.w.s.c.ServletWebServerApplicationContext - Root WebApplicationContext: initialization completed in 1280 ms
2025-04-01 08:34:33.212 [restartedMain] INFO  o.h.jpa.internal.util.LogHelper - HHH000204: Processing PersistenceUnitInfo [name: default]
2025-04-01 08:34:33.284 [restartedMain] INFO  org.hibernate.Version - HHH000412: Hibernate ORM core version 6.6.5.Final
2025-04-01 08:34:33.331 [restartedMain] INFO  o.h.c.i.RegionFactoryInitiator - HHH000026: Second-level cache disabled
2025-04-01 08:34:33.650 [restartedMain] INFO  o.s.o.j.p.SpringPersistenceUnitInfo - No LoadTimeWeaver setup: ignoring JPA class transformer
2025-04-01 08:34:33.697 [restartedMain] INFO  com.zaxxer.hikari.HikariDataSource - HikariPool-1 - Starting...
2025-04-01 08:34:33.899 [restartedMain] INFO  com.zaxxer.hikari.pool.HikariPool - HikariPool-1 - Added connection com.mysql.cj.jdbc.ConnectionImpl@140aa4ca
2025-04-01 08:34:33.900 [restartedMain] INFO  com.zaxxer.hikari.HikariDataSource - HikariPool-1 - Start completed.
2025-04-01 08:34:33.950 [restartedMain] WARN  org.hibernate.orm.deprecation - HHH90000025: MySQL8Dialect does not need to be specified explicitly using 'hibernate.dialect' (remove the property setting and it will be selected by default)
2025-04-01 08:34:33.951 [restartedMain] WARN  org.hibernate.orm.deprecation - HHH90000026: MySQL8Dialect has been deprecated; use org.hibernate.dialect.MySQLDialect instead
2025-04-01 08:34:33.972 [restartedMain] INFO  o.hibernate.orm.connections.pooling - HHH10001005: Database info:
	Database JDBC URL [Connecting through datasource 'HikariDataSource (HikariPool-1)']
	Database driver: undefined/unknown
	Database version: 8.0
	Autocommit mode: undefined/unknown
	Isolation level: undefined/unknown
	Minimum pool size: undefined/unknown
	Maximum pool size: undefined/unknown
2025-04-01 08:34:35.013 [restartedMain] INFO  o.h.e.t.j.p.i.JtaPlatformInitiator - HHH000489: No JTA platform available (set 'hibernate.transaction.jta.platform' to enable JTA platform integration)
2025-04-01 08:34:35.079 [restartedMain] INFO  o.s.o.j.LocalContainerEntityManagerFactoryBean - Initialized JPA EntityManagerFactory for persistence unit 'default'
2025-04-01 08:34:35.384 [restartedMain] INFO  o.s.d.j.r.query.QueryEnhancerFactory - Hibernate is in classpath; If applicable, HQL parser will be used.
2025-04-01 08:34:36.486 [restartedMain] WARN  o.s.b.a.o.j.JpaBaseConfiguration$JpaWebConfiguration - spring.jpa.open-in-view is enabled by default. Therefore, database queries may be performed during view rendering. Explicitly configure spring.jpa.open-in-view to disable this warning
2025-04-01 08:34:37.012 [restartedMain] INFO  o.s.b.d.a.OptionalLiveReloadServer - LiveReload server is running on port 35729
2025-04-01 08:34:37.031 [restartedMain] INFO  o.a.coyote.http11.Http11NioProtocol - Starting ProtocolHandler ["http-nio-8080"]
2025-04-01 08:34:37.045 [restartedMain] INFO  o.s.b.w.e.tomcat.TomcatWebServer - Tomcat started on port 8080 (http) with context path '/'
2025-04-01 08:34:37.052 [restartedMain] INFO  c.c.carsharing.CarsharingApplication - Started CarsharingApplication in 5.912 seconds (process running for 6.525)
2025-04-01 08:34:37.100 [http-nio-8080-exec-1] INFO  o.a.c.c.C.[Tomcat].[localhost].[/] - Initializing Spring DispatcherServlet 'dispatcherServlet'
2025-04-01 08:34:37.100 [http-nio-8080-exec-1] INFO  o.s.web.servlet.DispatcherServlet - Initializing Servlet 'dispatcherServlet'
2025-04-01 08:34:37.101 [http-nio-8080-exec-1] INFO  o.s.web.servlet.DispatcherServlet - Completed initialization in 1 ms
2025-04-01 08:34:37.274 [http-nio-8080-exec-1] ERROR c.c.c.e.GlobalExceptionHandler - Unexpected error: java.lang.ClassCastException: class com.carsharing.carsharing.model.Owner cannot be cast to class com.carsharing.carsharing.model.Renter (com.carsharing.carsharing.model.Owner and com.carsharing.carsharing.model.Renter are in unnamed module of loader org.springframework.boot.devtools.restart.classloader.RestartClassLoader @1312ba52)
	at com.carsharing.carsharing.service.BookingService.createBooking(BookingService.java:55)

2025-04-01 08:34:37.308 [http-nio-8080-exec-1] WARN  o.s.w.s.m.m.a.ExceptionHandlerExceptionResolver - Resolved [java.lang.ClassCastException: class com.carsharing.carsharing.model.Owner cannot be cast to class com.carsharing.carsharing.model.Renter (com.carsharing.carsharing.model.Owner and com.carsharing.carsharing.model.Renter are in unnamed module of loader org.springframework.boot.devtools.restart.classloader.RestartClassLoader @1312ba52)]
2025-04-01 08:34:41.609 [http-nio-8080-exec-2] ERROR c.c.c.e.GlobalExceptionHandler - Unexpected error: java.lang.ClassCastException: class com.carsharing.carsharing.model.Owner cannot be cast to class com.carsharing.carsharing.model.Renter (com.carsharing.carsharing.model.Owner and com.carsharing.carsharing.model.Renter are in unnamed module of loader org.springframework.boot.devtools.restart.classloader.RestartClassLoader @1312ba52)
	at com.carsharing.carsharing.service.BookingService.createBooking(BookingService.java:55)

2025-04-01 08:34:41.610 [http-nio-8080-exec-2] WARN  o.s.w.s.m.m.a.ExceptionHandlerExceptionResolver - Resolved [java.lang.ClassCastException: class com.carsharing.carsharing.model.Owner cannot be cast to class com.carsharing.carsharing.model.Renter (com.carsharing.carsharing.model.Owner and com.carsharing.carsharing.model.Renter are in unnamed module of loader org.springframework.boot.devtools.restart.classloader.RestartClassLoader @1312ba52)]
2025-04-01 08:36:11.217 [SpringApplicationShutdownHook] INFO  o.s.b.w.e.tomcat.GracefulShutdown - Commencing graceful shutdown. Waiting for active requests to complete
2025-04-01 08:36:11.233 [tomcat-shutdown] INFO  o.s.b.w.e.tomcat.GracefulShutdown - Graceful shutdown complete
2025-04-01 08:36:11.237 [SpringApplicationShutdownHook] INFO  o.s.o.j.LocalContainerEntityManagerFactoryBean - Closing JPA EntityManagerFactory for persistence unit 'default'
2025-04-01 08:36:11.242 [SpringApplicationShutdownHook] INFO  com.zaxxer.hikari.HikariDataSource - HikariPool-1 - Shutdown initiated...
2025-04-01 08:36:11.248 [SpringApplicationShutdownHook] INFO  com.zaxxer.hikari.HikariDataSource - HikariPool-1 - Shutdown completed.
2025-04-01 08:36:14.880 [background-preinit] INFO  o.h.validator.internal.util.Version - HV000001: Hibernate Validator 8.0.2.Final
2025-04-01 08:36:14.914 [restartedMain] INFO  c.c.carsharing.CarsharingApplication - Starting CarsharingApplication using Java 23.0.2 with PID 3288 (C:\PNAYAVU_sem2\Carsharing\target\classes started by topmo in C:\PNAYAVU_sem2\Carsharing)
2025-04-01 08:36:14.914 [restartedMain] INFO  c.c.carsharing.CarsharingApplication - No active profile set, falling back to 1 default profile: "default"
2025-04-01 08:36:14.956 [restartedMain] INFO  o.s.b.d.e.DevToolsPropertyDefaultsPostProcessor - Devtools property defaults active! Set 'spring.devtools.add-properties' to 'false' to disable
2025-04-01 08:36:14.957 [restartedMain] INFO  o.s.b.d.e.DevToolsPropertyDefaultsPostProcessor - For additional web related logging consider setting the 'logging.level.web' property to 'DEBUG'
2025-04-01 08:36:15.610 [restartedMain] INFO  o.s.d.r.c.RepositoryConfigurationDelegate - Bootstrapping Spring Data JPA repositories in DEFAULT mode.
2025-04-01 08:36:15.652 [restartedMain] INFO  o.s.d.r.c.RepositoryConfigurationDelegate - Finished Spring Data repository scanning in 35 ms. Found 3 JPA repository interfaces.
2025-04-01 08:36:16.157 [restartedMain] INFO  o.s.b.w.e.tomcat.TomcatWebServer - Tomcat initialized with port 8080 (http)
2025-04-01 08:36:16.166 [restartedMain] INFO  o.a.coyote.http11.Http11NioProtocol - Initializing ProtocolHandler ["http-nio-8080"]
2025-04-01 08:36:16.167 [restartedMain] INFO  o.a.catalina.core.StandardService - Starting service [Tomcat]
2025-04-01 08:36:16.167 [restartedMain] INFO  o.a.catalina.core.StandardEngine - Starting Servlet engine: [Apache Tomcat/10.1.34]
2025-04-01 08:36:16.202 [restartedMain] INFO  o.a.c.c.C.[Tomcat].[localhost].[/] - Initializing Spring embedded WebApplicationContext
2025-04-01 08:36:16.202 [restartedMain] INFO  o.s.b.w.s.c.ServletWebServerApplicationContext - Root WebApplicationContext: initialization completed in 1245 ms
2025-04-01 08:36:16.331 [restartedMain] INFO  o.h.jpa.internal.util.LogHelper - HHH000204: Processing PersistenceUnitInfo [name: default]
2025-04-01 08:36:16.373 [restartedMain] INFO  org.hibernate.Version - HHH000412: Hibernate ORM core version 6.6.5.Final
2025-04-01 08:36:16.400 [restartedMain] INFO  o.h.c.i.RegionFactoryInitiator - HHH000026: Second-level cache disabled
2025-04-01 08:36:16.599 [restartedMain] INFO  o.s.o.j.p.SpringPersistenceUnitInfo - No LoadTimeWeaver setup: ignoring JPA class transformer
2025-04-01 08:36:16.623 [restartedMain] INFO  com.zaxxer.hikari.HikariDataSource - HikariPool-1 - Starting...
2025-04-01 08:36:16.726 [restartedMain] INFO  com.zaxxer.hikari.pool.HikariPool - HikariPool-1 - Added connection com.mysql.cj.jdbc.ConnectionImpl@2d0c18b8
2025-04-01 08:36:16.728 [restartedMain] INFO  com.zaxxer.hikari.HikariDataSource - HikariPool-1 - Start completed.
2025-04-01 08:36:16.760 [restartedMain] WARN  org.hibernate.orm.deprecation - HHH90000025: MySQL8Dialect does not need to be specified explicitly using 'hibernate.dialect' (remove the property setting and it will be selected by default)
2025-04-01 08:36:16.761 [restartedMain] WARN  org.hibernate.orm.deprecation - HHH90000026: MySQL8Dialect has been deprecated; use org.hibernate.dialect.MySQLDialect instead
2025-04-01 08:36:16.774 [restartedMain] INFO  o.hibernate.orm.connections.pooling - HHH10001005: Database info:
	Database JDBC URL [Connecting through datasource 'HikariDataSource (HikariPool-1)']
	Database driver: undefined/unknown
	Database version: 8.0
	Autocommit mode: undefined/unknown
	Isolation level: undefined/unknown
	Minimum pool size: undefined/unknown
	Maximum pool size: undefined/unknown
2025-04-01 08:36:17.499 [restartedMain] INFO  o.h.e.t.j.p.i.JtaPlatformInitiator - HHH000489: No JTA platform available (set 'hibernate.transaction.jta.platform' to enable JTA platform integration)
2025-04-01 08:36:17.559 [restartedMain] INFO  o.s.o.j.LocalContainerEntityManagerFactoryBean - Initialized JPA EntityManagerFactory for persistence unit 'default'
2025-04-01 08:36:17.857 [restartedMain] INFO  o.s.d.j.r.query.QueryEnhancerFactory - Hibernate is in classpath; If applicable, HQL parser will be used.
2025-04-01 08:36:18.869 [restartedMain] WARN  o.s.b.a.o.j.JpaBaseConfiguration$JpaWebConfiguration - spring.jpa.open-in-view is enabled by default. Therefore, database queries may be performed during view rendering. Explicitly configure spring.jpa.open-in-view to disable this warning
2025-04-01 08:36:19.361 [restartedMain] INFO  o.s.b.d.a.OptionalLiveReloadServer - LiveReload server is running on port 35729
2025-04-01 08:36:19.388 [restartedMain] INFO  o.a.coyote.http11.Http11NioProtocol - Starting ProtocolHandler ["http-nio-8080"]
2025-04-01 08:36:19.405 [restartedMain] INFO  o.s.b.w.e.tomcat.TomcatWebServer - Tomcat started on port 8080 (http) with context path '/'
2025-04-01 08:36:19.414 [restartedMain] INFO  c.c.carsharing.CarsharingApplication - Started CarsharingApplication in 4.879 seconds (process running for 5.51)
2025-04-01 08:36:23.203 [http-nio-8080-exec-2] INFO  o.a.c.c.C.[Tomcat].[localhost].[/] - Initializing Spring DispatcherServlet 'dispatcherServlet'
2025-04-01 08:36:23.203 [http-nio-8080-exec-2] INFO  o.s.web.servlet.DispatcherServlet - Initializing Servlet 'dispatcherServlet'
2025-04-01 08:36:23.204 [http-nio-8080-exec-2] INFO  o.s.web.servlet.DispatcherServlet - Completed initialization in 1 ms
2025-04-01 08:36:23.347 [http-nio-8080-exec-2] ERROR c.c.c.e.GlobalExceptionHandler - Unexpected error: java.lang.ClassCastException: class com.carsharing.carsharing.model.Owner cannot be cast to class com.carsharing.carsharing.model.Renter (com.carsharing.carsharing.model.Owner and com.carsharing.carsharing.model.Renter are in unnamed module of loader org.springframework.boot.devtools.restart.classloader.RestartClassLoader @48cfcd00)
	at com.carsharing.carsharing.service.BookingService.createBooking(BookingService.java:52)

2025-04-01 08:36:23.372 [http-nio-8080-exec-2] WARN  o.s.w.s.m.m.a.ExceptionHandlerExceptionResolver - Resolved [java.lang.ClassCastException: class com.carsharing.carsharing.model.Owner cannot be cast to class com.carsharing.carsharing.model.Renter (com.carsharing.carsharing.model.Owner and com.carsharing.carsharing.model.Renter are in unnamed module of loader org.springframework.boot.devtools.restart.classloader.RestartClassLoader @48cfcd00)]
2025-04-01 08:36:27.989 [http-nio-8080-exec-4] ERROR c.c.c.e.GlobalExceptionHandler - Unexpected error: java.lang.ClassCastException: class com.carsharing.carsharing.model.Owner cannot be cast to class com.carsharing.carsharing.model.Renter (com.carsharing.carsharing.model.Owner and com.carsharing.carsharing.model.Renter are in unnamed module of loader org.springframework.boot.devtools.restart.classloader.RestartClassLoader @48cfcd00)
	at com.carsharing.carsharing.service.BookingService.createBooking(BookingService.java:52)

2025-04-01 08:36:27.990 [http-nio-8080-exec-4] WARN  o.s.w.s.m.m.a.ExceptionHandlerExceptionResolver - Resolved [java.lang.ClassCastException: class com.carsharing.carsharing.model.Owner cannot be cast to class com.carsharing.carsharing.model.Renter (com.carsharing.carsharing.model.Owner and com.carsharing.carsharing.model.Renter are in unnamed module of loader org.springframework.boot.devtools.restart.classloader.RestartClassLoader @48cfcd00)]
2025-04-01 08:39:35.140 [File Watcher] INFO  o.s.b.d.a.LocalDevToolsAutoConfiguration$RestartingClassPathChangeChangedEventListener - Restarting due to 1 class path change (0 additions, 1 deletion, 0 modifications)
2025-04-01 08:39:35.146 [Thread-5] INFO  o.s.b.w.e.tomcat.GracefulShutdown - Commencing graceful shutdown. Waiting for active requests to complete
2025-04-01 08:39:35.147 [tomcat-shutdown] INFO  o.a.coyote.http11.Http11NioProtocol - Pausing ProtocolHandler ["http-nio-8080"]
2025-04-01 08:39:35.163 [tomcat-shutdown] INFO  o.s.b.w.e.tomcat.GracefulShutdown - Graceful shutdown complete
2025-04-01 08:39:35.163 [Thread-5] INFO  o.a.coyote.http11.Http11NioProtocol - Stopping ProtocolHandler ["http-nio-8080"]
2025-04-01 08:39:35.167 [Thread-5] INFO  o.s.o.j.LocalContainerEntityManagerFactoryBean - Closing JPA EntityManagerFactory for persistence unit 'default'
2025-04-01 08:39:35.169 [Thread-5] INFO  com.zaxxer.hikari.HikariDataSource - HikariPool-1 - Shutdown initiated...
2025-04-01 08:39:35.178 [Thread-5] INFO  com.zaxxer.hikari.HikariDataSource - HikariPool-1 - Shutdown completed.
2025-04-01 08:39:35.266 [restartedMain] INFO  c.c.carsharing.CarsharingApplication - Starting CarsharingApplication using Java 23.0.2 with PID 3288 (C:\PNAYAVU_sem2\Carsharing\target\classes started by topmo in C:\PNAYAVU_sem2\Carsharing)
2025-04-01 08:39:35.266 [restartedMain] INFO  c.c.carsharing.CarsharingApplication - No active profile set, falling back to 1 default profile: "default"
2025-04-01 08:39:35.451 [restartedMain] INFO  o.s.d.r.c.RepositoryConfigurationDelegate - Bootstrapping Spring Data JPA repositories in DEFAULT mode.
2025-04-01 08:39:35.463 [restartedMain] INFO  o.s.d.r.c.RepositoryConfigurationDelegate - Finished Spring Data repository scanning in 12 ms. Found 3 JPA repository interfaces.
2025-04-01 08:39:35.593 [restartedMain] INFO  o.s.b.w.e.tomcat.TomcatWebServer - Tomcat initialized with port 8080 (http)
2025-04-01 08:39:35.593 [restartedMain] INFO  o.a.coyote.http11.Http11NioProtocol - Initializing ProtocolHandler ["http-nio-8080"]
2025-04-01 08:39:35.594 [restartedMain] INFO  o.a.catalina.core.StandardService - Starting service [Tomcat]
2025-04-01 08:39:35.594 [restartedMain] INFO  o.a.catalina.core.StandardEngine - Starting Servlet engine: [Apache Tomcat/10.1.34]
2025-04-01 08:39:35.609 [restartedMain] INFO  o.a.c.c.C.[Tomcat].[localhost].[/] - Initializing Spring embedded WebApplicationContext
2025-04-01 08:39:35.610 [restartedMain] INFO  o.s.b.w.s.c.ServletWebServerApplicationContext - Root WebApplicationContext: initialization completed in 342 ms
2025-04-01 08:39:35.671 [restartedMain] INFO  o.h.jpa.internal.util.LogHelper - HHH000204: Processing PersistenceUnitInfo [name: default]
2025-04-01 08:39:35.673 [restartedMain] INFO  o.h.c.i.RegionFactoryInitiator - HHH000026: Second-level cache disabled
2025-04-01 08:39:35.679 [restartedMain] INFO  o.s.o.j.p.SpringPersistenceUnitInfo - No LoadTimeWeaver setup: ignoring JPA class transformer
2025-04-01 08:39:35.680 [restartedMain] INFO  com.zaxxer.hikari.HikariDataSource - HikariPool-2 - Starting...
2025-04-01 08:39:35.682 [restartedMain] INFO  com.zaxxer.hikari.pool.HikariPool - HikariPool-2 - Added connection com.mysql.cj.jdbc.ConnectionImpl@59a45d7f
2025-04-01 08:39:35.683 [restartedMain] INFO  com.zaxxer.hikari.HikariDataSource - HikariPool-2 - Start completed.
2025-04-01 08:39:35.683 [restartedMain] WARN  org.hibernate.orm.deprecation - HHH90000025: MySQL8Dialect does not need to be specified explicitly using 'hibernate.dialect' (remove the property setting and it will be selected by default)
2025-04-01 08:39:35.683 [restartedMain] WARN  org.hibernate.orm.deprecation - HHH90000026: MySQL8Dialect has been deprecated; use org.hibernate.dialect.MySQLDialect instead
2025-04-01 08:39:35.683 [restartedMain] INFO  o.hibernate.orm.connections.pooling - HHH10001005: Database info:
	Database JDBC URL [Connecting through datasource 'HikariDataSource (HikariPool-2)']
	Database driver: undefined/unknown
	Database version: 8.0
	Autocommit mode: undefined/unknown
	Isolation level: undefined/unknown
	Minimum pool size: undefined/unknown
	Maximum pool size: undefined/unknown
2025-04-01 08:39:35.787 [restartedMain] INFO  o.h.e.t.j.p.i.JtaPlatformInitiator - HHH000489: No JTA platform available (set 'hibernate.transaction.jta.platform' to enable JTA platform integration)
2025-04-01 08:39:35.814 [restartedMain] INFO  o.s.o.j.LocalContainerEntityManagerFactoryBean - Initialized JPA EntityManagerFactory for persistence unit 'default'
2025-04-01 08:39:35.831 [restartedMain] WARN  o.s.b.w.s.c.AnnotationConfigServletWebServerApplicationContext - Exception encountered during context initialization - cancelling refresh attempt: org.springframework.beans.factory.BeanCreationException: Error creating bean with name 'bookingController': Resolution of declared constructors on bean Class [com.carsharing.carsharing.controller.BookingController] from ClassLoader [org.springframework.boot.devtools.restart.classloader.RestartClassLoader@4f3c24d1] failed
2025-04-01 08:39:35.831 [restartedMain] INFO  o.s.o.j.LocalContainerEntityManagerFactoryBean - Closing JPA EntityManagerFactory for persistence unit 'default'
2025-04-01 08:39:35.831 [restartedMain] INFO  com.zaxxer.hikari.HikariDataSource - HikariPool-2 - Shutdown initiated...
2025-04-01 08:39:35.835 [restartedMain] INFO  com.zaxxer.hikari.HikariDataSource - HikariPool-2 - Shutdown completed.
2025-04-01 08:39:35.835 [restartedMain] INFO  o.a.catalina.core.StandardService - Stopping service [Tomcat]
2025-04-01 08:39:35.839 [restartedMain] INFO  o.s.b.a.l.ConditionEvaluationReportLogger - 

Error starting ApplicationContext. To display the condition evaluation report re-run your application with 'debug' enabled.
2025-04-01 08:39:35.856 [restartedMain] ERROR o.s.boot.SpringApplication - Application run failedorg.springframework.beans.factory.BeanCreationException: Error creating bean with name 'bookingController': Resolution of declared constructors on bean Class [com.carsharing.carsharing.controller.BookingController] from ClassLoader [org.springframework.boot.devtools.restart.classloader.RestartClassLoader@4f3c24d1] failed
	at org.springframework.beans.factory.annotation.AutowiredAnnotationBeanPostProcessor.determineCandidateConstructors(AutowiredAnnotationBeanPostProcessor.java:384)
Caused by: java.lang.NoClassDefFoundError: com/carsharing/carsharing/service/BookingService
	at java.base/java.lang.Class.getDeclaredConstructors0(Native Method)
Caused by: java.lang.ClassNotFoundException: com.carsharing.carsharing.service.BookingService
	at java.base/jdk.internal.loader.BuiltinClassLoader.loadClass(BuiltinClassLoader.java:641)

2025-04-01 08:39:52.209 [background-preinit] INFO  o.h.validator.internal.util.Version - HV000001: Hibernate Validator 8.0.2.Final
2025-04-01 08:39:52.242 [restartedMain] INFO  c.c.carsharing.CarsharingApplication - Starting CarsharingApplication using Java 23.0.2 with PID 10040 (C:\PNAYAVU_sem2\Carsharing\target\classes started by topmo in C:\PNAYAVU_sem2\Carsharing)
2025-04-01 08:39:52.243 [restartedMain] INFO  c.c.carsharing.CarsharingApplication - No active profile set, falling back to 1 default profile: "default"
2025-04-01 08:39:52.285 [restartedMain] INFO  o.s.b.d.e.DevToolsPropertyDefaultsPostProcessor - Devtools property defaults active! Set 'spring.devtools.add-properties' to 'false' to disable
2025-04-01 08:39:52.285 [restartedMain] INFO  o.s.b.d.e.DevToolsPropertyDefaultsPostProcessor - For additional web related logging consider setting the 'logging.level.web' property to 'DEBUG'
2025-04-01 08:39:52.904 [restartedMain] INFO  o.s.d.r.c.RepositoryConfigurationDelegate - Bootstrapping Spring Data JPA repositories in DEFAULT mode.
2025-04-01 08:39:52.952 [restartedMain] INFO  o.s.d.r.c.RepositoryConfigurationDelegate - Finished Spring Data repository scanning in 41 ms. Found 3 JPA repository interfaces.
2025-04-01 08:39:53.480 [restartedMain] INFO  o.s.b.w.e.tomcat.TomcatWebServer - Tomcat initialized with port 8080 (http)
2025-04-01 08:39:53.491 [restartedMain] INFO  o.a.coyote.http11.Http11NioProtocol - Initializing ProtocolHandler ["http-nio-8080"]
2025-04-01 08:39:53.492 [restartedMain] INFO  o.a.catalina.core.StandardService - Starting service [Tomcat]
2025-04-01 08:39:53.492 [restartedMain] INFO  o.a.catalina.core.StandardEngine - Starting Servlet engine: [Apache Tomcat/10.1.34]
2025-04-01 08:39:53.526 [restartedMain] INFO  o.a.c.c.C.[Tomcat].[localhost].[/] - Initializing Spring embedded WebApplicationContext
2025-04-01 08:39:53.527 [restartedMain] INFO  o.s.b.w.s.c.ServletWebServerApplicationContext - Root WebApplicationContext: initialization completed in 1241 ms
2025-04-01 08:39:53.652 [restartedMain] INFO  o.h.jpa.internal.util.LogHelper - HHH000204: Processing PersistenceUnitInfo [name: default]
2025-04-01 08:39:53.690 [restartedMain] INFO  org.hibernate.Version - HHH000412: Hibernate ORM core version 6.6.5.Final
2025-04-01 08:39:53.715 [restartedMain] INFO  o.h.c.i.RegionFactoryInitiator - HHH000026: Second-level cache disabled
2025-04-01 08:39:53.961 [restartedMain] INFO  o.s.o.j.p.SpringPersistenceUnitInfo - No LoadTimeWeaver setup: ignoring JPA class transformer
2025-04-01 08:39:53.983 [restartedMain] INFO  com.zaxxer.hikari.HikariDataSource - HikariPool-1 - Starting...
2025-04-01 08:39:54.079 [restartedMain] INFO  com.zaxxer.hikari.pool.HikariPool - HikariPool-1 - Added connection com.mysql.cj.jdbc.ConnectionImpl@44dd2e78
2025-04-01 08:39:54.080 [restartedMain] INFO  com.zaxxer.hikari.HikariDataSource - HikariPool-1 - Start completed.
2025-04-01 08:39:54.110 [restartedMain] WARN  org.hibernate.orm.deprecation - HHH90000025: MySQL8Dialect does not need to be specified explicitly using 'hibernate.dialect' (remove the property setting and it will be selected by default)
2025-04-01 08:39:54.111 [restartedMain] WARN  org.hibernate.orm.deprecation - HHH90000026: MySQL8Dialect has been deprecated; use org.hibernate.dialect.MySQLDialect instead
2025-04-01 08:39:54.123 [restartedMain] INFO  o.hibernate.orm.connections.pooling - HHH10001005: Database info:
	Database JDBC URL [Connecting through datasource 'HikariDataSource (HikariPool-1)']
	Database driver: undefined/unknown
	Database version: 8.0
	Autocommit mode: undefined/unknown
	Isolation level: undefined/unknown
	Minimum pool size: undefined/unknown
	Maximum pool size: undefined/unknown
2025-04-01 08:39:54.855 [restartedMain] INFO  o.h.e.t.j.p.i.JtaPlatformInitiator - HHH000489: No JTA platform available (set 'hibernate.transaction.jta.platform' to enable JTA platform integration)
2025-04-01 08:39:54.919 [restartedMain] INFO  o.s.o.j.LocalContainerEntityManagerFactoryBean - Initialized JPA EntityManagerFactory for persistence unit 'default'
2025-04-01 08:39:55.203 [restartedMain] INFO  o.s.d.j.r.query.QueryEnhancerFactory - Hibernate is in classpath; If applicable, HQL parser will be used.
2025-04-01 08:39:56.371 [restartedMain] WARN  o.s.b.a.o.j.JpaBaseConfiguration$JpaWebConfiguration - spring.jpa.open-in-view is enabled by default. Therefore, database queries may be performed during view rendering. Explicitly configure spring.jpa.open-in-view to disable this warning
2025-04-01 08:39:56.922 [restartedMain] INFO  o.s.b.d.a.OptionalLiveReloadServer - LiveReload server is running on port 35729
2025-04-01 08:39:56.941 [restartedMain] INFO  o.a.coyote.http11.Http11NioProtocol - Starting ProtocolHandler ["http-nio-8080"]
2025-04-01 08:39:56.956 [restartedMain] INFO  o.s.b.w.e.tomcat.TomcatWebServer - Tomcat started on port 8080 (http) with context path '/'
2025-04-01 08:39:56.963 [restartedMain] INFO  c.c.carsharing.CarsharingApplication - Started CarsharingApplication in 5.104 seconds (process running for 5.639)
2025-04-01 08:39:59.451 [http-nio-8080-exec-2] INFO  o.a.c.c.C.[Tomcat].[localhost].[/] - Initializing Spring DispatcherServlet 'dispatcherServlet'
2025-04-01 08:39:59.451 [http-nio-8080-exec-2] INFO  o.s.web.servlet.DispatcherServlet - Initializing Servlet 'dispatcherServlet'
2025-04-01 08:39:59.452 [http-nio-8080-exec-2] INFO  o.s.web.servlet.DispatcherServlet - Completed initialization in 1 ms
2025-04-01 08:39:59.591 [http-nio-8080-exec-2] ERROR c.c.c.e.GlobalExceptionHandler - Unexpected error: java.lang.ClassCastException: class com.carsharing.carsharing.model.Owner cannot be cast to class com.carsharing.carsharing.model.Renter (com.carsharing.carsharing.model.Owner and com.carsharing.carsharing.model.Renter are in unnamed module of loader org.springframework.boot.devtools.restart.classloader.RestartClassLoader @40a6f857)
	at com.carsharing.carsharing.service.BookingService.createBooking(BookingService.java:55)

2025-04-01 08:39:59.614 [http-nio-8080-exec-2] WARN  o.s.w.s.m.m.a.ExceptionHandlerExceptionResolver - Resolved [java.lang.ClassCastException: class com.carsharing.carsharing.model.Owner cannot be cast to class com.carsharing.carsharing.model.Renter (com.carsharing.carsharing.model.Owner and com.carsharing.carsharing.model.Renter are in unnamed module of loader org.springframework.boot.devtools.restart.classloader.RestartClassLoader @40a6f857)]
2025-04-01 08:44:12.692 [File Watcher] INFO  o.s.b.d.a.LocalDevToolsAutoConfiguration$RestartingClassPathChangeChangedEventListener - Restarting due to 1 class path change (0 additions, 1 deletion, 0 modifications)
2025-04-01 08:44:12.695 [Thread-5] INFO  o.s.b.w.e.tomcat.GracefulShutdown - Commencing graceful shutdown. Waiting for active requests to complete
2025-04-01 08:44:12.696 [tomcat-shutdown] INFO  o.a.coyote.http11.Http11NioProtocol - Pausing ProtocolHandler ["http-nio-8080"]
2025-04-01 08:44:12.713 [tomcat-shutdown] INFO  o.s.b.w.e.tomcat.GracefulShutdown - Graceful shutdown complete
2025-04-01 08:44:12.713 [Thread-5] INFO  o.a.coyote.http11.Http11NioProtocol - Stopping ProtocolHandler ["http-nio-8080"]
2025-04-01 08:44:12.718 [Thread-5] INFO  o.s.o.j.LocalContainerEntityManagerFactoryBean - Closing JPA EntityManagerFactory for persistence unit 'default'
2025-04-01 08:44:12.722 [Thread-5] INFO  com.zaxxer.hikari.HikariDataSource - HikariPool-1 - Shutdown initiated...
2025-04-01 08:44:12.731 [Thread-5] INFO  com.zaxxer.hikari.HikariDataSource - HikariPool-1 - Shutdown completed.
2025-04-01 08:44:12.830 [restartedMain] INFO  c.c.carsharing.CarsharingApplication - Starting CarsharingApplication using Java 23.0.2 with PID 10040 (C:\PNAYAVU_sem2\Carsharing\target\classes started by topmo in C:\PNAYAVU_sem2\Carsharing)
2025-04-01 08:44:12.831 [restartedMain] INFO  c.c.carsharing.CarsharingApplication - No active profile set, falling back to 1 default profile: "default"
2025-04-01 08:44:13.057 [restartedMain] INFO  o.s.d.r.c.RepositoryConfigurationDelegate - Bootstrapping Spring Data JPA repositories in DEFAULT mode.
2025-04-01 08:44:13.080 [restartedMain] INFO  o.s.d.r.c.RepositoryConfigurationDelegate - Finished Spring Data repository scanning in 22 ms. Found 3 JPA repository interfaces.
2025-04-01 08:44:13.218 [restartedMain] INFO  o.s.b.w.e.tomcat.TomcatWebServer - Tomcat initialized with port 8080 (http)
2025-04-01 08:44:13.219 [restartedMain] INFO  o.a.coyote.http11.Http11NioProtocol - Initializing ProtocolHandler ["http-nio-8080"]
2025-04-01 08:44:13.219 [restartedMain] INFO  o.a.catalina.core.StandardService - Starting service [Tomcat]
2025-04-01 08:44:13.219 [restartedMain] INFO  o.a.catalina.core.StandardEngine - Starting Servlet engine: [Apache Tomcat/10.1.34]
2025-04-01 08:44:13.233 [restartedMain] INFO  o.a.c.c.C.[Tomcat].[localhost].[/] - Initializing Spring embedded WebApplicationContext
2025-04-01 08:44:13.234 [restartedMain] INFO  o.s.b.w.s.c.ServletWebServerApplicationContext - Root WebApplicationContext: initialization completed in 401 ms
2025-04-01 08:44:13.303 [restartedMain] INFO  o.h.jpa.internal.util.LogHelper - HHH000204: Processing PersistenceUnitInfo [name: default]
2025-04-01 08:44:13.305 [restartedMain] INFO  o.h.c.i.RegionFactoryInitiator - HHH000026: Second-level cache disabled
2025-04-01 08:44:13.312 [restartedMain] INFO  o.s.o.j.p.SpringPersistenceUnitInfo - No LoadTimeWeaver setup: ignoring JPA class transformer
2025-04-01 08:44:13.313 [restartedMain] INFO  com.zaxxer.hikari.HikariDataSource - HikariPool-2 - Starting...
2025-04-01 08:44:13.316 [restartedMain] INFO  com.zaxxer.hikari.pool.HikariPool - HikariPool-2 - Added connection com.mysql.cj.jdbc.ConnectionImpl@5475463e
2025-04-01 08:44:13.317 [restartedMain] INFO  com.zaxxer.hikari.HikariDataSource - HikariPool-2 - Start completed.
2025-04-01 08:44:13.317 [restartedMain] WARN  org.hibernate.orm.deprecation - HHH90000025: MySQL8Dialect does not need to be specified explicitly using 'hibernate.dialect' (remove the property setting and it will be selected by default)
2025-04-01 08:44:13.318 [restartedMain] WARN  org.hibernate.orm.deprecation - HHH90000026: MySQL8Dialect has been deprecated; use org.hibernate.dialect.MySQLDialect instead
2025-04-01 08:44:13.318 [restartedMain] INFO  o.hibernate.orm.connections.pooling - HHH10001005: Database info:
	Database JDBC URL [Connecting through datasource 'HikariDataSource (HikariPool-2)']
	Database driver: undefined/unknown
	Database version: 8.0
	Autocommit mode: undefined/unknown
	Isolation level: undefined/unknown
	Minimum pool size: undefined/unknown
	Maximum pool size: undefined/unknown
2025-04-01 08:44:13.389 [restartedMain] INFO  o.h.e.t.j.p.i.JtaPlatformInitiator - HHH000489: No JTA platform available (set 'hibernate.transaction.jta.platform' to enable JTA platform integration)
2025-04-01 08:44:13.415 [restartedMain] INFO  o.s.o.j.LocalContainerEntityManagerFactoryBean - Initialized JPA EntityManagerFactory for persistence unit 'default'
2025-04-01 08:44:13.429 [restartedMain] WARN  o.s.b.w.s.c.AnnotationConfigServletWebServerApplicationContext - Exception encountered during context initialization - cancelling refresh attempt: org.springframework.beans.factory.UnsatisfiedDependencyException: Error creating bean with name 'bookingController' defined in file [C:\PNAYAVU_sem2\Carsharing\target\classes\com\carsharing\carsharing\controller\BookingController.class]: Unsatisfied dependency expressed through constructor parameter 0: No qualifying bean of type 'com.carsharing.carsharing.service.BookingService' available: expected at least 1 bean which qualifies as autowire candidate. Dependency annotations: {}
2025-04-01 08:44:13.429 [restartedMain] INFO  o.s.o.j.LocalContainerEntityManagerFactoryBean - Closing JPA EntityManagerFactory for persistence unit 'default'
2025-04-01 08:44:13.429 [restartedMain] INFO  com.zaxxer.hikari.HikariDataSource - HikariPool-2 - Shutdown initiated...
2025-04-01 08:44:13.471 [restartedMain] INFO  com.zaxxer.hikari.HikariDataSource - HikariPool-2 - Shutdown completed.
2025-04-01 08:44:13.472 [restartedMain] INFO  o.a.catalina.core.StandardService - Stopping service [Tomcat]
2025-04-01 08:44:13.476 [restartedMain] INFO  o.s.b.a.l.ConditionEvaluationReportLogger - 

Error starting ApplicationContext. To display the condition evaluation report re-run your application with 'debug' enabled.
2025-04-01 08:44:13.495 [restartedMain] ERROR o.s.b.d.LoggingFailureAnalysisReporter - 

***************************
APPLICATION FAILED TO START
***************************

Description:

Parameter 0 of constructor in com.carsharing.carsharing.controller.BookingController required a bean of type 'com.carsharing.carsharing.service.BookingService' that could not be found.


Action:

Consider defining a bean of type 'com.carsharing.carsharing.service.BookingService' in your configuration.

2025-04-01 08:44:14.935 [restartedMain] INFO  c.c.carsharing.CarsharingApplication - Starting CarsharingApplication using Java 23.0.2 with PID 10040 (C:\PNAYAVU_sem2\Carsharing\target\classes started by topmo in C:\PNAYAVU_sem2\Carsharing)
2025-04-01 08:44:14.935 [restartedMain] INFO  c.c.carsharing.CarsharingApplication - No active profile set, falling back to 1 default profile: "default"
2025-04-01 08:44:15.054 [restartedMain] INFO  o.s.d.r.c.RepositoryConfigurationDelegate - Bootstrapping Spring Data JPA repositories in DEFAULT mode.
2025-04-01 08:44:15.062 [restartedMain] INFO  o.s.d.r.c.RepositoryConfigurationDelegate - Finished Spring Data repository scanning in 7 ms. Found 3 JPA repository interfaces.
2025-04-01 08:44:15.157 [restartedMain] INFO  o.s.b.w.e.tomcat.TomcatWebServer - Tomcat initialized with port 8080 (http)
2025-04-01 08:44:15.158 [restartedMain] INFO  o.a.coyote.http11.Http11NioProtocol - Initializing ProtocolHandler ["http-nio-8080"]
2025-04-01 08:44:15.159 [restartedMain] INFO  o.a.catalina.core.StandardService - Starting service [Tomcat]
2025-04-01 08:44:15.159 [restartedMain] INFO  o.a.catalina.core.StandardEngine - Starting Servlet engine: [Apache Tomcat/10.1.34]
2025-04-01 08:44:15.175 [restartedMain] INFO  o.a.c.c.C.[Tomcat-1].[localhost].[/] - Initializing Spring embedded WebApplicationContext
2025-04-01 08:44:15.176 [restartedMain] INFO  o.s.b.w.s.c.ServletWebServerApplicationContext - Root WebApplicationContext: initialization completed in 240 ms
2025-04-01 08:44:15.212 [restartedMain] INFO  o.h.jpa.internal.util.LogHelper - HHH000204: Processing PersistenceUnitInfo [name: default]
2025-04-01 08:44:15.214 [restartedMain] INFO  o.h.c.i.RegionFactoryInitiator - HHH000026: Second-level cache disabled
2025-04-01 08:44:15.221 [restartedMain] INFO  o.s.o.j.p.SpringPersistenceUnitInfo - No LoadTimeWeaver setup: ignoring JPA class transformer
2025-04-01 08:44:15.222 [restartedMain] INFO  com.zaxxer.hikari.HikariDataSource - HikariPool-3 - Starting...
2025-04-01 08:44:15.226 [restartedMain] INFO  com.zaxxer.hikari.pool.HikariPool - HikariPool-3 - Added connection com.mysql.cj.jdbc.ConnectionImpl@364cd6e3
2025-04-01 08:44:15.226 [restartedMain] INFO  com.zaxxer.hikari.HikariDataSource - HikariPool-3 - Start completed.
2025-04-01 08:44:15.226 [restartedMain] WARN  org.hibernate.orm.deprecation - HHH90000025: MySQL8Dialect does not need to be specified explicitly using 'hibernate.dialect' (remove the property setting and it will be selected by default)
2025-04-01 08:44:15.226 [restartedMain] WARN  org.hibernate.orm.deprecation - HHH90000026: MySQL8Dialect has been deprecated; use org.hibernate.dialect.MySQLDialect instead
2025-04-01 08:44:15.226 [restartedMain] INFO  o.hibernate.orm.connections.pooling - HHH10001005: Database info:
	Database JDBC URL [Connecting through datasource 'HikariDataSource (HikariPool-3)']
	Database driver: undefined/unknown
	Database version: 8.0
	Autocommit mode: undefined/unknown
	Isolation level: undefined/unknown
	Minimum pool size: undefined/unknown
	Maximum pool size: undefined/unknown
2025-04-01 08:44:15.294 [restartedMain] INFO  o.h.e.t.j.p.i.JtaPlatformInitiator - HHH000489: No JTA platform available (set 'hibernate.transaction.jta.platform' to enable JTA platform integration)
2025-04-01 08:44:15.322 [restartedMain] INFO  o.s.o.j.LocalContainerEntityManagerFactoryBean - Initialized JPA EntityManagerFactory for persistence unit 'default'
2025-04-01 08:44:15.573 [restartedMain] WARN  o.s.b.a.o.j.JpaBaseConfiguration$JpaWebConfiguration - spring.jpa.open-in-view is enabled by default. Therefore, database queries may be performed during view rendering. Explicitly configure spring.jpa.open-in-view to disable this warning
2025-04-01 08:44:15.847 [restartedMain] INFO  o.s.b.d.a.OptionalLiveReloadServer - LiveReload server is running on port 35729
2025-04-01 08:44:15.857 [restartedMain] INFO  o.a.coyote.http11.Http11NioProtocol - Starting ProtocolHandler ["http-nio-8080"]
2025-04-01 08:44:15.859 [restartedMain] INFO  o.s.b.w.e.tomcat.TomcatWebServer - Tomcat started on port 8080 (http) with context path '/'
2025-04-01 08:44:15.863 [restartedMain] INFO  c.c.carsharing.CarsharingApplication - Started CarsharingApplication in 0.947 seconds (process running for 264.539)
2025-04-01 08:44:15.865 [restartedMain] INFO  o.s.b.d.a.ConditionEvaluationDeltaLoggingListener - Condition evaluation unchanged
2025-04-01 08:44:30.507 [File Watcher] INFO  o.s.b.d.a.LocalDevToolsAutoConfiguration$RestartingClassPathChangeChangedEventListener - Restarting due to 1 class path change (0 additions, 1 deletion, 0 modifications)
2025-04-01 08:44:30.509 [Thread-7] INFO  o.s.b.w.e.tomcat.GracefulShutdown - Commencing graceful shutdown. Waiting for active requests to complete
2025-04-01 08:44:30.509 [tomcat-shutdown] INFO  o.a.coyote.http11.Http11NioProtocol - Pausing ProtocolHandler ["http-nio-8080"]
2025-04-01 08:44:30.524 [tomcat-shutdown] INFO  o.s.b.w.e.tomcat.GracefulShutdown - Graceful shutdown complete
2025-04-01 08:44:30.525 [Thread-7] INFO  o.a.coyote.http11.Http11NioProtocol - Stopping ProtocolHandler ["http-nio-8080"]
2025-04-01 08:44:30.526 [Thread-7] INFO  o.s.o.j.LocalContainerEntityManagerFactoryBean - Closing JPA EntityManagerFactory for persistence unit 'default'
2025-04-01 08:44:30.527 [Thread-7] INFO  com.zaxxer.hikari.HikariDataSource - HikariPool-3 - Shutdown initiated...
2025-04-01 08:44:30.528 [Thread-7] INFO  com.zaxxer.hikari.HikariDataSource - HikariPool-3 - Shutdown completed.
2025-04-01 08:44:30.601 [restartedMain] INFO  c.c.carsharing.CarsharingApplication - Starting CarsharingApplication using Java 23.0.2 with PID 10040 (C:\PNAYAVU_sem2\Carsharing\target\classes started by topmo in C:\PNAYAVU_sem2\Carsharing)
2025-04-01 08:44:30.601 [restartedMain] INFO  c.c.carsharing.CarsharingApplication - No active profile set, falling back to 1 default profile: "default"
2025-04-01 08:44:30.790 [restartedMain] INFO  o.s.d.r.c.RepositoryConfigurationDelegate - Bootstrapping Spring Data JPA repositories in DEFAULT mode.
2025-04-01 08:44:30.804 [restartedMain] INFO  o.s.d.r.c.RepositoryConfigurationDelegate - Finished Spring Data repository scanning in 12 ms. Found 3 JPA repository interfaces.
2025-04-01 08:44:30.904 [restartedMain] INFO  o.s.b.w.e.tomcat.TomcatWebServer - Tomcat initialized with port 8080 (http)
2025-04-01 08:44:30.905 [restartedMain] INFO  o.a.coyote.http11.Http11NioProtocol - Initializing ProtocolHandler ["http-nio-8080"]
2025-04-01 08:44:30.905 [restartedMain] INFO  o.a.catalina.core.StandardService - Starting service [Tomcat]
2025-04-01 08:44:30.905 [restartedMain] INFO  o.a.catalina.core.StandardEngine - Starting Servlet engine: [Apache Tomcat/10.1.34]
2025-04-01 08:44:30.915 [restartedMain] INFO  o.a.c.c.C.[Tomcat-1].[localhost].[/] - Initializing Spring embedded WebApplicationContext
2025-04-01 08:44:30.916 [restartedMain] INFO  o.s.b.w.s.c.ServletWebServerApplicationContext - Root WebApplicationContext: initialization completed in 314 ms
2025-04-01 08:44:30.955 [restartedMain] INFO  o.h.jpa.internal.util.LogHelper - HHH000204: Processing PersistenceUnitInfo [name: default]
2025-04-01 08:44:30.957 [restartedMain] INFO  o.h.c.i.RegionFactoryInitiator - HHH000026: Second-level cache disabled
2025-04-01 08:44:30.963 [restartedMain] INFO  o.s.o.j.p.SpringPersistenceUnitInfo - No LoadTimeWeaver setup: ignoring JPA class transformer
2025-04-01 08:44:30.963 [restartedMain] INFO  com.zaxxer.hikari.HikariDataSource - HikariPool-4 - Starting...
2025-04-01 08:44:30.966 [restartedMain] INFO  com.zaxxer.hikari.pool.HikariPool - HikariPool-4 - Added connection com.mysql.cj.jdbc.ConnectionImpl@40f96070
2025-04-01 08:44:30.966 [restartedMain] INFO  com.zaxxer.hikari.HikariDataSource - HikariPool-4 - Start completed.
2025-04-01 08:44:30.966 [restartedMain] WARN  org.hibernate.orm.deprecation - HHH90000025: MySQL8Dialect does not need to be specified explicitly using 'hibernate.dialect' (remove the property setting and it will be selected by default)
2025-04-01 08:44:30.966 [restartedMain] WARN  org.hibernate.orm.deprecation - HHH90000026: MySQL8Dialect has been deprecated; use org.hibernate.dialect.MySQLDialect instead
2025-04-01 08:44:30.967 [restartedMain] INFO  o.hibernate.orm.connections.pooling - HHH10001005: Database info:
	Database JDBC URL [Connecting through datasource 'HikariDataSource (HikariPool-4)']
	Database driver: undefined/unknown
	Database version: 8.0
	Autocommit mode: undefined/unknown
	Isolation level: undefined/unknown
	Minimum pool size: undefined/unknown
	Maximum pool size: undefined/unknown
2025-04-01 08:44:31.044 [restartedMain] INFO  o.h.e.t.j.p.i.JtaPlatformInitiator - HHH000489: No JTA platform available (set 'hibernate.transaction.jta.platform' to enable JTA platform integration)
2025-04-01 08:44:31.074 [restartedMain] INFO  o.s.o.j.LocalContainerEntityManagerFactoryBean - Initialized JPA EntityManagerFactory for persistence unit 'default'
2025-04-01 08:44:31.321 [restartedMain] WARN  o.s.b.a.o.j.JpaBaseConfiguration$JpaWebConfiguration - spring.jpa.open-in-view is enabled by default. Therefore, database queries may be performed during view rendering. Explicitly configure spring.jpa.open-in-view to disable this warning
2025-04-01 08:44:31.551 [restartedMain] INFO  o.s.b.d.a.OptionalLiveReloadServer - LiveReload server is running on port 35729
2025-04-01 08:44:31.560 [restartedMain] INFO  o.a.coyote.http11.Http11NioProtocol - Starting ProtocolHandler ["http-nio-8080"]
2025-04-01 08:44:31.562 [restartedMain] INFO  o.s.b.w.e.tomcat.TomcatWebServer - Tomcat started on port 8080 (http) with context path '/'
2025-04-01 08:44:31.566 [restartedMain] INFO  c.c.carsharing.CarsharingApplication - Started CarsharingApplication in 0.99 seconds (process running for 280.242)
2025-04-01 08:44:31.567 [restartedMain] INFO  o.s.b.d.a.ConditionEvaluationDeltaLoggingListener - Condition evaluation unchanged
2025-04-01 08:44:32.976 [File Watcher] INFO  o.s.b.d.a.LocalDevToolsAutoConfiguration$RestartingClassPathChangeChangedEventListener - Restarting due to 1 class path change (1 addition, 0 deletions, 0 modifications)
2025-04-01 08:44:32.977 [Thread-14] INFO  o.s.b.w.e.tomcat.GracefulShutdown - Commencing graceful shutdown. Waiting for active requests to complete
2025-04-01 08:44:32.977 [tomcat-shutdown] INFO  o.a.coyote.http11.Http11NioProtocol - Pausing ProtocolHandler ["http-nio-8080"]
2025-04-01 08:44:32.990 [tomcat-shutdown] INFO  o.s.b.w.e.tomcat.GracefulShutdown - Graceful shutdown complete
2025-04-01 08:44:32.990 [Thread-14] INFO  o.a.coyote.http11.Http11NioProtocol - Stopping ProtocolHandler ["http-nio-8080"]
2025-04-01 08:44:32.991 [Thread-14] INFO  o.s.o.j.LocalContainerEntityManagerFactoryBean - Closing JPA EntityManagerFactory for persistence unit 'default'
2025-04-01 08:44:32.991 [Thread-14] INFO  com.zaxxer.hikari.HikariDataSource - HikariPool-4 - Shutdown initiated...
2025-04-01 08:44:32.993 [Thread-14] INFO  com.zaxxer.hikari.HikariDataSource - HikariPool-4 - Shutdown completed.
2025-04-01 08:44:33.047 [restartedMain] INFO  c.c.carsharing.CarsharingApplication - Starting CarsharingApplication using Java 23.0.2 with PID 10040 (C:\PNAYAVU_sem2\Carsharing\target\classes started by topmo in C:\PNAYAVU_sem2\Carsharing)
2025-04-01 08:44:33.048 [restartedMain] INFO  c.c.carsharing.CarsharingApplication - No active profile set, falling back to 1 default profile: "default"
2025-04-01 08:44:33.157 [restartedMain] INFO  o.s.d.r.c.RepositoryConfigurationDelegate - Bootstrapping Spring Data JPA repositories in DEFAULT mode.
2025-04-01 08:44:33.164 [restartedMain] INFO  o.s.d.r.c.RepositoryConfigurationDelegate - Finished Spring Data repository scanning in 6 ms. Found 3 JPA repository interfaces.
2025-04-01 08:44:33.248 [restartedMain] INFO  o.s.b.w.e.tomcat.TomcatWebServer - Tomcat initialized with port 8080 (http)
2025-04-01 08:44:33.248 [restartedMain] INFO  o.a.coyote.http11.Http11NioProtocol - Initializing ProtocolHandler ["http-nio-8080"]
2025-04-01 08:44:33.248 [restartedMain] INFO  o.a.catalina.core.StandardService - Starting service [Tomcat]
2025-04-01 08:44:33.248 [restartedMain] INFO  o.a.catalina.core.StandardEngine - Starting Servlet engine: [Apache Tomcat/10.1.34]
2025-04-01 08:44:33.264 [restartedMain] INFO  o.a.c.c.C.[Tomcat-1].[localhost].[/] - Initializing Spring embedded WebApplicationContext
2025-04-01 08:44:33.264 [restartedMain] INFO  o.s.b.w.s.c.ServletWebServerApplicationContext - Root WebApplicationContext: initialization completed in 215 ms
2025-04-01 08:44:33.299 [restartedMain] INFO  o.h.jpa.internal.util.LogHelper - HHH000204: Processing PersistenceUnitInfo [name: default]
2025-04-01 08:44:33.301 [restartedMain] INFO  o.h.c.i.RegionFactoryInitiator - HHH000026: Second-level cache disabled
2025-04-01 08:44:33.306 [restartedMain] INFO  o.s.o.j.p.SpringPersistenceUnitInfo - No LoadTimeWeaver setup: ignoring JPA class transformer
2025-04-01 08:44:33.306 [restartedMain] INFO  com.zaxxer.hikari.HikariDataSource - HikariPool-5 - Starting...
2025-04-01 08:44:33.310 [restartedMain] INFO  com.zaxxer.hikari.pool.HikariPool - HikariPool-5 - Added connection com.mysql.cj.jdbc.ConnectionImpl@7732b5a9
2025-04-01 08:44:33.310 [restartedMain] INFO  com.zaxxer.hikari.HikariDataSource - HikariPool-5 - Start completed.
2025-04-01 08:44:33.310 [restartedMain] WARN  org.hibernate.orm.deprecation - HHH90000025: MySQL8Dialect does not need to be specified explicitly using 'hibernate.dialect' (remove the property setting and it will be selected by default)
2025-04-01 08:44:33.311 [restartedMain] WARN  org.hibernate.orm.deprecation - HHH90000026: MySQL8Dialect has been deprecated; use org.hibernate.dialect.MySQLDialect instead
2025-04-01 08:44:33.311 [restartedMain] INFO  o.hibernate.orm.connections.pooling - HHH10001005: Database info:
	Database JDBC URL [Connecting through datasource 'HikariDataSource (HikariPool-5)']
	Database driver: undefined/unknown
	Database version: 8.0
	Autocommit mode: undefined/unknown
	Isolation level: undefined/unknown
	Minimum pool size: undefined/unknown
	Maximum pool size: undefined/unknown
2025-04-01 08:44:33.361 [restartedMain] INFO  o.h.e.t.j.p.i.JtaPlatformInitiator - HHH000489: No JTA platform available (set 'hibernate.transaction.jta.platform' to enable JTA platform integration)
2025-04-01 08:44:33.380 [restartedMain] INFO  o.s.o.j.LocalContainerEntityManagerFactoryBean - Initialized JPA EntityManagerFactory for persistence unit 'default'
2025-04-01 08:44:33.593 [restartedMain] WARN  o.s.b.a.o.j.JpaBaseConfiguration$JpaWebConfiguration - spring.jpa.open-in-view is enabled by default. Therefore, database queries may be performed during view rendering. Explicitly configure spring.jpa.open-in-view to disable this warning
2025-04-01 08:44:33.807 [restartedMain] INFO  o.s.b.d.a.OptionalLiveReloadServer - LiveReload server is running on port 35729
2025-04-01 08:44:33.815 [restartedMain] INFO  o.a.coyote.http11.Http11NioProtocol - Starting ProtocolHandler ["http-nio-8080"]
2025-04-01 08:44:33.817 [restartedMain] INFO  o.s.b.w.e.tomcat.TomcatWebServer - Tomcat started on port 8080 (http) with context path '/'
2025-04-01 08:44:33.820 [restartedMain] INFO  c.c.carsharing.CarsharingApplication - Started CarsharingApplication in 0.79 seconds (process running for 282.496)
2025-04-01 08:44:33.820 [restartedMain] INFO  o.s.b.d.a.ConditionEvaluationDeltaLoggingListener - Condition evaluation unchanged
2025-04-01 08:44:45.450 [File Watcher] INFO  o.s.b.d.a.LocalDevToolsAutoConfiguration$RestartingClassPathChangeChangedEventListener - Restarting due to 1 class path change (0 additions, 1 deletion, 0 modifications)
2025-04-01 08:44:45.452 [Thread-18] INFO  o.s.b.w.e.tomcat.GracefulShutdown - Commencing graceful shutdown. Waiting for active requests to complete
2025-04-01 08:44:45.452 [tomcat-shutdown] INFO  o.a.coyote.http11.Http11NioProtocol - Pausing ProtocolHandler ["http-nio-8080"]
2025-04-01 08:44:45.468 [tomcat-shutdown] INFO  o.s.b.w.e.tomcat.GracefulShutdown - Graceful shutdown complete
2025-04-01 08:44:45.468 [Thread-18] INFO  o.a.coyote.http11.Http11NioProtocol - Stopping ProtocolHandler ["http-nio-8080"]
2025-04-01 08:44:45.470 [Thread-18] INFO  o.s.o.j.LocalContainerEntityManagerFactoryBean - Closing JPA EntityManagerFactory for persistence unit 'default'
2025-04-01 08:44:45.470 [Thread-18] INFO  com.zaxxer.hikari.HikariDataSource - HikariPool-5 - Shutdown initiated...
2025-04-01 08:44:45.473 [Thread-18] INFO  com.zaxxer.hikari.HikariDataSource - HikariPool-5 - Shutdown completed.
2025-04-01 08:44:45.540 [restartedMain] INFO  c.c.carsharing.CarsharingApplication - Starting CarsharingApplication using Java 23.0.2 with PID 10040 (C:\PNAYAVU_sem2\Carsharing\target\classes started by topmo in C:\PNAYAVU_sem2\Carsharing)
2025-04-01 08:44:45.540 [restartedMain] INFO  c.c.carsharing.CarsharingApplication - No active profile set, falling back to 1 default profile: "default"
2025-04-01 08:44:45.677 [restartedMain] INFO  o.s.d.r.c.RepositoryConfigurationDelegate - Bootstrapping Spring Data JPA repositories in DEFAULT mode.
2025-04-01 08:44:45.686 [restartedMain] INFO  o.s.d.r.c.RepositoryConfigurationDelegate - Finished Spring Data repository scanning in 8 ms. Found 3 JPA repository interfaces.
2025-04-01 08:44:45.809 [restartedMain] INFO  o.s.b.w.e.tomcat.TomcatWebServer - Tomcat initialized with port 8080 (http)
2025-04-01 08:44:45.810 [restartedMain] INFO  o.a.coyote.http11.Http11NioProtocol - Initializing ProtocolHandler ["http-nio-8080"]
2025-04-01 08:44:45.810 [restartedMain] INFO  o.a.catalina.core.StandardService - Starting service [Tomcat]
2025-04-01 08:44:45.810 [restartedMain] INFO  o.a.catalina.core.StandardEngine - Starting Servlet engine: [Apache Tomcat/10.1.34]
2025-04-01 08:44:45.826 [restartedMain] INFO  o.a.c.c.C.[Tomcat-1].[localhost].[/] - Initializing Spring embedded WebApplicationContext
2025-04-01 08:44:45.826 [restartedMain] INFO  o.s.b.w.s.c.ServletWebServerApplicationContext - Root WebApplicationContext: initialization completed in 285 ms
2025-04-01 08:44:45.875 [restartedMain] INFO  o.h.jpa.internal.util.LogHelper - HHH000204: Processing PersistenceUnitInfo [name: default]
2025-04-01 08:44:45.876 [restartedMain] INFO  o.h.c.i.RegionFactoryInitiator - HHH000026: Second-level cache disabled
2025-04-01 08:44:45.882 [restartedMain] INFO  o.s.o.j.p.SpringPersistenceUnitInfo - No LoadTimeWeaver setup: ignoring JPA class transformer
2025-04-01 08:44:45.883 [restartedMain] INFO  com.zaxxer.hikari.HikariDataSource - HikariPool-6 - Starting...
2025-04-01 08:44:45.886 [restartedMain] INFO  com.zaxxer.hikari.pool.HikariPool - HikariPool-6 - Added connection com.mysql.cj.jdbc.ConnectionImpl@4672a857
2025-04-01 08:44:45.887 [restartedMain] INFO  com.zaxxer.hikari.HikariDataSource - HikariPool-6 - Start completed.
2025-04-01 08:44:45.887 [restartedMain] WARN  org.hibernate.orm.deprecation - HHH90000025: MySQL8Dialect does not need to be specified explicitly using 'hibernate.dialect' (remove the property setting and it will be selected by default)
2025-04-01 08:44:45.887 [restartedMain] WARN  org.hibernate.orm.deprecation - HHH90000026: MySQL8Dialect has been deprecated; use org.hibernate.dialect.MySQLDialect instead
2025-04-01 08:44:45.887 [restartedMain] INFO  o.hibernate.orm.connections.pooling - HHH10001005: Database info:
	Database JDBC URL [Connecting through datasource 'HikariDataSource (HikariPool-6)']
	Database driver: undefined/unknown
	Database version: 8.0
	Autocommit mode: undefined/unknown
	Isolation level: undefined/unknown
	Minimum pool size: undefined/unknown
	Maximum pool size: undefined/unknown
2025-04-01 08:44:45.955 [restartedMain] INFO  o.h.e.t.j.p.i.JtaPlatformInitiator - HHH000489: No JTA platform available (set 'hibernate.transaction.jta.platform' to enable JTA platform integration)
2025-04-01 08:44:45.980 [restartedMain] INFO  o.s.o.j.LocalContainerEntityManagerFactoryBean - Initialized JPA EntityManagerFactory for persistence unit 'default'
2025-04-01 08:44:46.433 [restartedMain] WARN  o.s.b.a.o.j.JpaBaseConfiguration$JpaWebConfiguration - spring.jpa.open-in-view is enabled by default. Therefore, database queries may be performed during view rendering. Explicitly configure spring.jpa.open-in-view to disable this warning
2025-04-01 08:44:46.662 [restartedMain] INFO  o.s.b.d.a.OptionalLiveReloadServer - LiveReload server is running on port 35729
2025-04-01 08:44:46.670 [restartedMain] INFO  o.a.coyote.http11.Http11NioProtocol - Starting ProtocolHandler ["http-nio-8080"]
2025-04-01 08:44:46.676 [restartedMain] INFO  o.s.b.w.e.tomcat.TomcatWebServer - Tomcat started on port 8080 (http) with context path '/'
2025-04-01 08:44:46.678 [restartedMain] INFO  c.c.carsharing.CarsharingApplication - Started CarsharingApplication in 1.162 seconds (process running for 295.354)
2025-04-01 08:44:46.679 [restartedMain] INFO  o.s.b.d.a.ConditionEvaluationDeltaLoggingListener - Condition evaluation unchanged
2025-04-01 08:45:07.970 [SpringApplicationShutdownHook] INFO  o.s.b.w.e.tomcat.GracefulShutdown - Commencing graceful shutdown. Waiting for active requests to complete
2025-04-01 08:45:07.983 [tomcat-shutdown] INFO  o.s.b.w.e.tomcat.GracefulShutdown - Graceful shutdown complete
2025-04-01 08:45:07.986 [SpringApplicationShutdownHook] INFO  o.s.o.j.LocalContainerEntityManagerFactoryBean - Closing JPA EntityManagerFactory for persistence unit 'default'
2025-04-01 08:45:07.986 [SpringApplicationShutdownHook] INFO  com.zaxxer.hikari.HikariDataSource - HikariPool-6 - Shutdown initiated...
2025-04-01 08:45:07.988 [SpringApplicationShutdownHook] INFO  com.zaxxer.hikari.HikariDataSource - HikariPool-6 - Shutdown completed.
2025-04-01 08:45:10.415 [background-preinit] INFO  o.h.validator.internal.util.Version - HV000001: Hibernate Validator 8.0.2.Final
2025-04-01 08:45:10.457 [restartedMain] INFO  c.c.carsharing.CarsharingApplication - Starting CarsharingApplication using Java 23.0.2 with PID 3244 (C:\PNAYAVU_sem2\Carsharing\target\classes started by topmo in C:\PNAYAVU_sem2\Carsharing)
2025-04-01 08:45:10.458 [restartedMain] INFO  c.c.carsharing.CarsharingApplication - No active profile set, falling back to 1 default profile: "default"
2025-04-01 08:45:10.503 [restartedMain] INFO  o.s.b.d.e.DevToolsPropertyDefaultsPostProcessor - Devtools property defaults active! Set 'spring.devtools.add-properties' to 'false' to disable
2025-04-01 08:45:10.503 [restartedMain] INFO  o.s.b.d.e.DevToolsPropertyDefaultsPostProcessor - For additional web related logging consider setting the 'logging.level.web' property to 'DEBUG'
2025-04-01 08:45:11.086 [restartedMain] INFO  o.s.d.r.c.RepositoryConfigurationDelegate - Bootstrapping Spring Data JPA repositories in DEFAULT mode.
2025-04-01 08:45:11.128 [restartedMain] INFO  o.s.d.r.c.RepositoryConfigurationDelegate - Finished Spring Data repository scanning in 37 ms. Found 3 JPA repository interfaces.
2025-04-01 08:45:11.645 [restartedMain] INFO  o.s.b.w.e.tomcat.TomcatWebServer - Tomcat initialized with port 8080 (http)
2025-04-01 08:45:11.655 [restartedMain] INFO  o.a.coyote.http11.Http11NioProtocol - Initializing ProtocolHandler ["http-nio-8080"]
2025-04-01 08:45:11.657 [restartedMain] INFO  o.a.catalina.core.StandardService - Starting service [Tomcat]
2025-04-01 08:45:11.657 [restartedMain] INFO  o.a.catalina.core.StandardEngine - Starting Servlet engine: [Apache Tomcat/10.1.34]
2025-04-01 08:45:11.692 [restartedMain] INFO  o.a.c.c.C.[Tomcat].[localhost].[/] - Initializing Spring embedded WebApplicationContext
2025-04-01 08:45:11.692 [restartedMain] INFO  o.s.b.w.s.c.ServletWebServerApplicationContext - Root WebApplicationContext: initialization completed in 1188 ms
2025-04-01 08:45:11.818 [restartedMain] INFO  o.h.jpa.internal.util.LogHelper - HHH000204: Processing PersistenceUnitInfo [name: default]
2025-04-01 08:45:11.859 [restartedMain] INFO  org.hibernate.Version - HHH000412: Hibernate ORM core version 6.6.5.Final
2025-04-01 08:45:11.883 [restartedMain] INFO  o.h.c.i.RegionFactoryInitiator - HHH000026: Second-level cache disabled
2025-04-01 08:45:12.069 [restartedMain] INFO  o.s.o.j.p.SpringPersistenceUnitInfo - No LoadTimeWeaver setup: ignoring JPA class transformer
2025-04-01 08:45:12.091 [restartedMain] INFO  com.zaxxer.hikari.HikariDataSource - HikariPool-1 - Starting...
2025-04-01 08:45:12.198 [restartedMain] INFO  com.zaxxer.hikari.pool.HikariPool - HikariPool-1 - Added connection com.mysql.cj.jdbc.ConnectionImpl@1349432f
2025-04-01 08:45:12.201 [restartedMain] INFO  com.zaxxer.hikari.HikariDataSource - HikariPool-1 - Start completed.
2025-04-01 08:45:12.229 [restartedMain] WARN  org.hibernate.orm.deprecation - HHH90000025: MySQL8Dialect does not need to be specified explicitly using 'hibernate.dialect' (remove the property setting and it will be selected by default)
2025-04-01 08:45:12.229 [restartedMain] WARN  org.hibernate.orm.deprecation - HHH90000026: MySQL8Dialect has been deprecated; use org.hibernate.dialect.MySQLDialect instead
2025-04-01 08:45:12.241 [restartedMain] INFO  o.hibernate.orm.connections.pooling - HHH10001005: Database info:
	Database JDBC URL [Connecting through datasource 'HikariDataSource (HikariPool-1)']
	Database driver: undefined/unknown
	Database version: 8.0
	Autocommit mode: undefined/unknown
	Isolation level: undefined/unknown
	Minimum pool size: undefined/unknown
	Maximum pool size: undefined/unknown
2025-04-01 08:45:12.962 [restartedMain] INFO  o.h.e.t.j.p.i.JtaPlatformInitiator - HHH000489: No JTA platform available (set 'hibernate.transaction.jta.platform' to enable JTA platform integration)
2025-04-01 08:45:13.026 [restartedMain] INFO  o.s.o.j.LocalContainerEntityManagerFactoryBean - Initialized JPA EntityManagerFactory for persistence unit 'default'
2025-04-01 08:45:13.310 [restartedMain] INFO  o.s.d.j.r.query.QueryEnhancerFactory - Hibernate is in classpath; If applicable, HQL parser will be used.
2025-04-01 08:45:14.355 [restartedMain] WARN  o.s.b.a.o.j.JpaBaseConfiguration$JpaWebConfiguration - spring.jpa.open-in-view is enabled by default. Therefore, database queries may be performed during view rendering. Explicitly configure spring.jpa.open-in-view to disable this warning
2025-04-01 08:45:14.842 [restartedMain] INFO  o.s.b.d.a.OptionalLiveReloadServer - LiveReload server is running on port 35729
2025-04-01 08:45:14.860 [restartedMain] INFO  o.a.coyote.http11.Http11NioProtocol - Starting ProtocolHandler ["http-nio-8080"]
2025-04-01 08:45:14.880 [restartedMain] INFO  o.s.b.w.e.tomcat.TomcatWebServer - Tomcat started on port 8080 (http) with context path '/'
2025-04-01 08:45:14.890 [restartedMain] INFO  c.c.carsharing.CarsharingApplication - Started CarsharingApplication in 4.862 seconds (process running for 5.459)
2025-04-01 08:45:24.230 [http-nio-8080-exec-2] INFO  o.a.c.c.C.[Tomcat].[localhost].[/] - Initializing Spring DispatcherServlet 'dispatcherServlet'
2025-04-01 08:45:24.231 [http-nio-8080-exec-2] INFO  o.s.web.servlet.DispatcherServlet - Initializing Servlet 'dispatcherServlet'
2025-04-01 08:45:24.231 [http-nio-8080-exec-2] INFO  o.s.web.servlet.DispatcherServlet - Completed initialization in 0 ms
2025-04-01 08:45:24.382 [http-nio-8080-exec-2] ERROR c.c.c.e.GlobalExceptionHandler - Unexpected error: java.lang.ClassCastException: class com.carsharing.carsharing.model.Owner cannot be cast to class com.carsharing.carsharing.model.Renter (com.carsharing.carsharing.model.Owner and com.carsharing.carsharing.model.Renter are in unnamed module of loader org.springframework.boot.devtools.restart.classloader.RestartClassLoader @7b3d620d)
	at com.carsharing.carsharing.service.BookingService.createBooking(BookingService.java:55)

2025-04-01 08:45:24.405 [http-nio-8080-exec-2] WARN  o.s.w.s.m.m.a.ExceptionHandlerExceptionResolver - Resolved [java.lang.ClassCastException: class com.carsharing.carsharing.model.Owner cannot be cast to class com.carsharing.carsharing.model.Renter (com.carsharing.carsharing.model.Owner and com.carsharing.carsharing.model.Renter are in unnamed module of loader org.springframework.boot.devtools.restart.classloader.RestartClassLoader @7b3d620d)]
2025-04-01 08:45:31.761 [http-nio-8080-exec-4] INFO  c.c.carsharing.cache.LRUCache - Cache add: Added item with key 16 to cache 
2025-04-01 08:45:44.094 [http-nio-8080-exec-5] ERROR c.c.c.e.GlobalExceptionHandler - Unexpected error: org.springframework.dao.InvalidDataAccessApiUsageException: Дата окончания должна быть после даты начала
	at org.springframework.orm.jpa.EntityManagerFactoryUtils.convertJpaAccessExceptionIfPossible(EntityManagerFactoryUtils.java:371)
Caused by: java.lang.IllegalArgumentException: Дата окончания должна быть после даты начала
	at com.carsharing.carsharing.model.Booking.parseAndValidateDates(Booking.java:74)

2025-04-01 08:45:44.095 [http-nio-8080-exec-5] WARN  o.s.w.s.m.m.a.ExceptionHandlerExceptionResolver - Resolved [org.springframework.dao.InvalidDataAccessApiUsageException: Дата окончания должна быть после даты начала]
2025-04-01 08:46:01.768 [http-nio-8080-exec-7] ERROR c.c.c.e.GlobalExceptionHandler - Unexpected error: org.springframework.dao.InvalidDataAccessApiUsageException: Дата начала не может быть в прошлом
	at org.springframework.orm.jpa.EntityManagerFactoryUtils.convertJpaAccessExceptionIfPossible(EntityManagerFactoryUtils.java:371)
Caused by: java.lang.IllegalArgumentException: Дата начала не может быть в прошлом
	at com.carsharing.carsharing.model.Booking.parseAndValidateDates(Booking.java:70)

2025-04-01 08:46:01.769 [http-nio-8080-exec-7] WARN  o.s.w.s.m.m.a.ExceptionHandlerExceptionResolver - Resolved [org.springframework.dao.InvalidDataAccessApiUsageException: Дата начала не может быть в прошлом]
2025-04-01 08:49:35.620 [File Watcher] INFO  o.s.b.d.a.LocalDevToolsAutoConfiguration$RestartingClassPathChangeChangedEventListener - Restarting due to 1 class path change (0 additions, 1 deletion, 0 modifications)
2025-04-01 08:49:35.623 [Thread-5] INFO  o.s.b.w.e.tomcat.GracefulShutdown - Commencing graceful shutdown. Waiting for active requests to complete
2025-04-01 08:49:35.624 [tomcat-shutdown] INFO  o.a.coyote.http11.Http11NioProtocol - Pausing ProtocolHandler ["http-nio-8080"]
2025-04-01 08:49:35.636 [tomcat-shutdown] INFO  o.s.b.w.e.tomcat.GracefulShutdown - Graceful shutdown complete
2025-04-01 08:49:35.637 [Thread-5] INFO  o.a.coyote.http11.Http11NioProtocol - Stopping ProtocolHandler ["http-nio-8080"]
2025-04-01 08:49:35.641 [Thread-5] INFO  o.s.o.j.LocalContainerEntityManagerFactoryBean - Closing JPA EntityManagerFactory for persistence unit 'default'
2025-04-01 08:49:35.644 [Thread-5] INFO  com.zaxxer.hikari.HikariDataSource - HikariPool-1 - Shutdown initiated...
2025-04-01 08:49:35.650 [Thread-5] INFO  com.zaxxer.hikari.HikariDataSource - HikariPool-1 - Shutdown completed.
2025-04-01 08:49:35.759 [restartedMain] INFO  c.c.carsharing.CarsharingApplication - Starting CarsharingApplication using Java 23.0.2 with PID 3244 (C:\PNAYAVU_sem2\Carsharing\target\classes started by topmo in C:\PNAYAVU_sem2\Carsharing)
2025-04-01 08:49:35.760 [restartedMain] INFO  c.c.carsharing.CarsharingApplication - No active profile set, falling back to 1 default profile: "default"
2025-04-01 08:49:36.022 [restartedMain] INFO  o.s.d.r.c.RepositoryConfigurationDelegate - Bootstrapping Spring Data JPA repositories in DEFAULT mode.
2025-04-01 08:49:36.037 [restartedMain] INFO  o.s.d.r.c.RepositoryConfigurationDelegate - Finished Spring Data repository scanning in 13 ms. Found 3 JPA repository interfaces.
2025-04-01 08:49:36.206 [restartedMain] INFO  o.s.b.w.e.tomcat.TomcatWebServer - Tomcat initialized with port 8080 (http)
2025-04-01 08:49:36.207 [restartedMain] INFO  o.a.coyote.http11.Http11NioProtocol - Initializing ProtocolHandler ["http-nio-8080"]
2025-04-01 08:49:36.207 [restartedMain] INFO  o.a.catalina.core.StandardService - Starting service [Tomcat]
2025-04-01 08:49:36.207 [restartedMain] INFO  o.a.catalina.core.StandardEngine - Starting Servlet engine: [Apache Tomcat/10.1.34]
2025-04-01 08:49:36.220 [restartedMain] INFO  o.a.c.c.C.[Tomcat].[localhost].[/] - Initializing Spring embedded WebApplicationContext
2025-04-01 08:49:36.221 [restartedMain] INFO  o.s.b.w.s.c.ServletWebServerApplicationContext - Root WebApplicationContext: initialization completed in 459 ms
2025-04-01 08:49:36.293 [restartedMain] INFO  o.h.jpa.internal.util.LogHelper - HHH000204: Processing PersistenceUnitInfo [name: default]
2025-04-01 08:49:36.295 [restartedMain] INFO  o.h.c.i.RegionFactoryInitiator - HHH000026: Second-level cache disabled
2025-04-01 08:49:36.307 [restartedMain] INFO  o.s.o.j.p.SpringPersistenceUnitInfo - No LoadTimeWeaver setup: ignoring JPA class transformer
2025-04-01 08:49:36.308 [restartedMain] INFO  com.zaxxer.hikari.HikariDataSource - HikariPool-2 - Starting...
2025-04-01 08:49:36.313 [restartedMain] INFO  com.zaxxer.hikari.pool.HikariPool - HikariPool-2 - Added connection com.mysql.cj.jdbc.ConnectionImpl@6fc32060
2025-04-01 08:49:36.313 [restartedMain] INFO  com.zaxxer.hikari.HikariDataSource - HikariPool-2 - Start completed.
2025-04-01 08:49:36.314 [restartedMain] WARN  org.hibernate.orm.deprecation - HHH90000025: MySQL8Dialect does not need to be specified explicitly using 'hibernate.dialect' (remove the property setting and it will be selected by default)
2025-04-01 08:49:36.314 [restartedMain] WARN  org.hibernate.orm.deprecation - HHH90000026: MySQL8Dialect has been deprecated; use org.hibernate.dialect.MySQLDialect instead
2025-04-01 08:49:36.314 [restartedMain] INFO  o.hibernate.orm.connections.pooling - HHH10001005: Database info:
	Database JDBC URL [Connecting through datasource 'HikariDataSource (HikariPool-2)']
	Database driver: undefined/unknown
	Database version: 8.0
	Autocommit mode: undefined/unknown
	Isolation level: undefined/unknown
	Minimum pool size: undefined/unknown
	Maximum pool size: undefined/unknown
2025-04-01 08:49:36.559 [restartedMain] INFO  o.h.e.t.j.p.i.JtaPlatformInitiator - HHH000489: No JTA platform available (set 'hibernate.transaction.jta.platform' to enable JTA platform integration)
2025-04-01 08:49:36.603 [restartedMain] INFO  o.s.o.j.LocalContainerEntityManagerFactoryBean - Initialized JPA EntityManagerFactory for persistence unit 'default'
2025-04-01 08:49:37.016 [restartedMain] WARN  o.s.b.a.o.j.JpaBaseConfiguration$JpaWebConfiguration - spring.jpa.open-in-view is enabled by default. Therefore, database queries may be performed during view rendering. Explicitly configure spring.jpa.open-in-view to disable this warning
2025-04-01 08:49:37.357 [restartedMain] INFO  o.s.b.d.a.OptionalLiveReloadServer - LiveReload server is running on port 35729
2025-04-01 08:49:37.369 [restartedMain] INFO  o.a.coyote.http11.Http11NioProtocol - Starting ProtocolHandler ["http-nio-8080"]
2025-04-01 08:49:37.371 [restartedMain] INFO  o.s.b.w.e.tomcat.TomcatWebServer - Tomcat started on port 8080 (http) with context path '/'
2025-04-01 08:49:37.376 [restartedMain] INFO  c.c.carsharing.CarsharingApplication - Started CarsharingApplication in 1.664 seconds (process running for 267.944)
2025-04-01 08:49:37.380 [restartedMain] INFO  o.s.b.d.a.ConditionEvaluationDeltaLoggingListener - Condition evaluation unchanged
2025-04-01 08:49:48.664 [SpringApplicationShutdownHook] INFO  o.s.b.w.e.tomcat.GracefulShutdown - Commencing graceful shutdown. Waiting for active requests to complete
2025-04-01 08:49:48.677 [tomcat-shutdown] INFO  o.s.b.w.e.tomcat.GracefulShutdown - Graceful shutdown complete
2025-04-01 08:49:48.679 [SpringApplicationShutdownHook] INFO  o.s.o.j.LocalContainerEntityManagerFactoryBean - Closing JPA EntityManagerFactory for persistence unit 'default'
2025-04-01 08:49:48.680 [SpringApplicationShutdownHook] INFO  com.zaxxer.hikari.HikariDataSource - HikariPool-2 - Shutdown initiated...
2025-04-01 08:49:48.681 [SpringApplicationShutdownHook] INFO  com.zaxxer.hikari.HikariDataSource - HikariPool-2 - Shutdown completed.
2025-04-01 08:51:33.792 [background-preinit] INFO  o.h.validator.internal.util.Version - HV000001: Hibernate Validator 8.0.2.Final
2025-04-01 08:51:33.830 [restartedMain] INFO  c.c.carsharing.CarsharingApplication - Starting CarsharingApplication using Java 23.0.2 with PID 20548 (C:\PNAYAVU_sem2\Carsharing\target\classes started by topmo in C:\PNAYAVU_sem2\Carsharing)
2025-04-01 08:51:33.831 [restartedMain] INFO  c.c.carsharing.CarsharingApplication - No active profile set, falling back to 1 default profile: "default"
2025-04-01 08:51:33.883 [restartedMain] INFO  o.s.b.d.e.DevToolsPropertyDefaultsPostProcessor - Devtools property defaults active! Set 'spring.devtools.add-properties' to 'false' to disable
2025-04-01 08:51:33.883 [restartedMain] INFO  o.s.b.d.e.DevToolsPropertyDefaultsPostProcessor - For additional web related logging consider setting the 'logging.level.web' property to 'DEBUG'
2025-04-01 08:51:34.544 [restartedMain] INFO  o.s.d.r.c.RepositoryConfigurationDelegate - Bootstrapping Spring Data JPA repositories in DEFAULT mode.
2025-04-01 08:51:34.586 [restartedMain] INFO  o.s.d.r.c.RepositoryConfigurationDelegate - Finished Spring Data repository scanning in 35 ms. Found 3 JPA repository interfaces.
2025-04-01 08:51:35.259 [restartedMain] INFO  o.s.b.w.e.tomcat.TomcatWebServer - Tomcat initialized with port 8080 (http)
2025-04-01 08:51:35.269 [restartedMain] INFO  o.a.coyote.http11.Http11NioProtocol - Initializing ProtocolHandler ["http-nio-8080"]
2025-04-01 08:51:35.270 [restartedMain] INFO  o.a.catalina.core.StandardService - Starting service [Tomcat]
2025-04-01 08:51:35.270 [restartedMain] INFO  o.a.catalina.core.StandardEngine - Starting Servlet engine: [Apache Tomcat/10.1.34]
2025-04-01 08:51:35.317 [restartedMain] INFO  o.a.c.c.C.[Tomcat].[localhost].[/] - Initializing Spring embedded WebApplicationContext
2025-04-01 08:51:35.317 [restartedMain] INFO  o.s.b.w.s.c.ServletWebServerApplicationContext - Root WebApplicationContext: initialization completed in 1433 ms
2025-04-01 08:51:35.474 [restartedMain] INFO  o.h.jpa.internal.util.LogHelper - HHH000204: Processing PersistenceUnitInfo [name: default]
2025-04-01 08:51:35.519 [restartedMain] INFO  org.hibernate.Version - HHH000412: Hibernate ORM core version 6.6.5.Final
2025-04-01 08:51:35.549 [restartedMain] INFO  o.h.c.i.RegionFactoryInitiator - HHH000026: Second-level cache disabled
2025-04-01 08:51:35.758 [restartedMain] INFO  o.s.o.j.p.SpringPersistenceUnitInfo - No LoadTimeWeaver setup: ignoring JPA class transformer
2025-04-01 08:51:35.784 [restartedMain] INFO  com.zaxxer.hikari.HikariDataSource - HikariPool-1 - Starting...
2025-04-01 08:51:35.902 [restartedMain] INFO  com.zaxxer.hikari.pool.HikariPool - HikariPool-1 - Added connection com.mysql.cj.jdbc.ConnectionImpl@44dd2e78
2025-04-01 08:51:35.903 [restartedMain] INFO  com.zaxxer.hikari.HikariDataSource - HikariPool-1 - Start completed.
2025-04-01 08:51:35.937 [restartedMain] WARN  org.hibernate.orm.deprecation - HHH90000025: MySQL8Dialect does not need to be specified explicitly using 'hibernate.dialect' (remove the property setting and it will be selected by default)
2025-04-01 08:51:35.939 [restartedMain] WARN  org.hibernate.orm.deprecation - HHH90000026: MySQL8Dialect has been deprecated; use org.hibernate.dialect.MySQLDialect instead
2025-04-01 08:51:35.954 [restartedMain] INFO  o.hibernate.orm.connections.pooling - HHH10001005: Database info:
	Database JDBC URL [Connecting through datasource 'HikariDataSource (HikariPool-1)']
	Database driver: undefined/unknown
	Database version: 8.0
	Autocommit mode: undefined/unknown
	Isolation level: undefined/unknown
	Minimum pool size: undefined/unknown
	Maximum pool size: undefined/unknown
2025-04-01 08:51:36.741 [restartedMain] INFO  o.h.e.t.j.p.i.JtaPlatformInitiator - HHH000489: No JTA platform available (set 'hibernate.transaction.jta.platform' to enable JTA platform integration)
2025-04-01 08:51:36.801 [restartedMain] INFO  o.s.o.j.LocalContainerEntityManagerFactoryBean - Initialized JPA EntityManagerFactory for persistence unit 'default'
2025-04-01 08:51:37.087 [restartedMain] INFO  o.s.d.j.r.query.QueryEnhancerFactory - Hibernate is in classpath; If applicable, HQL parser will be used.
2025-04-01 08:51:38.119 [restartedMain] WARN  o.s.b.a.o.j.JpaBaseConfiguration$JpaWebConfiguration - spring.jpa.open-in-view is enabled by default. Therefore, database queries may be performed during view rendering. Explicitly configure spring.jpa.open-in-view to disable this warning
2025-04-01 08:51:38.570 [restartedMain] INFO  o.s.b.d.a.OptionalLiveReloadServer - LiveReload server is running on port 35729
2025-04-01 08:51:38.589 [restartedMain] INFO  o.a.coyote.http11.Http11NioProtocol - Starting ProtocolHandler ["http-nio-8080"]
2025-04-01 08:51:38.601 [restartedMain] INFO  o.s.b.w.e.tomcat.TomcatWebServer - Tomcat started on port 8080 (http) with context path '/'
2025-04-01 08:51:38.608 [restartedMain] INFO  c.c.carsharing.CarsharingApplication - Started CarsharingApplication in 5.195 seconds (process running for 5.753)
2025-04-01 08:51:39.701 [http-nio-8080-exec-2] INFO  o.a.c.c.C.[Tomcat].[localhost].[/] - Initializing Spring DispatcherServlet 'dispatcherServlet'
2025-04-01 08:51:39.701 [http-nio-8080-exec-2] INFO  o.s.web.servlet.DispatcherServlet - Initializing Servlet 'dispatcherServlet'
2025-04-01 08:51:39.702 [http-nio-8080-exec-2] INFO  o.s.web.servlet.DispatcherServlet - Completed initialization in 1 ms
2025-04-01 08:51:39.896 [http-nio-8080-exec-2] ERROR c.c.c.e.GlobalExceptionHandler - Unhandled exceptionorg.springframework.dao.InvalidDataAccessApiUsageException: Дата начала не может быть в прошлом
	at org.springframework.orm.jpa.EntityManagerFactoryUtils.convertJpaAccessExceptionIfPossible(EntityManagerFactoryUtils.java:371)
Caused by: java.lang.IllegalArgumentException: Дата начала не может быть в прошлом
	at com.carsharing.carsharing.model.Booking.parseAndValidateDates(Booking.java:70)

2025-04-01 08:51:39.925 [http-nio-8080-exec-2] WARN  o.s.w.s.m.m.a.ExceptionHandlerExceptionResolver - Resolved [org.springframework.dao.InvalidDataAccessApiUsageException: Дата начала не может быть в прошлом]
2025-04-01 08:51:54.557 [http-nio-8080-exec-4] ERROR c.c.c.e.GlobalExceptionHandler - Unhandled exceptionorg.springframework.dao.InvalidDataAccessApiUsageException: Дата окончания должна быть после даты начала
	at org.springframework.orm.jpa.EntityManagerFactoryUtils.convertJpaAccessExceptionIfPossible(EntityManagerFactoryUtils.java:371)
Caused by: java.lang.IllegalArgumentException: Дата окончания должна быть после даты начала
	at com.carsharing.carsharing.model.Booking.parseAndValidateDates(Booking.java:74)

2025-04-01 08:51:54.559 [http-nio-8080-exec-4] WARN  o.s.w.s.m.m.a.ExceptionHandlerExceptionResolver - Resolved [org.springframework.dao.InvalidDataAccessApiUsageException: Дата окончания должна быть после даты начала]
2025-04-01 08:52:04.321 [SpringApplicationShutdownHook] INFO  o.s.b.w.e.tomcat.GracefulShutdown - Commencing graceful shutdown. Waiting for active requests to complete
2025-04-01 08:52:04.336 [tomcat-shutdown] INFO  o.s.b.w.e.tomcat.GracefulShutdown - Graceful shutdown complete
2025-04-01 08:52:04.339 [SpringApplicationShutdownHook] INFO  o.s.o.j.LocalContainerEntityManagerFactoryBean - Closing JPA EntityManagerFactory for persistence unit 'default'
2025-04-01 08:52:04.342 [SpringApplicationShutdownHook] INFO  com.zaxxer.hikari.HikariDataSource - HikariPool-1 - Shutdown initiated...
2025-04-01 08:52:04.350 [SpringApplicationShutdownHook] INFO  com.zaxxer.hikari.HikariDataSource - HikariPool-1 - Shutdown completed.
2025-04-01 08:52:07.876 [background-preinit] INFO  o.h.validator.internal.util.Version - HV000001: Hibernate Validator 8.0.2.Final
2025-04-01 08:52:07.916 [restartedMain] INFO  c.c.carsharing.CarsharingApplication - Starting CarsharingApplication using Java 23.0.2 with PID 10296 (C:\PNAYAVU_sem2\Carsharing\target\classes started by topmo in C:\PNAYAVU_sem2\Carsharing)
2025-04-01 08:52:07.916 [restartedMain] INFO  c.c.carsharing.CarsharingApplication - No active profile set, falling back to 1 default profile: "default"
2025-04-01 08:52:07.963 [restartedMain] INFO  o.s.b.d.e.DevToolsPropertyDefaultsPostProcessor - Devtools property defaults active! Set 'spring.devtools.add-properties' to 'false' to disable
2025-04-01 08:52:07.963 [restartedMain] INFO  o.s.b.d.e.DevToolsPropertyDefaultsPostProcessor - For additional web related logging consider setting the 'logging.level.web' property to 'DEBUG'
2025-04-01 08:52:08.564 [restartedMain] INFO  o.s.d.r.c.RepositoryConfigurationDelegate - Bootstrapping Spring Data JPA repositories in DEFAULT mode.
2025-04-01 08:52:08.604 [restartedMain] INFO  o.s.d.r.c.RepositoryConfigurationDelegate - Finished Spring Data repository scanning in 33 ms. Found 3 JPA repository interfaces.
2025-04-01 08:52:09.135 [restartedMain] INFO  o.s.b.w.e.tomcat.TomcatWebServer - Tomcat initialized with port 8080 (http)
2025-04-01 08:52:09.145 [restartedMain] INFO  o.a.coyote.http11.Http11NioProtocol - Initializing ProtocolHandler ["http-nio-8080"]
2025-04-01 08:52:09.147 [restartedMain] INFO  o.a.catalina.core.StandardService - Starting service [Tomcat]
2025-04-01 08:52:09.148 [restartedMain] INFO  o.a.catalina.core.StandardEngine - Starting Servlet engine: [Apache Tomcat/10.1.34]
2025-04-01 08:52:09.183 [restartedMain] INFO  o.a.c.c.C.[Tomcat].[localhost].[/] - Initializing Spring embedded WebApplicationContext
2025-04-01 08:52:09.183 [restartedMain] INFO  o.s.b.w.s.c.ServletWebServerApplicationContext - Root WebApplicationContext: initialization completed in 1219 ms
2025-04-01 08:52:09.311 [restartedMain] INFO  o.h.jpa.internal.util.LogHelper - HHH000204: Processing PersistenceUnitInfo [name: default]
2025-04-01 08:52:09.352 [restartedMain] INFO  org.hibernate.Version - HHH000412: Hibernate ORM core version 6.6.5.Final
2025-04-01 08:52:09.376 [restartedMain] INFO  o.h.c.i.RegionFactoryInitiator - HHH000026: Second-level cache disabled
2025-04-01 08:52:09.559 [restartedMain] INFO  o.s.o.j.p.SpringPersistenceUnitInfo - No LoadTimeWeaver setup: ignoring JPA class transformer
2025-04-01 08:52:09.580 [restartedMain] INFO  com.zaxxer.hikari.HikariDataSource - HikariPool-1 - Starting...
2025-04-01 08:52:09.688 [restartedMain] INFO  com.zaxxer.hikari.pool.HikariPool - HikariPool-1 - Added connection com.mysql.cj.jdbc.ConnectionImpl@e8e30a9
2025-04-01 08:52:09.689 [restartedMain] INFO  com.zaxxer.hikari.HikariDataSource - HikariPool-1 - Start completed.
2025-04-01 08:52:09.718 [restartedMain] WARN  org.hibernate.orm.deprecation - HHH90000025: MySQL8Dialect does not need to be specified explicitly using 'hibernate.dialect' (remove the property setting and it will be selected by default)
2025-04-01 08:52:09.719 [restartedMain] WARN  org.hibernate.orm.deprecation - HHH90000026: MySQL8Dialect has been deprecated; use org.hibernate.dialect.MySQLDialect instead
2025-04-01 08:52:09.732 [restartedMain] INFO  o.hibernate.orm.connections.pooling - HHH10001005: Database info:
	Database JDBC URL [Connecting through datasource 'HikariDataSource (HikariPool-1)']
	Database driver: undefined/unknown
	Database version: 8.0
	Autocommit mode: undefined/unknown
	Isolation level: undefined/unknown
	Minimum pool size: undefined/unknown
	Maximum pool size: undefined/unknown
2025-04-01 08:52:10.513 [restartedMain] INFO  o.h.e.t.j.p.i.JtaPlatformInitiator - HHH000489: No JTA platform available (set 'hibernate.transaction.jta.platform' to enable JTA platform integration)
2025-04-01 08:52:10.572 [restartedMain] INFO  o.s.o.j.LocalContainerEntityManagerFactoryBean - Initialized JPA EntityManagerFactory for persistence unit 'default'
2025-04-01 08:52:10.857 [restartedMain] INFO  o.s.d.j.r.query.QueryEnhancerFactory - Hibernate is in classpath; If applicable, HQL parser will be used.
2025-04-01 08:52:11.915 [restartedMain] WARN  o.s.b.a.o.j.JpaBaseConfiguration$JpaWebConfiguration - spring.jpa.open-in-view is enabled by default. Therefore, database queries may be performed during view rendering. Explicitly configure spring.jpa.open-in-view to disable this warning
2025-04-01 08:52:12.486 [restartedMain] INFO  o.s.b.d.a.OptionalLiveReloadServer - LiveReload server is running on port 35729
2025-04-01 08:52:12.507 [restartedMain] INFO  o.a.coyote.http11.Http11NioProtocol - Starting ProtocolHandler ["http-nio-8080"]
2025-04-01 08:52:12.520 [restartedMain] INFO  o.s.b.w.e.tomcat.TomcatWebServer - Tomcat started on port 8080 (http) with context path '/'
2025-04-01 08:52:12.527 [restartedMain] INFO  c.c.carsharing.CarsharingApplication - Started CarsharingApplication in 5.008 seconds (process running for 5.565)
2025-04-01 08:52:14.076 [http-nio-8080-exec-2] INFO  o.a.c.c.C.[Tomcat].[localhost].[/] - Initializing Spring DispatcherServlet 'dispatcherServlet'
2025-04-01 08:52:14.076 [http-nio-8080-exec-2] INFO  o.s.web.servlet.DispatcherServlet - Initializing Servlet 'dispatcherServlet'
2025-04-01 08:52:14.077 [http-nio-8080-exec-2] INFO  o.s.web.servlet.DispatcherServlet - Completed initialization in 1 ms
2025-04-01 08:52:14.305 [http-nio-8080-exec-2] WARN  o.s.w.s.m.m.a.ExceptionHandlerExceptionResolver - Resolved [org.springframework.dao.InvalidDataAccessApiUsageException: Дата окончания должна быть после даты начала]
2025-04-01 08:52:26.099 [http-nio-8080-exec-4] WARN  o.s.w.s.m.m.a.ExceptionHandlerExceptionResolver - Resolved [org.springframework.web.bind.MethodArgumentNotValidException: Validation failed for argument [2] in public com.carsharing.carsharing.model.Booking com.carsharing.carsharing.controller.BookingController.createBooking(java.lang.Long,java.util.List<java.lang.Long>,com.carsharing.carsharing.model.Booking): [Field error in object 'booking' on field 'startDateString': rejected value [1.04.2025]; codes [ValidDateFormat.booking.startDateString,ValidDateFormat.startDateString,ValidDateFormat.java.lang.String,ValidDateFormat]; arguments [org.springframework.context.support.DefaultMessageSourceResolvable: codes [booking.startDateString,startDateString]; arguments []; default message [startDateString]]; default message [Неверный формат даты. Используйте dd.MM.yyyy]] ]
2025-04-01 08:52:39.773 [http-nio-8080-exec-6] WARN  o.s.w.s.m.m.a.ExceptionHandlerExceptionResolver - Resolved [org.springframework.dao.InvalidDataAccessApiUsageException: Дата начала не может быть в прошлом]
2025-04-01 08:52:48.208 [http-nio-8080-exec-8] WARN  o.s.w.s.m.m.a.ExceptionHandlerExceptionResolver - Resolved [java.lang.IllegalArgumentException: Машина с ID 8 уже забронирована на указанные даты]
2025-04-01 08:53:05.125 [http-nio-8080-exec-10] INFO  c.c.carsharing.cache.LRUCache - Cache add: Added item with key 18 to cache 
2025-04-01 08:53:20.396 [http-nio-8080-exec-1] WARN  o.s.w.s.m.m.a.ExceptionHandlerExceptionResolver - Resolved [com.carsharing.carsharing.exception.NotFound: One or more cars not found with provided IDs]
2025-04-01 08:53:32.763 [http-nio-8080-exec-2] WARN  o.s.w.s.m.m.a.ExceptionHandlerExceptionResolver - Resolved [com.carsharing.carsharing.exception.NotFound: Renter not found with ID: 89]
2025-04-01 08:53:41.741 [http-nio-8080-exec-3] WARN  o.s.w.s.m.m.a.ExceptionHandlerExceptionResolver - Resolved [com.carsharing.carsharing.exception.NotFound: One or more cars not found with provided IDs]
2025-04-01 08:54:10.194 [SpringApplicationShutdownHook] INFO  o.s.b.w.e.tomcat.GracefulShutdown - Commencing graceful shutdown. Waiting for active requests to complete
2025-04-01 08:54:10.207 [tomcat-shutdown] INFO  o.s.b.w.e.tomcat.GracefulShutdown - Graceful shutdown complete
2025-04-01 08:54:10.211 [SpringApplicationShutdownHook] INFO  o.s.o.j.LocalContainerEntityManagerFactoryBean - Closing JPA EntityManagerFactory for persistence unit 'default'
2025-04-01 08:54:10.213 [SpringApplicationShutdownHook] INFO  com.zaxxer.hikari.HikariDataSource - HikariPool-1 - Shutdown initiated...
2025-04-01 08:54:10.218 [SpringApplicationShutdownHook] INFO  com.zaxxer.hikari.HikariDataSource - HikariPool-1 - Shutdown completed.
2025-04-01 10:52:45.118 [background-preinit] INFO  o.h.validator.internal.util.Version - HV000001: Hibernate Validator 8.0.2.Final
2025-04-01 10:52:45.172 [restartedMain] INFO  c.c.carsharing.CarsharingApplication - Starting CarsharingApplication using Java 23.0.2 with PID 21396 (C:\PNAYAVU_sem2\Carsharing\target\classes started by topmo in C:\PNAYAVU_sem2\Carsharing)
2025-04-01 10:52:45.173 [restartedMain] INFO  c.c.carsharing.CarsharingApplication - No active profile set, falling back to 1 default profile: "default"
2025-04-01 10:52:45.225 [restartedMain] INFO  o.s.b.d.e.DevToolsPropertyDefaultsPostProcessor - Devtools property defaults active! Set 'spring.devtools.add-properties' to 'false' to disable
2025-04-01 10:52:45.225 [restartedMain] INFO  o.s.b.d.e.DevToolsPropertyDefaultsPostProcessor - For additional web related logging consider setting the 'logging.level.web' property to 'DEBUG'
2025-04-01 10:52:46.048 [restartedMain] INFO  o.s.d.r.c.RepositoryConfigurationDelegate - Bootstrapping Spring Data JPA repositories in DEFAULT mode.
2025-04-01 10:52:46.096 [restartedMain] INFO  o.s.d.r.c.RepositoryConfigurationDelegate - Finished Spring Data repository scanning in 42 ms. Found 3 JPA repository interfaces.
2025-04-01 10:52:46.790 [restartedMain] INFO  o.s.b.w.e.tomcat.TomcatWebServer - Tomcat initialized with port 8080 (http)
2025-04-01 10:52:46.807 [restartedMain] INFO  o.a.coyote.http11.Http11NioProtocol - Initializing ProtocolHandler ["http-nio-8080"]
2025-04-01 10:52:46.810 [restartedMain] INFO  o.a.catalina.core.StandardService - Starting service [Tomcat]
2025-04-01 10:52:46.811 [restartedMain] INFO  o.a.catalina.core.StandardEngine - Starting Servlet engine: [Apache Tomcat/10.1.34]
2025-04-01 10:52:46.868 [restartedMain] INFO  o.a.c.c.C.[Tomcat].[localhost].[/] - Initializing Spring embedded WebApplicationContext
2025-04-01 10:52:46.868 [restartedMain] INFO  o.s.b.w.s.c.ServletWebServerApplicationContext - Root WebApplicationContext: initialization completed in 1642 ms
2025-04-01 10:52:47.154 [restartedMain] INFO  o.h.jpa.internal.util.LogHelper - HHH000204: Processing PersistenceUnitInfo [name: default]
2025-04-01 10:52:47.229 [restartedMain] INFO  org.hibernate.Version - HHH000412: Hibernate ORM core version 6.6.5.Final
2025-04-01 10:52:47.268 [restartedMain] INFO  o.h.c.i.RegionFactoryInitiator - HHH000026: Second-level cache disabled
2025-04-01 10:52:47.590 [restartedMain] INFO  o.s.o.j.p.SpringPersistenceUnitInfo - No LoadTimeWeaver setup: ignoring JPA class transformer
2025-04-01 10:52:47.632 [restartedMain] INFO  com.zaxxer.hikari.HikariDataSource - HikariPool-1 - Starting...
2025-04-01 10:52:47.777 [restartedMain] INFO  com.zaxxer.hikari.pool.HikariPool - HikariPool-1 - Added connection com.mysql.cj.jdbc.ConnectionImpl@53c2a336
2025-04-01 10:52:47.779 [restartedMain] INFO  com.zaxxer.hikari.HikariDataSource - HikariPool-1 - Start completed.
2025-04-01 10:52:47.846 [restartedMain] WARN  org.hibernate.orm.deprecation - HHH90000025: MySQL8Dialect does not need to be specified explicitly using 'hibernate.dialect' (remove the property setting and it will be selected by default)
2025-04-01 10:52:47.847 [restartedMain] WARN  org.hibernate.orm.deprecation - HHH90000026: MySQL8Dialect has been deprecated; use org.hibernate.dialect.MySQLDialect instead
2025-04-01 10:52:47.867 [restartedMain] INFO  o.hibernate.orm.connections.pooling - HHH10001005: Database info:
	Database JDBC URL [Connecting through datasource 'HikariDataSource (HikariPool-1)']
	Database driver: undefined/unknown
	Database version: 8.0
	Autocommit mode: undefined/unknown
	Isolation level: undefined/unknown
	Minimum pool size: undefined/unknown
	Maximum pool size: undefined/unknown
2025-04-01 10:52:48.724 [restartedMain] INFO  o.h.e.t.j.p.i.JtaPlatformInitiator - HHH000489: No JTA platform available (set 'hibernate.transaction.jta.platform' to enable JTA platform integration)
2025-04-01 10:52:48.790 [restartedMain] INFO  o.s.o.j.LocalContainerEntityManagerFactoryBean - Initialized JPA EntityManagerFactory for persistence unit 'default'
2025-04-01 10:52:49.119 [restartedMain] INFO  o.s.d.j.r.query.QueryEnhancerFactory - Hibernate is in classpath; If applicable, HQL parser will be used.
2025-04-01 10:52:50.294 [restartedMain] WARN  o.s.b.a.o.j.JpaBaseConfiguration$JpaWebConfiguration - spring.jpa.open-in-view is enabled by default. Therefore, database queries may be performed during view rendering. Explicitly configure spring.jpa.open-in-view to disable this warning
2025-04-01 10:52:50.815 [restartedMain] INFO  o.s.b.d.a.OptionalLiveReloadServer - LiveReload server is running on port 35729
2025-04-01 10:52:50.833 [restartedMain] INFO  o.a.coyote.http11.Http11NioProtocol - Starting ProtocolHandler ["http-nio-8080"]
2025-04-01 10:52:50.848 [restartedMain] INFO  o.s.b.w.e.tomcat.TomcatWebServer - Tomcat started on port 8080 (http) with context path '/'
2025-04-01 10:52:50.855 [restartedMain] INFO  c.c.carsharing.CarsharingApplication - Started CarsharingApplication in 6.244 seconds (process running for 7.1)
2025-04-01 10:52:51.053 [http-nio-8080-exec-1] INFO  o.a.c.c.C.[Tomcat].[localhost].[/] - Initializing Spring DispatcherServlet 'dispatcherServlet'
2025-04-01 10:52:51.054 [http-nio-8080-exec-1] INFO  o.s.web.servlet.DispatcherServlet - Initializing Servlet 'dispatcherServlet'
2025-04-01 10:52:51.056 [http-nio-8080-exec-1] INFO  o.s.web.servlet.DispatcherServlet - Completed initialization in 2 ms
2025-04-01 10:52:51.098 [http-nio-8080-exec-1] WARN  o.s.w.s.m.s.DefaultHandlerExceptionResolver - Resolved [org.springframework.web.bind.MissingServletRequestParameterException: Required request parameter 'date' for method parameter type String is not present]
2025-04-01 10:53:05.136 [http-nio-8080-exec-3] WARN  o.s.w.s.m.s.DefaultHandlerExceptionResolver - Resolved [org.springframework.web.bind.MissingServletRequestParameterException: Required request parameter 'date' for method parameter type String is not present]
2025-04-01 10:56:47.201 [http-nio-8080-exec-6] WARN  o.s.w.s.m.s.DefaultHandlerExceptionResolver - Resolved [org.springframework.web.bind.MissingServletRequestParameterException: Required request parameter 'date' for method parameter type String is not present]
2025-04-01 11:03:41.288 [http-nio-8080-exec-8] ERROR o.a.c.c.C.[.[.[.[dispatcherServlet] - Servlet.service() for servlet [dispatcherServlet] in context with path [] threw exception [Request processing failed: com.carsharing.carsharing.exception.InvalidRequest: Incorrect date format. Use dd.MM.yyyy.] with root causecom.carsharing.carsharing.exception.InvalidRequest: Incorrect date format. Use dd.MM.yyyy.
	at com.carsharing.carsharing.service.LogService.parseDate(LogService.java:67)

2025-04-01 11:11:05.068 [http-nio-8080-exec-5] INFO  o.s.api.AbstractOpenApiResource - Init duration for springdoc-openapi is: 324 ms
2025-04-01 11:13:44.337 [http-nio-8080-exec-2] ERROR o.a.c.c.C.[.[.[.[dispatcherServlet] - Servlet.service() for servlet [dispatcherServlet] in context with path [] threw exception [Request processing failed: com.carsharing.carsharing.exception.InvalidRequest: Incorrect date format. Use dd.MM.yyyy.] with root causecom.carsharing.carsharing.exception.InvalidRequest: Incorrect date format. Use dd.MM.yyyy.
	at com.carsharing.carsharing.service.LogService.parseDate(LogService.java:67)

2025-04-01 11:18:16.188 [http-nio-8080-exec-5] INFO  c.c.carsharing.cache.LRUCache - Cache miss: Item with key 11 not found in cache
2025-04-01 11:18:16.189 [http-nio-8080-exec-5] INFO  c.c.carsharing.cache.LRUCache - Cache miss: Fetching item with key 11 from database
2025-04-01 11:18:16.208 [http-nio-8080-exec-5] WARN  o.s.w.s.m.m.a.ExceptionHandlerExceptionResolver - Resolved [com.carsharing.carsharing.exception.NotFound: Booking not found with ID: 11]
2025-04-01 11:18:33.452 [http-nio-8080-exec-6] INFO  c.c.carsharing.cache.LRUCache - Cache miss: Item with key 16 not found in cache
2025-04-01 11:18:33.452 [http-nio-8080-exec-6] INFO  c.c.carsharing.cache.LRUCache - Cache miss: Fetching item with key 16 from database
2025-04-01 11:18:33.456 [http-nio-8080-exec-6] INFO  c.c.carsharing.cache.LRUCache - Cache add: Added item with key 16 to cache 
2025-04-01 11:19:34.808 [http-nio-8080-exec-10] WARN  o.s.w.s.m.m.a.ExceptionHandlerExceptionResolver - Resolved [org.springframework.web.bind.MethodArgumentNotValidException: Validation failed for argument [2] in public com.carsharing.carsharing.model.Booking com.carsharing.carsharing.controller.BookingController.createBooking(java.lang.Long,java.util.List<java.lang.Long>,com.carsharing.carsharing.model.Booking) with 2 errors: [Field error in object 'booking' on field 'endDateString': rejected value [null]; codes [NotBlank.booking.endDateString,NotBlank.endDateString,NotBlank.java.lang.String,NotBlank]; arguments [org.springframework.context.support.DefaultMessageSourceResolvable: codes [booking.endDateString,endDateString]; arguments []; default message [endDateString]]; default message [Дата окончания обязательна]] [Field error in object 'booking' on field 'startDateString': rejected value [null]; codes [NotBlank.booking.startDateString,NotBlank.startDateString,NotBlank.java.lang.String,NotBlank]; arguments [org.springframework.context.support.DefaultMessageSourceResolvable: codes [booking.startDateString,startDateString]; arguments []; default message [startDateString]]; default message [Дата начала обязательна]] ]
2025-04-01 11:19:52.756 [http-nio-8080-exec-9] WARN  o.s.w.s.m.m.a.ExceptionHandlerExceptionResolver - Resolved [org.springframework.web.bind.MethodArgumentNotValidException: Validation failed for argument [2] in public com.carsharing.carsharing.model.Booking com.carsharing.carsharing.controller.BookingController.createBooking(java.lang.Long,java.util.List<java.lang.Long>,com.carsharing.carsharing.model.Booking) with 2 errors: [Field error in object 'booking' on field 'startDateString': rejected value [null]; codes [NotBlank.booking.startDateString,NotBlank.startDateString,NotBlank.java.lang.String,NotBlank]; arguments [org.springframework.context.support.DefaultMessageSourceResolvable: codes [booking.startDateString,startDateString]; arguments []; default message [startDateString]]; default message [Дата начала обязательна]] [Field error in object 'booking' on field 'endDateString': rejected value [null]; codes [NotBlank.booking.endDateString,NotBlank.endDateString,NotBlank.java.lang.String,NotBlank]; arguments [org.springframework.context.support.DefaultMessageSourceResolvable: codes [booking.endDateString,endDateString]; arguments []; default message [endDateString]]; default message [Дата окончания обязательна]] ]
2025-04-01 11:23:12.343 [http-nio-8080-exec-8] WARN  o.s.w.s.m.m.a.ExceptionHandlerExceptionResolver - Resolved [org.springframework.web.bind.MethodArgumentNotValidException: Validation failed for argument [2] in public com.carsharing.carsharing.model.Booking com.carsharing.carsharing.controller.BookingController.createBooking(java.lang.Long,java.util.List<java.lang.Long>,com.carsharing.carsharing.model.Booking) with 2 errors: [Field error in object 'booking' on field 'startDateString': rejected value [string]; codes [ValidDateFormat.booking.startDateString,ValidDateFormat.startDateString,ValidDateFormat.java.lang.String,ValidDateFormat]; arguments [org.springframework.context.support.DefaultMessageSourceResolvable: codes [booking.startDateString,startDateString]; arguments []; default message [startDateString]]; default message [Неверный формат даты. Используйте dd.MM.yyyy]] [Field error in object 'booking' on field 'endDateString': rejected value [string]; codes [ValidDateFormat.booking.endDateString,ValidDateFormat.endDateString,ValidDateFormat.java.lang.String,ValidDateFormat]; arguments [org.springframework.context.support.DefaultMessageSourceResolvable: codes [booking.endDateString,endDateString]; arguments []; default message [endDateString]]; default message [Неверный формат даты. Используйте dd.MM.yyyy]] ]
2025-04-01 11:23:14.796 [http-nio-8080-exec-1] WARN  o.s.w.s.m.m.a.ExceptionHandlerExceptionResolver - Resolved [org.springframework.web.bind.MethodArgumentNotValidException: Validation failed for argument [2] in public com.carsharing.carsharing.model.Booking com.carsharing.carsharing.controller.BookingController.createBooking(java.lang.Long,java.util.List<java.lang.Long>,com.carsharing.carsharing.model.Booking) with 2 errors: [Field error in object 'booking' on field 'startDateString': rejected value [string]; codes [ValidDateFormat.booking.startDateString,ValidDateFormat.startDateString,ValidDateFormat.java.lang.String,ValidDateFormat]; arguments [org.springframework.context.support.DefaultMessageSourceResolvable: codes [booking.startDateString,startDateString]; arguments []; default message [startDateString]]; default message [Неверный формат даты. Используйте dd.MM.yyyy]] [Field error in object 'booking' on field 'endDateString': rejected value [string]; codes [ValidDateFormat.booking.endDateString,ValidDateFormat.endDateString,ValidDateFormat.java.lang.String,ValidDateFormat]; arguments [org.springframework.context.support.DefaultMessageSourceResolvable: codes [booking.endDateString,endDateString]; arguments []; default message [endDateString]]; default message [Неверный формат даты. Используйте dd.MM.yyyy]] ]
2025-04-01 11:23:50.348 [http-nio-8080-exec-3] WARN  o.s.w.s.m.m.a.ExceptionHandlerExceptionResolver - Resolved [org.springframework.web.bind.MethodArgumentNotValidException: Validation failed for argument [2] in public com.carsharing.carsharing.model.Booking com.carsharing.carsharing.controller.BookingController.createBooking(java.lang.Long,java.util.List<java.lang.Long>,com.carsharing.carsharing.model.Booking): [Field error in object 'booking' on field 'endDateString': rejected value [null]; codes [NotBlank.booking.endDateString,NotBlank.endDateString,NotBlank.java.lang.String,NotBlank]; arguments [org.springframework.context.support.DefaultMessageSourceResolvable: codes [booking.endDateString,endDateString]; arguments []; default message [endDateString]]; default message [Дата окончания обязательна]] ]
2025-04-01 11:23:58.365 [http-nio-8080-exec-7] WARN  o.s.w.s.m.m.a.ExceptionHandlerExceptionResolver - Resolved [org.springframework.web.bind.MethodArgumentNotValidException: Validation failed for argument [2] in public com.carsharing.carsharing.model.Booking com.carsharing.carsharing.controller.BookingController.createBooking(java.lang.Long,java.util.List<java.lang.Long>,com.carsharing.carsharing.model.Booking) with 2 errors: [Field error in object 'booking' on field 'startDateString': rejected value [null]; codes [NotBlank.booking.startDateString,NotBlank.startDateString,NotBlank.java.lang.String,NotBlank]; arguments [org.springframework.context.support.DefaultMessageSourceResolvable: codes [booking.startDateString,startDateString]; arguments []; default message [startDateString]]; default message [Дата начала обязательна]] [Field error in object 'booking' on field 'endDateString': rejected value [null]; codes [NotBlank.booking.endDateString,NotBlank.endDateString,NotBlank.java.lang.String,NotBlank]; arguments [org.springframework.context.support.DefaultMessageSourceResolvable: codes [booking.endDateString,endDateString]; arguments []; default message [endDateString]]; default message [Дата окончания обязательна]] ]
2025-04-01 11:24:19.751 [http-nio-8080-exec-10] WARN  o.s.w.s.m.m.a.ExceptionHandlerExceptionResolver - Resolved [org.springframework.web.bind.MethodArgumentNotValidException: Validation failed for argument [2] in public com.carsharing.carsharing.model.Booking com.carsharing.carsharing.controller.BookingController.createBooking(java.lang.Long,java.util.List<java.lang.Long>,com.carsharing.carsharing.model.Booking) with 2 errors: [Field error in object 'booking' on field 'endDateString': rejected value [null]; codes [NotBlank.booking.endDateString,NotBlank.endDateString,NotBlank.java.lang.String,NotBlank]; arguments [org.springframework.context.support.DefaultMessageSourceResolvable: codes [booking.endDateString,endDateString]; arguments []; default message [endDateString]]; default message [Дата окончания обязательна]] [Field error in object 'booking' on field 'startDateString': rejected value [null]; codes [NotBlank.booking.startDateString,NotBlank.startDateString,NotBlank.java.lang.String,NotBlank]; arguments [org.springframework.context.support.DefaultMessageSourceResolvable: codes [booking.startDateString,startDateString]; arguments []; default message [startDateString]]; default message [Дата начала обязательна]] ]
2025-04-01 11:25:22.841 [http-nio-8080-exec-2] WARN  o.s.w.s.m.m.a.ExceptionHandlerExceptionResolver - Resolved [org.springframework.web.bind.MethodArgumentNotValidException: Validation failed for argument [2] in public com.carsharing.carsharing.model.Booking com.carsharing.carsharing.controller.BookingController.createBooking(java.lang.Long,java.util.List<java.lang.Long>,com.carsharing.carsharing.model.Booking) with 2 errors: [Field error in object 'booking' on field 'startDateString': rejected value [null]; codes [NotBlank.booking.startDateString,NotBlank.startDateString,NotBlank.java.lang.String,NotBlank]; arguments [org.springframework.context.support.DefaultMessageSourceResolvable: codes [booking.startDateString,startDateString]; arguments []; default message [startDateString]]; default message [Дата начала обязательна]] [Field error in object 'booking' on field 'endDateString': rejected value [null]; codes [NotBlank.booking.endDateString,NotBlank.endDateString,NotBlank.java.lang.String,NotBlank]; arguments [org.springframework.context.support.DefaultMessageSourceResolvable: codes [booking.endDateString,endDateString]; arguments []; default message [endDateString]]; default message [Дата окончания обязательна]] ]
2025-04-01 11:26:19.703 [http-nio-8080-exec-1] WARN  o.s.w.s.m.m.a.ExceptionHandlerExceptionResolver - Resolved [org.springframework.web.bind.MethodArgumentNotValidException: Validation failed for argument [2] in public com.carsharing.carsharing.model.Booking com.carsharing.carsharing.controller.BookingController.createBooking(java.lang.Long,java.util.List<java.lang.Long>,com.carsharing.carsharing.model.Booking) with 2 errors: [Field error in object 'booking' on field 'startDateString': rejected value [null]; codes [NotBlank.booking.startDateString,NotBlank.startDateString,NotBlank.java.lang.String,NotBlank]; arguments [org.springframework.context.support.DefaultMessageSourceResolvable: codes [booking.startDateString,startDateString]; arguments []; default message [startDateString]]; default message [Дата начала обязательна]] [Field error in object 'booking' on field 'endDateString': rejected value [null]; codes [NotBlank.booking.endDateString,NotBlank.endDateString,NotBlank.java.lang.String,NotBlank]; arguments [org.springframework.context.support.DefaultMessageSourceResolvable: codes [booking.endDateString,endDateString]; arguments []; default message [endDateString]]; default message [Дата окончания обязательна]] ]
2025-04-01 11:26:39.304 [SpringApplicationShutdownHook] INFO  o.s.b.w.e.tomcat.GracefulShutdown - Commencing graceful shutdown. Waiting for active requests to complete
2025-04-01 11:26:39.319 [tomcat-shutdown] INFO  o.s.b.w.e.tomcat.GracefulShutdown - Graceful shutdown complete
2025-04-01 11:26:39.323 [SpringApplicationShutdownHook] INFO  o.s.o.j.LocalContainerEntityManagerFactoryBean - Closing JPA EntityManagerFactory for persistence unit 'default'
2025-04-01 11:26:39.326 [SpringApplicationShutdownHook] INFO  com.zaxxer.hikari.HikariDataSource - HikariPool-1 - Shutdown initiated...
2025-04-01 11:26:39.328 [SpringApplicationShutdownHook] INFO  com.zaxxer.hikari.HikariDataSource - HikariPool-1 - Shutdown completed.
2025-04-01 11:26:41.568 [background-preinit] INFO  o.h.validator.internal.util.Version - HV000001: Hibernate Validator 8.0.2.Final
2025-04-01 11:26:41.610 [restartedMain] INFO  c.c.carsharing.CarsharingApplication - Starting CarsharingApplication using Java 23.0.2 with PID 5644 (C:\PNAYAVU_sem2\Carsharing\target\classes started by topmo in C:\PNAYAVU_sem2\Carsharing)
2025-04-01 11:26:41.611 [restartedMain] INFO  c.c.carsharing.CarsharingApplication - No active profile set, falling back to 1 default profile: "default"
2025-04-01 11:26:41.658 [restartedMain] INFO  o.s.b.d.e.DevToolsPropertyDefaultsPostProcessor - Devtools property defaults active! Set 'spring.devtools.add-properties' to 'false' to disable
2025-04-01 11:26:41.658 [restartedMain] INFO  o.s.b.d.e.DevToolsPropertyDefaultsPostProcessor - For additional web related logging consider setting the 'logging.level.web' property to 'DEBUG'
2025-04-01 11:26:42.345 [restartedMain] INFO  o.s.d.r.c.RepositoryConfigurationDelegate - Bootstrapping Spring Data JPA repositories in DEFAULT mode.
2025-04-01 11:26:42.387 [restartedMain] INFO  o.s.d.r.c.RepositoryConfigurationDelegate - Finished Spring Data repository scanning in 36 ms. Found 3 JPA repository interfaces.
2025-04-01 11:26:42.931 [restartedMain] INFO  o.s.b.w.e.tomcat.TomcatWebServer - Tomcat initialized with port 8080 (http)
2025-04-01 11:26:42.941 [restartedMain] INFO  o.a.coyote.http11.Http11NioProtocol - Initializing ProtocolHandler ["http-nio-8080"]
2025-04-01 11:26:42.942 [restartedMain] INFO  o.a.catalina.core.StandardService - Starting service [Tomcat]
2025-04-01 11:26:42.942 [restartedMain] INFO  o.a.catalina.core.StandardEngine - Starting Servlet engine: [Apache Tomcat/10.1.34]
2025-04-01 11:26:42.978 [restartedMain] INFO  o.a.c.c.C.[Tomcat].[localhost].[/] - Initializing Spring embedded WebApplicationContext
2025-04-01 11:26:42.979 [restartedMain] INFO  o.s.b.w.s.c.ServletWebServerApplicationContext - Root WebApplicationContext: initialization completed in 1320 ms
2025-04-01 11:26:43.107 [restartedMain] INFO  o.h.jpa.internal.util.LogHelper - HHH000204: Processing PersistenceUnitInfo [name: default]
2025-04-01 11:26:43.147 [restartedMain] INFO  org.hibernate.Version - HHH000412: Hibernate ORM core version 6.6.5.Final
2025-04-01 11:26:43.175 [restartedMain] INFO  o.h.c.i.RegionFactoryInitiator - HHH000026: Second-level cache disabled
2025-04-01 11:26:43.391 [restartedMain] INFO  o.s.o.j.p.SpringPersistenceUnitInfo - No LoadTimeWeaver setup: ignoring JPA class transformer
2025-04-01 11:26:43.414 [restartedMain] INFO  com.zaxxer.hikari.HikariDataSource - HikariPool-1 - Starting...
2025-04-01 11:26:43.506 [restartedMain] INFO  com.zaxxer.hikari.pool.HikariPool - HikariPool-1 - Added connection com.mysql.cj.jdbc.ConnectionImpl@51266234
2025-04-01 11:26:43.507 [restartedMain] INFO  com.zaxxer.hikari.HikariDataSource - HikariPool-1 - Start completed.
2025-04-01 11:26:43.540 [restartedMain] WARN  org.hibernate.orm.deprecation - HHH90000025: MySQL8Dialect does not need to be specified explicitly using 'hibernate.dialect' (remove the property setting and it will be selected by default)
2025-04-01 11:26:43.541 [restartedMain] WARN  org.hibernate.orm.deprecation - HHH90000026: MySQL8Dialect has been deprecated; use org.hibernate.dialect.MySQLDialect instead
2025-04-01 11:26:43.553 [restartedMain] INFO  o.hibernate.orm.connections.pooling - HHH10001005: Database info:
	Database JDBC URL [Connecting through datasource 'HikariDataSource (HikariPool-1)']
	Database driver: undefined/unknown
	Database version: 8.0
	Autocommit mode: undefined/unknown
	Isolation level: undefined/unknown
	Minimum pool size: undefined/unknown
	Maximum pool size: undefined/unknown
2025-04-01 11:26:44.508 [restartedMain] INFO  o.h.e.t.j.p.i.JtaPlatformInitiator - HHH000489: No JTA platform available (set 'hibernate.transaction.jta.platform' to enable JTA platform integration)
2025-04-01 11:26:44.583 [restartedMain] INFO  o.s.o.j.LocalContainerEntityManagerFactoryBean - Initialized JPA EntityManagerFactory for persistence unit 'default'
2025-04-01 11:26:44.903 [restartedMain] INFO  o.s.d.j.r.query.QueryEnhancerFactory - Hibernate is in classpath; If applicable, HQL parser will be used.
2025-04-01 11:26:45.972 [restartedMain] WARN  o.s.b.a.o.j.JpaBaseConfiguration$JpaWebConfiguration - spring.jpa.open-in-view is enabled by default. Therefore, database queries may be performed during view rendering. Explicitly configure spring.jpa.open-in-view to disable this warning
2025-04-01 11:26:46.468 [restartedMain] INFO  o.s.b.d.a.OptionalLiveReloadServer - LiveReload server is running on port 35729
2025-04-01 11:26:46.485 [restartedMain] INFO  o.a.coyote.http11.Http11NioProtocol - Starting ProtocolHandler ["http-nio-8080"]
2025-04-01 11:26:46.497 [restartedMain] INFO  o.s.b.w.e.tomcat.TomcatWebServer - Tomcat started on port 8080 (http) with context path '/'
2025-04-01 11:26:46.503 [restartedMain] INFO  c.c.carsharing.CarsharingApplication - Started CarsharingApplication in 5.508 seconds (process running for 6.449)
2025-04-01 11:26:48.719 [http-nio-8080-exec-1] INFO  o.a.c.c.C.[Tomcat].[localhost].[/] - Initializing Spring DispatcherServlet 'dispatcherServlet'
2025-04-01 11:26:48.719 [http-nio-8080-exec-1] INFO  o.s.web.servlet.DispatcherServlet - Initializing Servlet 'dispatcherServlet'
2025-04-01 11:26:48.720 [http-nio-8080-exec-1] INFO  o.s.web.servlet.DispatcherServlet - Completed initialization in 1 ms
2025-04-01 11:26:48.838 [http-nio-8080-exec-1] WARN  o.s.w.s.m.m.a.ExceptionHandlerExceptionResolver - Resolved [org.springframework.web.bind.MethodArgumentNotValidException: Validation failed for argument [2] in public com.carsharing.carsharing.model.Booking com.carsharing.carsharing.controller.BookingController.createBooking(java.lang.Long,java.util.List<java.lang.Long>,com.carsharing.carsharing.model.Booking) with 2 errors: [Field error in object 'booking' on field 'startDateString': rejected value [null]; codes [NotBlank.booking.startDateString,NotBlank.startDateString,NotBlank.java.lang.String,NotBlank]; arguments [org.springframework.context.support.DefaultMessageSourceResolvable: codes [booking.startDateString,startDateString]; arguments []; default message [startDateString]]; default message [Дата начала обязательна]] [Field error in object 'booking' on field 'endDateString': rejected value [null]; codes [NotBlank.booking.endDateString,NotBlank.endDateString,NotBlank.java.lang.String,NotBlank]; arguments [org.springframework.context.support.DefaultMessageSourceResolvable: codes [booking.endDateString,endDateString]; arguments []; default message [endDateString]]; default message [Дата окончания обязательна]] ]
2025-04-01 11:27:32.697 [http-nio-8080-exec-5] WARN  o.s.w.s.m.m.a.ExceptionHandlerExceptionResolver - Resolved [java.lang.IllegalArgumentException: Машина с ID 8 уже забронирована на указанные даты]
2025-04-01 11:27:47.746 [http-nio-8080-exec-7] WARN  o.s.w.s.m.m.a.ExceptionHandlerExceptionResolver - Resolved [java.lang.IllegalArgumentException: Машина с ID 8 уже забронирована на указанные даты]
2025-04-01 11:27:52.472 [http-nio-8080-exec-9] WARN  o.s.w.s.m.m.a.ExceptionHandlerExceptionResolver - Resolved [java.lang.IllegalArgumentException: Машина с ID 8 уже забронирована на указанные даты]
2025-04-01 11:27:59.666 [http-nio-8080-exec-3] INFO  c.c.carsharing.cache.LRUCache - Cache add: Added item with key 22 to cache 
2025-04-01 11:30:39.806 [http-nio-8080-exec-10] INFO  c.c.carsharing.cache.LRUCache - Cache add: Added item with key 23 to cache 
2025-04-01 11:54:24.732 [http-nio-8080-exec-9] WARN  o.s.w.s.m.m.a.ExceptionHandlerExceptionResolver - Resolved [org.springframework.web.bind.MethodArgumentNotValidException: Validation failed for argument [2] in public com.carsharing.carsharing.model.Booking com.carsharing.carsharing.controller.BookingController.createBooking(java.lang.Long,java.util.List<java.lang.Long>,com.carsharing.carsharing.model.Booking): [Field error in object 'booking' on field 'startDateString': rejected value [5]; codes [ValidDateFormat.booking.startDateString,ValidDateFormat.startDateString,ValidDateFormat.java.lang.String,ValidDateFormat]; arguments [org.springframework.context.support.DefaultMessageSourceResolvable: codes [booking.startDateString,startDateString]; arguments []; default message [startDateString]]; default message [Неверный формат даты. Используйте dd.MM.yyyy]] ]
2025-04-01 11:54:59.648 [http-nio-8080-exec-6] WARN  o.s.w.s.m.m.a.ExceptionHandlerExceptionResolver - Resolved [java.lang.IllegalArgumentException: Машина с ID 7 уже забронирована на указанные даты]
2025-04-01 11:55:19.101 [http-nio-8080-exec-3] WARN  o.s.w.s.m.m.a.ExceptionHandlerExceptionResolver - Resolved [org.springframework.dao.InvalidDataAccessApiUsageException: Дата начала не может быть в прошлом]
2025-04-01 11:55:56.162 [http-nio-8080-exec-1] WARN  o.s.w.s.m.m.a.ExceptionHandlerExceptionResolver - Resolved [java.lang.IllegalArgumentException: Машина с ID 7 уже забронирована на указанные даты]
2025-04-01 11:56:03.394 [http-nio-8080-exec-2] WARN  o.s.w.s.m.m.a.ExceptionHandlerExceptionResolver - Resolved [java.lang.IllegalArgumentException: Машина с ID 7 уже забронирована на указанные даты]
2025-04-01 11:58:19.362 [SpringApplicationShutdownHook] INFO  o.s.b.w.e.tomcat.GracefulShutdown - Commencing graceful shutdown. Waiting for active requests to complete
2025-04-01 11:58:19.377 [tomcat-shutdown] INFO  o.s.b.w.e.tomcat.GracefulShutdown - Graceful shutdown complete
2025-04-01 11:58:19.382 [SpringApplicationShutdownHook] INFO  o.s.o.j.LocalContainerEntityManagerFactoryBean - Closing JPA EntityManagerFactory for persistence unit 'default'
2025-04-01 11:58:19.385 [SpringApplicationShutdownHook] INFO  com.zaxxer.hikari.HikariDataSource - HikariPool-1 - Shutdown initiated...
2025-04-01 11:58:19.388 [SpringApplicationShutdownHook] INFO  com.zaxxer.hikari.HikariDataSource - HikariPool-1 - Shutdown completed.
